 -99.90 -99.90 20171003 09 20171003 09 0.10E+01   201  3  3 1.00 1.00 -179.0    0.0 360  89 "CORRELATION MAP"
  1
  17.95  59.41
 50.00    15.00   16  0.1671666E-10   0.1296118E-09   0.4999989E-03
 51.00    15.00   16  0.1813696E-04   0.1262666E-06   0.4987616E-03
 52.00    15.00   16  0.1582730E-02   0.1065773E-04   0.4877332E-03
 53.00    15.00   16  0.7500001E+00   0.5323870E+03   0.2500000E-03
 50.00    16.00   16  0.7821650E-06   0.2906469E-07   0.4997443E-03
 51.00    16.00   16  0.3126340E-01   0.7349796E-05   0.4341305E-03
 52.00    16.00   16  0.9948123E+00   0.1848149E-03   0.2333190E-04
 53.00    16.00   16  0.7499999E+00   0.1255118E-02   0.2500000E-03
 54.00    16.00   16  0.7500000E+00   0.2178254E-01   0.2500000E-03
 50.00    17.00   16  0.2704957E-03   0.7519031E-06   0.4951176E-03
 51.00    17.00   16  0.8701909E+00   0.8078710E-04  -0.3211724E-04
 52.00    17.00   16  0.7656616E+00   0.3205964E-04   0.2394475E-03
 53.00    17.00   16  0.7500001E+00   0.4777064E-04   0.2500000E-03
 54.00    17.00   16  0.7500000E+00   0.2077081E-03   0.2500000E-03
 55.00    17.00   16  0.7500000E+00   0.1013040E-01   0.2500000E-03
 56.00    17.00   16  0.7499999E+00   0.1540330E+01   0.2500000E-03
 57.00    17.00   16  0.7499999E+00   0.5759891E-01   0.2500000E-03
 58.00    17.00   16  0.7500001E+00   0.6681783E-02   0.2500000E-03
 59.00    17.00   16  0.7500001E+00   0.6240733E-05   0.2500000E-03
 50.00    18.00   16  0.6648075E-03   0.1275674E-05   0.4922269E-03
 51.00    18.00   16  0.9324549E+00   0.1447624E-03  -0.3867439E-04
 52.00    18.00   16  0.7532842E+00   0.5100912E-04   0.2478058E-03
 53.00    18.00   16  0.7500000E+00   0.3168307E-04   0.2500000E-03
 54.00    18.00   16  0.7500002E+00   0.4200035E-04   0.2500000E-03
 55.00    18.00   16  0.7500001E+00   0.4297327E-03   0.2500000E-03
 56.00    18.00   16  0.7499999E+00   0.1601685E-03   0.2500000E-03
 57.00    18.00   16  0.7500001E+00   0.1827554E-04   0.2500000E-03
 58.00    18.00   16  0.7500001E+00   0.5226401E-05   0.2500000E-03
 59.00    18.00   16  0.7499999E+00   0.6500412E-05   0.2500000E-03
 50.00    19.00   16  0.1957082E-03   0.5760741E-06   0.4958641E-03
 51.00    19.00   16  0.7098682E+00   0.6512015E-04   0.1405849E-04
 52.00    19.00   16  0.7587212E+00   0.4779152E-04   0.2441516E-03
 53.00    19.00   16  0.7500000E+00   0.4287319E-04   0.2500000E-03
 54.00    19.00   16  0.7499999E+00   0.2838765E-04   0.2500000E-03
 55.00    19.00   16  0.7500000E+00   0.1511050E-04   0.2500000E-03
 56.00    19.00   16  0.7500000E+00   0.7239956E-05   0.2500000E-03
 57.00    19.00   16  0.7500000E+00   0.6670462E-05   0.2500000E-03
 58.00    19.00   16  0.7499999E+00   0.1558538E-04   0.2500000E-03
 59.00    19.00   16  0.7500001E+00   0.1070412E-02   0.2500000E-03
 50.00    20.00   16  0.1349215E-04   0.1568415E-06   0.4989330E-03
 51.00    20.00   16  0.4115305E+00   0.2418706E-04   0.1521746E-03
 52.00    20.00   16  0.7672107E+00   0.1344330E-04   0.2383915E-03
 53.00    20.00   16  0.7500000E+00   0.1127523E-04   0.2500000E-03
 54.00    20.00   16  0.7500000E+00   0.7432550E-05   0.2500000E-03
 55.00    20.00   16  0.7500000E+00   0.6926244E-05   0.2500000E-03
 56.00    20.00   16  0.7500000E+00   0.1710445E-04   0.2500000E-03
 57.00    20.00   16  0.7499999E+00   0.1521626E-03   0.2500000E-03
 58.00    20.00   16  0.7499999E+00   0.5025839E-01   0.2500000E-03
 50.00    21.00   16  0.6240584E-06   0.4773599E-07   0.4997717E-03
 51.00    21.00   16  0.1746174E+00   0.1172383E-04   0.3030988E-03
 52.00    21.00   16  0.8128102E+00   0.1471634E-04   0.2061965E-03
 53.00    21.00   16  0.7499999E+00   0.1192323E-04   0.2500000E-03
 54.00    21.00   16  0.7500000E+00   0.1398632E-04   0.2500000E-03
 55.00    21.00   16  0.7500000E+00   0.7482013E-04   0.2500000E-03
 56.00    21.00   16  0.7500001E+00   0.2147164E-01   0.2500000E-03
 50.00    22.00   16  0.1066276E-07   0.1794627E-07   0.4999702E-03
 51.00    22.00   16  0.3077739E-01   0.1052924E-04   0.4347531E-03
 52.00    22.00   16  0.9531257E+00   0.1358887E-03   0.8445440E-04
 53.00    22.00   16  0.7500001E+00   0.1918086E-03   0.2500000E-03
 54.00    22.00   16  0.7500003E+00   0.8083904E-03   0.2500000E-03
 55.00    22.00   16  0.7500000E+00   0.2917267E+00   0.2500000E-03
 51.00    23.00   16  0.9968869E-03   0.4519052E-04   0.4903916E-03
 52.00    23.00   16  0.4511991E+00   0.1362877E-01   0.1307521E-03
 53.00    23.00   16  0.7500000E+00   0.8608600E+00   0.2500000E-03
 50.00    15.00   17  0.2349834E-05   0.4225388E-07   0.4995563E-03
 51.00    15.00   17  0.7758779E-04   0.6114999E-06   0.4974186E-03
 52.00    15.00   17  0.7741168E-04   0.6461576E-04   0.4974215E-03
 49.00    16.00   17  0.2094915E-06   0.2013370E-07   0.4998678E-03
 50.00    16.00   17  0.6053753E-02   0.2857061E-05   0.4745806E-03
 51.00    16.00   17  0.3883258E+00   0.8503539E-04   0.1651457E-03
 52.00    16.00   17  0.8814856E+00   0.4041521E-02   0.1525616E-03
 53.00    16.00   17  0.7500001E+00   0.1647555E+00   0.2500000E-03
 54.00    16.00   17  0.7500000E+00   0.1473302E+02   0.2500000E-03
 49.00    17.00   17  0.2674503E-04   0.2496640E-06   0.4984938E-03
 50.00    17.00   17  0.3794827E+00   0.5632906E-04   0.1701766E-03
 51.00    17.00   17  0.8133992E+00   0.4535697E-04   0.2057656E-03
 52.00    17.00   17  0.7500631E+00   0.1016928E-03   0.2499579E-03
 53.00    17.00   17  0.7500001E+00   0.3479912E-03   0.2500000E-03
 54.00    17.00   17  0.7500000E+00   0.7948227E-02   0.2500000E-03
 57.00    17.00   17  0.7500000E+00   0.2204259E+02   0.2500000E-03
 58.00    17.00   17  0.7499999E+00   0.4223379E+00   0.2500000E-03
 49.00    18.00   17  0.2554820E-04   0.2761291E-06   0.4985281E-03
 50.00    18.00   17  0.1521218E+00   0.3831149E-04   0.3202646E-03
 51.00    18.00   17  0.7774149E+00   0.4779650E-04   0.2313762E-03
 52.00    18.00   17  0.7499999E+00   0.3432086E-04   0.2500000E-03
 53.00    18.00   17  0.7500000E+00   0.5568417E-04   0.2500000E-03
 54.00    18.00   17  0.7500001E+00   0.4346839E-03   0.2500000E-03
 55.00    18.00   17  0.7500000E+00   0.1714754E-02   0.2500000E-03
 56.00    18.00   17  0.7500001E+00   0.5963698E-03   0.2500000E-03
 57.00    18.00   17  0.7500001E+00   0.4580601E-04   0.2500000E-03
 58.00    18.00   17  0.6501113E+00   0.6955964E-05   0.2246417E-03
 49.00    19.00   17  0.2868290E-07   0.1920937E-07   0.4999511E-03
 50.00    19.00   17  0.1402967E-01   0.5327597E-05   0.4590332E-03
 51.00    19.00   17  0.9362722E+00   0.8390062E-04   0.1023778E-03
 52.00    19.00   17  0.7500176E+00   0.5349192E-04   0.2499883E-03
 53.00    19.00   17  0.7500000E+00   0.3666709E-04   0.2500000E-03
 54.00    19.00   17  0.7500000E+00   0.5636445E-04   0.2500000E-03
 55.00    19.00   17  0.7499999E+00   0.3780095E-04   0.2500000E-03
 56.00    19.00   17  0.7500001E+00   0.1184259E-04   0.2500000E-03
 57.00    19.00   17  0.7500001E+00   0.5810814E-05   0.2500000E-03
 58.00    19.00   17  0.7492341E+00   0.9572091E-05   0.2497453E-03
 59.00    19.00   17  0.7386913E+00   0.4842709E-03   0.2463424E-03
 50.00    20.00   17  0.4712685E-02   0.2417300E-05   0.4778732E-03
 51.00    20.00   17  0.9993371E+00   0.4680287E-04   0.7761002E-05
 52.00    20.00   17  0.7503648E+00   0.3047428E-04   0.2497567E-03
 53.00    20.00   17  0.7500001E+00   0.2369925E-04   0.2500000E-03
 54.00    20.00   17  0.7500000E+00   0.1119405E-04   0.2500000E-03
 55.00    20.00   17  0.7500001E+00   0.7568396E-05   0.2500000E-03
 56.00    20.00   17  0.7500000E+00   0.9058900E-05   0.2500000E-03
 57.00    20.00   17  0.7500000E+00   0.2686030E-04   0.2500000E-03
 58.00    20.00   17  0.7500002E+00   0.8106166E-03   0.2500000E-03
 50.00    21.00   17  0.3526817E-02   0.2116095E-05   0.4811233E-03
 51.00    21.00   17  0.9926264E+00   0.2560547E-04   0.2838348E-04
 52.00    21.00   17  0.7517883E+00   0.1001419E-04   0.2488064E-03
 53.00    21.00   17  0.7500002E+00   0.7764930E-05   0.2500000E-03
 54.00    21.00   17  0.7500001E+00   0.8474065E-05   0.2500000E-03
 55.00    21.00   17  0.7499999E+00   0.3139482E-04   0.2500000E-03
 56.00    21.00   17  0.7500000E+00   0.4723544E-03   0.2500000E-03
 57.00    21.00   17  0.7500002E+00   0.1017980E+01   0.2500000E-03
 50.00    22.00   17  0.3225267E-02   0.2810568E-05   0.4820196E-03
 51.00    22.00   17  0.9600718E+00   0.3490552E-04  -0.3655575E-04
 52.00    22.00   17  0.7562488E+00   0.1614182E-04   0.2458166E-03
 53.00    22.00   17  0.7499999E+00   0.2008568E-04   0.2500000E-03
 54.00    22.00   17  0.7500001E+00   0.1138075E-03   0.2500000E-03
 55.00    22.00   17  0.7500000E+00   0.3708913E-01   0.2500000E-03
 50.00    23.00   17  0.1650327E-02   0.9047671E-05   0.4874573E-03
 51.00    23.00   17  0.4905521E+00   0.1605232E-03   0.1104121E-03
 52.00    23.00   17  0.7682986E+00   0.3017827E-03   0.2376484E-03
 53.00    23.00   17  0.7500001E+00   0.1372414E-02   0.2500000E-03
 54.00    23.00   17  0.7500002E+00   0.2256225E+00   0.2500000E-03
 50.00    24.00   17  0.1093658E-04   0.4617889E-04   0.4990399E-03
 51.00    24.00   17  0.9362848E-01   0.6110264E-02   0.3690915E-03
 52.00    24.00   17  0.7514247E+00   0.3111459E+00   0.2490492E-03
 49.00    15.00   18  0.4932820E-08   0.3443853E-08   0.4999798E-03
 50.00    15.00   18  0.3800537E-05   0.7207507E-07   0.4994354E-03
 51.00    15.00   18  0.1634619E-04   0.1496733E-05   0.4988248E-03
 48.00    16.00   18  0.5437802E-08   0.5849851E-08   0.4999787E-03
 49.00    16.00   18  0.3565124E-03   0.6790429E-06   0.4943721E-03
 50.00    16.00   18  0.4450084E-01   0.1395456E-04   0.4182233E-03
 51.00    16.00   18  0.3144608E+00   0.6962362E-03   0.2087375E-03
 52.00    16.00   18  0.7500001E+00   0.1983824E+03   0.2500000E-03
 48.00    17.00   18  0.6171140E-07   0.1192917E-07   0.4999283E-03
 49.00    17.00   18  0.2891225E-01   0.1169715E-04   0.4371735E-03
 50.00    17.00   18  0.9426458E+00   0.6685308E-04   0.9579936E-04
 51.00    17.00   18  0.7597387E+00   0.1475667E-03   0.2434649E-03
 52.00    17.00   18  0.7500001E+00   0.3738148E-02   0.2500000E-03
 53.00    17.00   18  0.7500001E+00   0.1430397E+00   0.2500000E-03
 48.00    18.00   18  0.4107786E-09   0.1299333E-08   0.4999941E-03
 49.00    18.00   18  0.5606561E-02   0.4608079E-05   0.4756423E-03
 50.00    18.00   18  0.8979366E+00   0.6601072E-04   0.1384229E-03
 51.00    18.00   18  0.7506811E+00   0.3899555E-04   0.2495458E-03
 52.00    18.00   18  0.7500001E+00   0.1032038E-03   0.2500000E-03
 53.00    18.00   18  0.7499999E+00   0.1236855E-02   0.2500000E-03
 54.00    18.00   18  0.7500002E+00   0.1591798E+01   0.2500000E-03
 55.00    18.00   18  0.7499999E+00   0.7067797E-01   0.2500000E-03
 56.00    18.00   18  0.7499998E+00   0.4057214E-02   0.2500000E-03
 57.00    18.00   18  0.4024686E+00   0.2164313E-03   0.2168701E-03
 49.00    19.00   18  0.3249957E-04   0.3562304E-06   0.4983381E-03
 50.00    19.00   18  0.2217725E+00   0.3759452E-04   0.2691869E-03
 51.00    19.00   18  0.7645594E+00   0.4835691E-04   0.2401976E-03
 52.00    19.00   18  0.7500001E+00   0.3920579E-04   0.2500000E-03
 53.00    19.00   18  0.7500001E+00   0.1650699E-03   0.2500000E-03
 54.00    19.00   18  0.7500001E+00   0.5697798E-03   0.2500000E-03
 55.00    19.00   18  0.7500002E+00   0.3888186E-03   0.2500000E-03
 56.00    19.00   18  0.7500001E+00   0.4139866E-04   0.2500000E-03
 57.00    19.00   18  0.7077727E+00   0.7795194E-05   0.2374291E-03
 58.00    19.00   18  0.7972630E-01   0.4571317E-05   0.3436137E-03
 49.00    20.00   18  0.4765015E-07   0.3027245E-07   0.4999370E-03
 50.00    20.00   18  0.4589765E-01   0.8781357E-05   0.4166421E-03
 51.00    20.00   18  0.8631651E+00   0.6583754E-04   0.1676274E-03
 52.00    20.00   18  0.7499999E+00   0.4243104E-04   0.2500000E-03
 53.00    20.00   18  0.7500001E+00   0.4575004E-04   0.2500000E-03
 54.00    20.00   18  0.7500000E+00   0.2900561E-04   0.2500000E-03
 55.00    20.00   18  0.7500000E+00   0.1193147E-04   0.2500000E-03
 56.00    20.00   18  0.7499999E+00   0.6648411E-05   0.2500000E-03
 57.00    20.00   18  0.7493259E+00   0.9144411E-05   0.2497757E-03
 58.00    20.00   18  0.7372846E+00   0.1186028E-03   0.2459029E-03
 49.00    21.00   18  0.4841268E-09   0.3200689E-08   0.4999937E-03
 50.00    21.00   18  0.5922268E-01   0.8349743E-05   0.4022495E-03
 51.00    21.00   18  0.8407495E+00   0.2853651E-04   0.1852542E-03
 52.00    21.00   18  0.7500000E+00   0.2521369E-04   0.2500000E-03
 53.00    21.00   18  0.7500002E+00   0.1144364E-04   0.2500000E-03
 54.00    21.00   18  0.7500001E+00   0.7706491E-05   0.2500000E-03
 55.00    21.00   18  0.7500001E+00   0.9544809E-05   0.2500000E-03
 56.00    21.00   18  0.7500000E+00   0.3058191E-04   0.2500000E-03
 57.00    21.00   18  0.7499999E+00   0.7455120E-03   0.2500000E-03
 49.00    22.00   18  0.4076301E-08   0.1152695E-07   0.4999816E-03
 50.00    22.00   18  0.1366031E+00   0.1242347E-04   0.3325593E-03
 51.00    22.00   18  0.8163648E+00   0.1305074E-04   0.2035887E-03
 52.00    22.00   18  0.7500027E+00   0.9181511E-05   0.2499982E-03
 53.00    22.00   18  0.7500000E+00   0.8523329E-05   0.2500000E-03
 54.00    22.00   18  0.7500001E+00   0.2910619E-04   0.2500000E-03
 55.00    22.00   18  0.7500000E+00   0.3217854E-03   0.2500000E-03
 56.00    22.00   18  0.7499999E+00   0.7273123E-01   0.2500000E-03
 49.00    23.00   18  0.3436970E-10   0.2881539E-08   0.4999983E-03
 50.00    23.00   18  0.1215107E+00   0.1698490E-04   0.3449288E-03
 51.00    23.00   18  0.8700304E+00   0.2548679E-04   0.1620575E-03
 52.00    23.00   18  0.7500016E+00   0.2145180E-04   0.2499990E-03
 53.00    23.00   18  0.7500000E+00   0.7056791E-04   0.2500000E-03
 54.00    23.00   18  0.7500000E+00   0.5254563E-02   0.2500000E-03
 50.00    24.00   18  0.3705257E-01   0.5962875E-04   0.4269457E-03
 51.00    24.00   18  0.9876853E+00   0.4812215E-03   0.3799389E-04
 52.00    24.00   18  0.7500001E+00   0.1115471E-02   0.2500000E-03
 53.00    24.00   18  0.7500002E+00   0.2764679E-01   0.2500000E-03
 50.00    25.00   18  0.1016445E-02   0.1445848E-02   0.4902930E-03
 51.00    25.00   18  0.7275974E+00   0.1737500E+00   0.7684284E-05
 52.00    25.00   18  0.7500001E+00   0.5159824E+01   0.2500000E-03
 49.00    15.00   19  0.9242086E-09   0.1449661E-08   0.4999912E-03
 50.00    15.00   19  0.1425146E-07   0.1476507E-07   0.4999656E-03
 48.00    16.00   19  0.4628405E-05   0.1553785E-06   0.4993767E-03
 49.00    16.00   19  0.1399716E-02   0.1946250E-05   0.4885076E-03
 50.00    16.00   19  0.1405937E-01   0.4528770E-04   0.4589829E-03
 51.00    16.00   19  0.1333183E+00   0.1508310E+00   0.3352149E-03
 48.00    17.00   19  0.3057343E-03   0.1045141E-05   0.4948004E-03
 49.00    17.00   19  0.4908974E+00   0.7266596E-04   0.1102376E-03
 50.00    17.00   19  0.8347541E+00   0.1633971E-03   0.1898376E-03
 51.00    17.00   19  0.7532424E+00   0.3405423E-02   0.2478337E-03
 48.00    18.00   19  0.6098593E-04   0.4367535E-06   0.4977153E-03
 49.00    18.00   19  0.4747709E+00   0.8168288E-04   0.1184609E-03
 50.00    18.00   19  0.7719252E+00   0.4446994E-04   0.2351629E-03
 51.00    18.00   19  0.7500001E+00   0.1312521E-03   0.2500000E-03
 52.00    18.00   19  0.7500000E+00   0.3462863E-02   0.2500000E-03
 55.00    18.00   19  0.7500000E+00   0.2167421E+02   0.2500000E-03
 56.00    18.00   19  0.7499999E+00   0.1348022E+01   0.2500000E-03
 48.00    19.00   19  0.1603836E-06   0.7714707E-07   0.4998843E-03
 49.00    19.00   19  0.3144699E-02   0.3229112E-05   0.4822649E-03
 50.00    19.00   19  0.9792011E+00   0.7875513E-04   0.5159646E-04
 51.00    19.00   19  0.7503125E+00   0.4364276E-04   0.2497917E-03
 52.00    19.00   19  0.7500001E+00   0.1975594E-03   0.2500000E-03
 53.00    19.00   19  0.7500001E+00   0.1712017E-01   0.2500000E-03
 54.00    19.00   19  0.7500000E+00   0.4105513E-01   0.2500000E-03
 55.00    19.00   19  0.7500000E+00   0.4158647E-02   0.2500000E-03
 56.00    19.00   19  0.7194273E+00   0.2485927E-03   0.2406087E-03
 49.00    20.00   19  0.4278528E-03   0.1687467E-05   0.4938162E-03
 50.00    20.00   19  0.3708665E+00   0.4852941E-04   0.1751261E-03
 51.00    20.00   19  0.7553360E+00   0.4777950E-04   0.2464299E-03
 52.00    20.00   19  0.7500002E+00   0.7573749E-04   0.2500000E-03
 53.00    20.00   19  0.7500002E+00   0.4425971E-03   0.2500000E-03
 54.00    20.00   19  0.7499999E+00   0.1783906E-03   0.2500000E-03
 55.00    20.00   19  0.7500000E+00   0.3758312E-04   0.2500000E-03
 56.00    20.00   19  0.7470623E+00   0.8343201E-05   0.2490284E-03
 57.00    20.00   19  0.5157295E+00   0.8023586E-05   0.2114678E-03
 49.00    21.00   19  0.1379077E-03   0.8664142E-06   0.4965413E-03
 50.00    21.00   19  0.2502585E+00   0.2767124E-04   0.2498277E-03
 51.00    21.00   19  0.7663770E+00   0.6436557E-04   0.2389601E-03
 52.00    21.00   19  0.7500000E+00   0.5137979E-04   0.2500000E-03
 53.00    21.00   19  0.7500000E+00   0.3985943E-04   0.2500000E-03
 54.00    21.00   19  0.7500001E+00   0.1317988E-04   0.2500000E-03
 55.00    21.00   19  0.7499999E+00   0.7590204E-05   0.2500000E-03
 56.00    21.00   19  0.7499975E+00   0.1082058E-04   0.2499991E-03
 57.00    21.00   19  0.7498755E+00   0.1144276E-03   0.2499585E-03
 49.00    22.00   19  0.1400497E-03   0.8758927E-06   0.4965140E-03
 50.00    22.00   19  0.5278155E+00   0.3578405E-04   0.9197826E-04
 51.00    22.00   19  0.7588452E+00   0.2754032E-04   0.2440681E-03
 52.00    22.00   19  0.7500002E+00   0.2039295E-04   0.2500000E-03
 53.00    22.00   19  0.7500000E+00   0.9818838E-05   0.2500000E-03
 54.00    22.00   19  0.7499999E+00   0.1179511E-04   0.2500001E-03
 55.00    22.00   19  0.7499999E+00   0.3398245E-04   0.2500000E-03
 56.00    22.00   19  0.7500001E+00   0.6351589E-03   0.2500000E-03
 49.00    23.00   19  0.3672436E-03   0.1758525E-05   0.4942854E-03
 50.00    23.00   19  0.8226756E+00   0.3282272E-04  -0.2159528E-04
 51.00    23.00   19  0.7617715E+00   0.1245806E-04   0.2420898E-03
 52.00    23.00   19  0.7499999E+00   0.1084651E-04   0.2500000E-03
 53.00    23.00   19  0.7500000E+00   0.2255955E-04   0.2500000E-03
 54.00    23.00   19  0.7500000E+00   0.3510882E-03   0.2500000E-03
 55.00    23.00   19  0.7500000E+00   0.4287032E-01   0.2500000E-03
 49.00    24.00   19  0.8442437E-03   0.6173882E-05   0.4911937E-03
 50.00    24.00   19  0.6749377E+00   0.5383906E-04   0.2731624E-04
 51.00    24.00   19  0.7824203E+00   0.3348115E-04   0.2278973E-03
 52.00    24.00   19  0.7500000E+00   0.5666009E-04   0.2500000E-03
 53.00    24.00   19  0.7500002E+00   0.8238099E-03   0.2500000E-03
 49.00    25.00   19  0.5491327E-03   0.6274188E-04   0.4929626E-03
 50.00    25.00   19  0.2006152E+00   0.4043264E-03   0.2840894E-03
 51.00    25.00   19  0.8281808E+00   0.1469566E-02   0.1948045E-03
 52.00    25.00   19  0.7499999E+00   0.1994317E-01   0.2500000E-03
 47.00    16.00   20  0.2568115E-11   0.3696824E-09   0.4999996E-03
 48.00    16.00   20  0.2370588E-05   0.8146768E-07   0.4995544E-03
 49.00    16.00   20  0.5178216E-04   0.9544863E-06   0.4978969E-03
 50.00    16.00   20  0.8808655E-03   0.5203352E-03   0.4909956E-03
 47.00    17.00   20  0.1274791E-04   0.2506168E-06   0.4989629E-03
 48.00    17.00   20  0.1384762E-01   0.7224676E-05   0.4593421E-03
 49.00    17.00   20  0.9899799E+00   0.2295807E-03  -0.2374128E-04
 50.00    17.00   20  0.7607265E+00   0.1051374E-02   0.2427972E-03
 51.00    17.00   20  0.7500002E+00   0.1649423E+00   0.2500000E-03
 47.00    18.00   20  0.1588616E-04   0.2828725E-06   0.4988415E-03
 48.00    18.00   20  0.1453637E-01   0.8976901E-05   0.4581811E-03
 49.00    18.00   20  0.9613483E+00   0.8998929E-04   0.7497173E-04
 50.00    18.00   20  0.7529386E+00   0.7933526E-04   0.2480372E-03
 51.00    18.00   20  0.7500000E+00   0.2075030E-02   0.2500000E-03
 48.00    19.00   20  0.1750965E-05   0.1420938E-06   0.4996171E-03
 49.00    19.00   20  0.1040033E+00   0.2508975E-04   0.3598760E-03
 50.00    19.00   20  0.7958614E+00   0.4989251E-04   0.2184258E-03
 51.00    19.00   20  0.7500000E+00   0.1678262E-03   0.2500000E-03
 52.00    19.00   20  0.7500000E+00   0.6272093E-02   0.2500000E-03
 54.00    19.00   20  0.7500000E+00   0.1419431E+02   0.2500000E-03
 55.00    19.00   20  0.7500001E+00   0.5341960E+00   0.2500000E-03
 49.00    20.00   20  0.2209954E-01   0.1113521E-04   0.4465129E-03
 50.00    20.00   20  0.9487848E+00   0.7071080E-04   0.8924215E-04
 51.00    20.00   20  0.7500089E+00   0.5718362E-04   0.2499941E-03
 52.00    20.00   20  0.7500002E+00   0.5143819E-03   0.2500000E-03
 53.00    20.00   20  0.7500000E+00   0.3478884E-01   0.2500000E-03
 54.00    20.00   20  0.7500001E+00   0.4499648E-03   0.2500000E-03
 55.00    20.00   20  0.7492971E+00   0.1018516E-03   0.2497661E-03
 56.00    20.00   20  0.1676682E+00   0.7808364E-05   0.2843185E-03
 49.00    21.00   20  0.3932626E-02   0.3610391E-05   0.4799663E-03
 50.00    21.00   20  0.8916509E+00   0.8358857E-04  -0.3555167E-04
 51.00    21.00   20  0.7504096E+00   0.5153930E-04   0.2497268E-03
 52.00    21.00   20  0.7500001E+00   0.1345198E-03   0.2500000E-03
 53.00    21.00   20  0.7499998E+00   0.1893678E-03   0.2500000E-03
 54.00    21.00   20  0.7499999E+00   0.3221953E-04   0.2500000E-03
 55.00    21.00   20  0.7499532E+00   0.1094265E-04   0.2499844E-03
 56.00    21.00   20  0.6925911E+00   0.8489283E-05   0.2335989E-03
 57.00    21.00   20  0.1073060E+00   0.5389990E-04   0.3213090E-03
 49.00    22.00   20  0.5195969E-02   0.3691562E-05   0.4766476E-03
 50.00    22.00   20  0.8551834E+00   0.7024422E-04  -0.2918107E-04
 51.00    22.00   20  0.7504073E+00   0.5548355E-04   0.2497285E-03
 52.00    22.00   20  0.7500002E+00   0.4615683E-04   0.2500000E-03
 53.00    22.00   20  0.7500001E+00   0.1754046E-04   0.2500000E-03
 54.00    22.00   20  0.7500001E+00   0.9784561E-05   0.2500000E-03
 55.00    22.00   20  0.7500000E+00   0.1454727E-04   0.2500000E-03
 56.00    22.00   20  0.7500000E+00   0.1445941E-03   0.2500000E-03
 57.00    22.00   20  0.7500000E+00   0.1671422E+01   0.2500000E-03
 49.00    23.00   20  0.9447168E-02   0.4834132E-05   0.4673511E-03
 50.00    23.00   20  0.9950511E+00   0.3941464E-04   0.2273201E-04
 51.00    23.00   20  0.7506004E+00   0.2278290E-04   0.2495996E-03
 52.00    23.00   20  0.7500001E+00   0.1271860E-04   0.2500000E-03
 53.00    23.00   20  0.7500001E+00   0.1278234E-04   0.2500000E-03
 54.00    23.00   20  0.7500000E+00   0.3596179E-04   0.2500000E-03
 55.00    23.00   20  0.7499999E+00   0.4356863E-03   0.2500001E-03
 56.00    23.00   20  0.7500001E+00   0.1504948E+01   0.2500000E-03
 49.00    24.00   20  0.2775362E-01   0.9523792E-05   0.4387037E-03
 50.00    24.00   20  0.9716098E+00   0.2474922E-04   0.6213938E-04
 51.00    24.00   20  0.7517765E+00   0.1371692E-04   0.2488142E-03
 52.00    24.00   20  0.7500000E+00   0.1804465E-04   0.2500000E-03
 53.00    24.00   20  0.7499999E+00   0.1599769E-03   0.2500000E-03
 54.00    24.00   20  0.7500001E+00   0.4232193E-01   0.2500000E-03
 49.00    25.00   20  0.3064530E-01   0.2349889E-04   0.4349228E-03
 50.00    25.00   20  0.9985136E+00   0.8193725E-04  -0.1037831E-04
 51.00    25.00   20  0.7543550E+00   0.7211669E-04   0.2470882E-03
 52.00    25.00   20  0.7500000E+00   0.3742375E-03   0.2500000E-03
 53.00    25.00   20  0.7500000E+00   0.1956905E+00   0.2500000E-03
 49.00    26.00   20  0.2192838E-01   0.4288921E-03   0.4467594E-03
 50.00    26.00   20  0.6232635E+00   0.3058711E-02   0.4848556E-04
 51.00    26.00   20  0.7566044E+00   0.1345847E-01   0.2455776E-03
 52.00    26.00   20  0.7500000E+00   0.4226422E+02   0.2500000E-03
 47.00    17.00   21  0.1519188E-03   0.6873455E-06   0.4963662E-03
 48.00    17.00   21  0.6232024E-01   0.3580568E-04   0.3990566E-03
 49.00    17.00   21  0.8352176E+00   0.8831631E-03   0.1894850E-03
 50.00    17.00   21  0.7500000E+00   0.1647855E-01   0.2500000E-03
 47.00    18.00   21  0.8028391E-03   0.1739563E-05   0.4914224E-03
 48.00    18.00   21  0.4088509E+00   0.8579899E-04   0.1536556E-03
 49.00    18.00   21  0.8281682E+00   0.8138308E-04   0.1948141E-03
 50.00    18.00   21  0.7500999E+00   0.2868800E-03   0.2499334E-03
 51.00    18.00   21  0.7500000E+00   0.3411079E+01   0.2500000E-03
 47.00    19.00   21  0.2989833E-05   0.1954068E-06   0.4994994E-03
 48.00    19.00   21  0.4181275E-03   0.1586913E-05   0.4938893E-03
 49.00    19.00   21  0.8812886E+00   0.9660617E-04  -0.3401592E-04
 50.00    19.00   21  0.7570553E+00   0.8901725E-04   0.2452742E-03
 51.00    19.00   21  0.7500001E+00   0.4153231E-02   0.2500000E-03
 52.00    19.00   21  0.7500001E+00   0.1050959E+01   0.2500000E-03
 48.00    20.00   21  0.2491314E-04   0.2511840E-05   0.4985467E-03
 49.00    20.00   21  0.2942419E+00   0.5123186E-04   0.2213295E-03
 50.00    20.00   21  0.7881506E+00   0.6276063E-04   0.2238829E-03
 51.00    20.00   21  0.7500000E+00   0.3133265E-03   0.2500000E-03
 52.00    20.00   21  0.7499999E+00   0.2891023E-01   0.2500000E-03
 53.00    20.00   21  0.7500002E+00   0.1905530E+02   0.2500000E-03
 54.00    20.00   21  0.7499999E+00   0.1284555E-01   0.2500000E-03
 55.00    20.00   21  0.9187486E-01   0.3708433E-03   0.3332328E-03
 48.00    21.00   21  0.3802968E-05   0.1650277E-05   0.4994352E-03
 49.00    21.00   21  0.5489512E-01   0.1640275E-04   0.4067994E-03
 50.00    21.00   21  0.8746806E+00   0.5968637E-04   0.1582346E-03
 51.00    21.00   21  0.7500000E+00   0.8383817E-04   0.2500000E-03
 52.00    21.00   21  0.7500000E+00   0.1364284E-02   0.2500000E-03
 53.00    21.00   21  0.7500000E+00   0.1748803E-02   0.2500000E-03
 54.00    21.00   21  0.7500001E+00   0.1303992E-03   0.2500000E-03
 55.00    21.00   21  0.5570091E+00   0.2160000E-04   0.2132075E-03
 48.00    22.00   21  0.2666058E-06   0.2461625E-06   0.4998508E-03
 49.00    22.00   21  0.2028771E-01   0.7017734E-05   0.4491580E-03
 50.00    22.00   21  0.9772142E+00   0.8088563E-04   0.5446901E-04
 51.00    22.00   21  0.7500001E+00   0.6304858E-04   0.2500000E-03
 52.00    22.00   21  0.7500000E+00   0.1693922E-03   0.2500000E-03
 53.00    22.00   21  0.7500000E+00   0.6104073E-04   0.2500000E-03
 54.00    22.00   21  0.7500000E+00   0.1631584E-04   0.2500000E-03
 55.00    22.00   21  0.7349435E+00   0.1125790E-04   0.2451788E-03
 56.00    22.00   21  0.5451247E+00   0.5617512E-04   0.2125030E-03
 48.00    23.00   21  0.4278872E-05   0.6621477E-06   0.4994008E-03
 49.00    23.00   21  0.4103803E-01   0.9436181E-05   0.4222142E-03
 50.00    23.00   21  0.9530607E+00   0.6562102E-04   0.8452713E-04
 51.00    23.00   21  0.7500010E+00   0.5148285E-04   0.2499993E-03
 52.00    23.00   21  0.7500002E+00   0.2876725E-04   0.2500000E-03
 53.00    23.00   21  0.7500001E+00   0.1238815E-04   0.2500000E-03
 54.00    23.00   21  0.7500000E+00   0.1320292E-04   0.2500001E-03
 55.00    23.00   21  0.7499999E+00   0.5299248E-04   0.2500000E-03
 56.00    23.00   21  0.7500000E+00   0.5924007E-02   0.2500000E-03
 48.00    24.00   21  0.5980906E-04   0.2276555E-05   0.4977377E-03
 49.00    24.00   21  0.1137459E+00   0.1548422E-04   0.3514720E-03
 50.00    24.00   21  0.8662373E+00   0.2736954E-04   0.1651456E-03
 51.00    24.00   21  0.7500139E+00   0.1971477E-04   0.2499907E-03
 52.00    24.00   21  0.7500000E+00   0.1312866E-04   0.2500000E-03
 53.00    24.00   21  0.7500000E+00   0.3052409E-04   0.2500000E-03
 54.00    24.00   21  0.7499999E+00   0.2361156E-03   0.2500000E-03
 55.00    24.00   21  0.7500000E+00   0.2070608E-01   0.2500000E-03
 48.00    25.00   21  0.6925321E-04   0.2633151E-05   0.4975632E-03
 49.00    25.00   21  0.2016066E+00   0.2302934E-04   0.2833803E-03
 50.00    25.00   21  0.8810334E+00   0.2135604E-04   0.1529416E-03
 51.00    25.00   21  0.7500266E+00   0.1804279E-04   0.2499822E-03
 52.00    25.00   21  0.7500000E+00   0.4326570E-04   0.2500000E-03
 53.00    25.00   21  0.7500002E+00   0.2126162E-02   0.2500000E-03
 54.00    25.00   21  0.7500000E+00   0.5841486E+02   0.2500000E-03
 48.00    26.00   21  0.1571656E-04   0.3019018E-05   0.4988477E-03
 49.00    26.00   21  0.1348062E+00   0.5221853E-04   0.3340096E-03
 50.00    26.00   21  0.9506511E+00   0.1070405E-03   0.8720026E-04
 51.00    26.00   21  0.7500061E+00   0.1726481E-03   0.2499959E-03
 52.00    26.00   21  0.7500000E+00   0.2524486E-02   0.2500000E-03
 53.00    26.00   21  0.7500001E+00   0.3068258E+03   0.2500000E-03
 49.00    27.00   21  0.2538375E-01   0.5669303E-03   0.4419031E-03
 50.00    27.00   21  0.7028976E+00   0.8878585E-02   0.1663182E-04
 51.00    27.00   21  0.7500000E+00   0.5807709E-01   0.2500000E-03
 45.00    16.00   22  0.2967012E-05   0.6473353E-05   0.4995013E-03
 46.00    16.00   22  0.2386429E-03   0.2683681E-05   0.4954218E-03
 47.00    16.00   22  0.3456616E-04   0.4282124E-06   0.4982856E-03
 48.00    16.00   22  0.2449192E-05   0.3730083E-06   0.4995471E-03
 45.00    17.00   22  0.1683967E-03   0.9277534E-05   0.4961701E-03
 46.00    17.00   22  0.1005212E-02   0.3110722E-05   0.4903495E-03
 47.00    17.00   22  0.1038685E-02   0.2337060E-05   0.4901819E-03
 48.00    17.00   22  0.6479316E+00   0.8990194E-03   0.3815856E-04
 49.00    17.00   22  0.7552754E+00   0.5530597E-02   0.2464706E-03
 50.00    17.00   22  0.7500000E+00   0.9724419E+00   0.2500000E-03
 45.00    18.00   22  0.9620832E-03   0.1230394E-04   0.4905693E-03
 46.00    18.00   22  0.3810414E-02   0.4754927E-05   0.4803093E-03
 47.00    18.00   22  0.1218114E+00   0.2656491E-04   0.3446780E-03
 48.00    18.00   22  0.8944292E+00   0.9445947E-04   0.1414916E-03
 49.00    18.00   22  0.7638850E+00   0.1500896E-03   0.2406561E-03
 50.00    18.00   22  0.7500001E+00   0.2649767E-02   0.2500000E-03
 45.00    19.00   22  0.9512132E-04   0.3313940E-05   0.4971371E-03
 46.00    19.00   22  0.4482613E-03   0.1805378E-05   0.4936654E-03
 47.00    19.00   22  0.9715069E-02   0.6729877E-05   0.4668278E-03
 48.00    19.00   22  0.1628039E+00   0.4129890E-04   0.3120230E-03
 49.00    19.00   22  0.8744236E+00   0.8118035E-04   0.1584469E-03
 50.00    19.00   22  0.7505652E+00   0.2863136E-03   0.2496231E-03
 51.00    19.00   22  0.7499999E+00   0.5774329E-01   0.2500000E-03
 46.00    20.00   22  0.1775147E-07   0.2998958E-07   0.4999615E-03
 47.00    20.00   22  0.8625045E-06   0.1182545E-06   0.4997315E-03
 48.00    20.00   22  0.1216049E-01   0.1179170E-04   0.4622804E-03
 49.00    20.00   22  0.9988028E+00   0.9804796E-04   0.1058169E-04
 50.00    20.00   22  0.7521821E+00   0.1521559E-03   0.2485431E-03
 51.00    20.00   22  0.7499999E+00   0.6778876E-02   0.2500000E-03
 53.00    20.00   22  0.7499999E+00   0.1506244E+01   0.2500000E-03
 54.00    20.00   22  0.7500000E+00   0.2320603E+02   0.2500000E-03
 48.00    21.00   22  0.3033163E-01   0.2854100E-04   0.4353269E-03
 49.00    21.00   22  0.9776488E+00   0.1057942E-03  -0.3149727E-04
 50.00    21.00   22  0.7704459E+00   0.1739376E-03   0.2361783E-03
 51.00    21.00   22  0.7499998E+00   0.6164066E-03   0.2500001E-03
 52.00    21.00   22  0.7500000E+00   0.5579145E-03   0.2500000E-03
 53.00    21.00   22  0.7500001E+00   0.6261067E-03   0.2500000E-03
 54.00    21.00   22  0.7237652E+00   0.7315573E-03   0.2418468E-03
 48.00    22.00   22  0.3255609E-01   0.1906178E-04   0.4324903E-03
 49.00    22.00   22  0.8504338E+00   0.9617155E-04  -0.2817163E-04
 50.00    22.00   22  0.7861363E+00   0.1002984E-03   0.2252979E-03
 51.00    22.00   22  0.7500001E+00   0.7793778E-04   0.2500000E-03
 52.00    22.00   22  0.7500000E+00   0.8033388E-04   0.2500000E-03
 53.00    22.00   22  0.7500000E+00   0.5708028E-04   0.2500000E-03
 54.00    22.00   22  0.7319387E+00   0.2953249E-04   0.2442629E-03
 55.00    22.00   22  0.1851942E-02   0.9272424E-06   0.4751772E-03
 47.00    23.00   22  0.9866240E-05   0.9617382E-05   0.4990884E-03
 48.00    23.00   22  0.1128064E+00   0.3189036E-04   0.3522727E-03
 49.00    23.00   22  0.9656781E+00   0.8848139E-04  -0.3539375E-04
 50.00    23.00   22  0.7831858E+00   0.6554629E-04   0.2273629E-03
 51.00    23.00   22  0.7499998E+00   0.3972460E-04   0.2500000E-03
 52.00    23.00   22  0.7500000E+00   0.4494845E-04   0.2500000E-03
 53.00    23.00   22  0.7500001E+00   0.2153692E-04   0.2500000E-03
 54.00    23.00   22  0.7485263E+00   0.1180027E-04   0.2495108E-03
 55.00    23.00   22  0.6811377E+00   0.2256656E-04   0.2309342E-03
 56.00    23.00   22  0.1575203E-01   0.1870186E-03   0.4281114E-03
 47.00    24.00   22  0.8866641E-03   0.3726834E-04   0.4909646E-03
 48.00    24.00   22  0.5566335E+00   0.7045165E-04   0.7827458E-04
 49.00    24.00   22  0.9838160E+00   0.5732111E-04   0.4451777E-04
 50.00    24.00   22  0.7660658E+00   0.2840934E-04   0.2391721E-03
 51.00    24.00   22  0.7499999E+00   0.2236289E-04   0.2500000E-03
 52.00    24.00   22  0.7500000E+00   0.2162666E-04   0.2500000E-03
 53.00    24.00   22  0.7500000E+00   0.1522339E-04   0.2500000E-03
 54.00    24.00   22  0.7499999E+00   0.3362790E-04   0.2500000E-03
 55.00    24.00   22  0.7500000E+00   0.4753060E-03   0.2500000E-03
 56.00    24.00   22  0.7500000E+00   0.4145681E+02   0.2500000E-03
 47.00    25.00   22  0.5165632E-02   0.9347953E-04   0.4767231E-03
 48.00    25.00   22  0.9070628E+00   0.8098596E-04  -0.3734656E-04
 49.00    25.00   22  0.9439556E+00   0.3506266E-04   0.9441967E-04
 50.00    25.00   22  0.7659366E+00   0.1622879E-04   0.2392603E-03
 51.00    25.00   22  0.7500001E+00   0.1681576E-04   0.2500000E-03
 52.00    25.00   22  0.7500001E+00   0.1740780E-04   0.2500000E-03
 53.00    25.00   22  0.7500001E+00   0.7172703E-04   0.2500000E-03
 54.00    25.00   22  0.7500000E+00   0.2561267E-02   0.2500000E-03
 55.00    25.00   22  0.7500001E+00   0.1097100E+03   0.2500000E-03
 47.00    26.00   22  0.1629605E-02   0.2452569E-03   0.4875414E-03
 48.00    26.00   22  0.9144376E+00   0.1139162E-03  -0.3796601E-04
 49.00    26.00   22  0.9083809E+00   0.2776309E-04   0.1290889E-03
 50.00    26.00   22  0.7723575E+00   0.1583744E-04   0.2348658E-03
 51.00    26.00   22  0.7500000E+00   0.1770654E-04   0.2500000E-03
 52.00    26.00   22  0.7499999E+00   0.7427964E-04   0.2500000E-03
 53.00    26.00   22  0.7499999E+00   0.6743312E-02   0.2500000E-03
 48.00    27.00   22  0.5565230E+00   0.3003012E-03   0.7832615E-04
 49.00    27.00   22  0.9215109E+00   0.4628380E-04   0.1168808E-03
 50.00    27.00   22  0.7659133E+00   0.2535119E-04   0.2392761E-03
 51.00    27.00   22  0.7500000E+00   0.6591292E-04   0.2500000E-03
 52.00    27.00   22  0.7500001E+00   0.3254049E-02   0.2500000E-03
 48.00    28.00   22  0.6414329E-01   0.9400491E-03   0.3972006E-03
 49.00    28.00   22  0.9801567E+00   0.4860782E-03  -0.3033737E-04
 50.00    28.00   22  0.8124601E+00   0.3409595E-03   0.2064527E-03
 51.00    28.00   22  0.7500001E+00   0.2909770E-02   0.2500000E-03
 52.00    28.00   22  0.7500001E+00   0.2915225E+02   0.2500000E-03
 49.00    29.00   22  0.3390168E-01   0.9337270E-02   0.4308059E-03
 50.00    29.00   22  0.2373274E+00   0.2596668E+00   0.2585211E-03
 45.00    16.00   23  0.2232663E-05   0.1920607E-05   0.4995675E-03
 46.00    16.00   23  0.5788178E-04   0.6803837E-06   0.4977749E-03
 47.00    16.00   23  0.6692340E-04   0.8695457E-06   0.4976051E-03
 48.00    16.00   23  0.1416559E-07   0.7983372E-07   0.4999657E-03
 45.00    17.00   23  0.1554949E-02   0.1177049E-04   0.4878481E-03
 46.00    17.00   23  0.8563026E-02   0.7934237E-05   0.4691201E-03
 47.00    17.00   23  0.4090290E-02   0.1602124E-04   0.4795303E-03
 48.00    17.00   23  0.9100654E+00   0.1066735E-01   0.1275539E-03
 49.00    17.00   23  0.7500001E+00   0.1170741E+00   0.2500000E-03
 45.00    18.00   23  0.7656075E-02   0.1574084E-04   0.4710101E-03
 46.00    18.00   23  0.5954473E-01   0.2061996E-04   0.4019152E-03
 47.00    18.00   23  0.9503320E+00   0.1367093E-03  -0.3788300E-04
 48.00    18.00   23  0.7737988E+00   0.1190596E-03   0.2338739E-03
 49.00    18.00   23  0.7510605E+00   0.5542780E-03   0.2492925E-03
 50.00    18.00   23  0.7499999E+00   0.7829628E-01   0.2500001E-03
 45.00    19.00   23  0.7087472E-02   0.1190241E-04   0.4722398E-03
 46.00    19.00   23  0.4937486E-01   0.1487817E-04   0.4127713E-03
 47.00    19.00   23  0.2703002E+00   0.4218217E-04   0.2366450E-03
 48.00    19.00   23  0.9493654E+00   0.1245489E-03  -0.3797485E-04
 49.00    19.00   23  0.7757478E+00   0.1014860E-03   0.2325293E-03
 50.00    19.00   23  0.7500001E+00   0.1069231E-02   0.2500000E-03
 51.00    19.00   23  0.7500001E+00   0.4726795E-01   0.2500000E-03
 45.00    20.00   23  0.1716002E-04   0.6251400E-06   0.4987956E-03
 46.00    20.00   23  0.1500306E-03   0.8562752E-06   0.4963894E-03
 47.00    20.00   23  0.2408711E-03   0.1064968E-05   0.4953999E-03
 48.00    20.00   23  0.4019484E-01   0.1602566E-04   0.4232022E-03
 49.00    20.00   23  0.8736804E+00   0.7779470E-04   0.1590604E-03
 50.00    20.00   23  0.7500001E+00   0.1735483E-03   0.2500000E-03
 51.00    20.00   23  0.7500000E+00   0.1533939E-01   0.2500000E-03
 48.00    21.00   23  0.6004636E-01   0.2482379E-04   0.4013955E-03
 49.00    21.00   23  0.9582433E+00   0.8879777E-04   0.7862286E-04
 50.00    21.00   23  0.7500593E+00   0.2392842E-03   0.2499605E-03
 51.00    21.00   23  0.7500001E+00   0.4200756E-02   0.2500000E-03
 52.00    21.00   23  0.7500001E+00   0.8001563E-02   0.2500000E-03
 53.00    21.00   23  0.7500002E+00   0.1710897E-01   0.2500000E-03
 54.00    21.00   23  0.6506114E+00   0.1945802E-01   0.2247328E-03
 48.00    22.00   23  0.5961125E-01   0.1992005E-04   0.4018462E-03
 49.00    22.00   23  0.9761621E+00   0.9566295E-04   0.5595488E-04
 50.00    22.00   23  0.7507203E+00   0.2022587E-03   0.2495196E-03
 51.00    22.00   23  0.7500002E+00   0.8301084E-04   0.2500000E-03
 52.00    22.00   23  0.7500001E+00   0.9493663E-04   0.2500000E-03
 53.00    22.00   23  0.7499931E+00   0.8592285E-04   0.2499977E-03
 54.00    22.00   23  0.4446191E+00   0.6024592E-04   0.2131011E-03
 47.00    23.00   23  0.1373699E-06   0.3500205E-06   0.4998930E-03
 48.00    23.00   23  0.1604544E+00   0.3149801E-04   0.3138212E-03
 49.00    23.00   23  0.9398617E+00   0.8261352E-04   0.9869953E-04
 50.00    23.00   23  0.7507961E+00   0.5434905E-04   0.2494690E-03
 51.00    23.00   23  0.7500000E+00   0.3761386E-04   0.2500000E-03
 52.00    23.00   23  0.7500001E+00   0.3733618E-04   0.2500000E-03
 53.00    23.00   23  0.7499952E+00   0.2404602E-04   0.2499984E-03
 54.00    23.00   23  0.6218646E+00   0.1476695E-04   0.2200304E-03
 47.00    24.00   23  0.2659734E-02   0.4154682E-04   0.4838022E-03
 48.00    24.00   23  0.7158878E+00   0.7274104E-04   0.1186633E-04
 49.00    24.00   23  0.8745614E+00   0.5943067E-04   0.1583330E-03
 50.00    24.00   23  0.7511393E+00   0.2988229E-04   0.2492399E-03
 51.00    24.00   23  0.7500000E+00   0.2333227E-04   0.2500000E-03
 52.00    24.00   23  0.7500001E+00   0.3551234E-04   0.2500000E-03
 53.00    24.00   23  0.7500002E+00   0.1916821E-04   0.2500000E-03
 54.00    24.00   23  0.7461203E+00   0.2060595E-04   0.2487201E-03
 55.00    24.00   23  0.7058226E+00   0.1485806E-03   0.2369176E-03
 47.00    25.00   23  0.3464408E-01   0.1270485E-03   0.4298860E-03
 48.00    25.00   23  0.9970966E+00   0.6489026E-04  -0.1408043E-04
 49.00    25.00   23  0.8290718E+00   0.3049073E-04   0.1941348E-03
 50.00    25.00   23  0.7511643E+00   0.1260813E-04   0.2492231E-03
 51.00    25.00   23  0.7499999E+00   0.1744143E-04   0.2500000E-03
 52.00    25.00   23  0.7500001E+00   0.2167310E-04   0.2500000E-03
 53.00    25.00   23  0.7500000E+00   0.3092024E-04   0.2500000E-03
 54.00    25.00   23  0.7500000E+00   0.2454257E-03   0.2500000E-03
 55.00    25.00   23  0.7500001E+00   0.5756055E-01   0.2500000E-03
 47.00    26.00   23  0.2691204E-01   0.2565915E-03   0.4398288E-03
 48.00    26.00   23  0.9982577E+00   0.6995528E-04  -0.1116836E-04
 49.00    26.00   23  0.8384337E+00   0.2199361E-04   0.1870308E-03
 50.00    26.00   23  0.7575350E+00   0.1252369E-04   0.2449512E-03
 51.00    26.00   23  0.7500001E+00   0.1766517E-04   0.2500000E-03
 52.00    26.00   23  0.7500000E+00   0.3086834E-04   0.2500000E-03
 53.00    26.00   23  0.7500001E+00   0.4240189E-03   0.2500000E-03
 54.00    26.00   23  0.7500001E+00   0.6506306E+00   0.2500000E-03
 47.00    27.00   23  0.1215250E-02   0.1668999E-02   0.4893352E-03
 48.00    27.00   23  0.8300250E+00   0.2687385E-03  -0.2344209E-04
 49.00    27.00   23  0.8892017E+00   0.3747701E-04   0.1460092E-03
 50.00    27.00   23  0.7682271E+00   0.1694118E-04   0.2376972E-03
 51.00    27.00   23  0.7500199E+00   0.2264292E-04   0.2499868E-03
 52.00    27.00   23  0.7500002E+00   0.2145212E-03   0.2500000E-03
 53.00    27.00   23  0.7499999E+00   0.1616484E+01   0.2500000E-03
 48.00    28.00   23  0.5545459E-01   0.7672051E-03   0.4062050E-03
 49.00    28.00   23  0.9870697E+00   0.1673741E-03   0.3907798E-04
 50.00    28.00   23  0.7810845E+00   0.4178317E-04   0.2288282E-03
 51.00    28.00   23  0.7501631E+00   0.1091303E-03   0.2498913E-03
 52.00    28.00   23  0.7499999E+00   0.1307155E-01   0.2500001E-03
 48.00    29.00   23  0.5328767E-03   0.8410168E-02   0.4930716E-03
 49.00    29.00   23  0.2165543E+00   0.1696592E-02   0.2728186E-03
 50.00    29.00   23  0.9859415E+00   0.2506987E-02   0.4101574E-04
 51.00    29.00   23  0.7500000E+00   0.1856923E-01   0.2500000E-03
 46.00    15.00   24  0.9488439E-08   0.3596177E-07   0.4999719E-03
 47.00    15.00   24  0.5540540E-09   0.1767181E-08   0.4999932E-03
 45.00    16.00   24  0.2107739E-07   0.1859587E-06   0.4999581E-03
 46.00    16.00   24  0.1583649E-04   0.3137440E-06   0.4988433E-03
 47.00    16.00   24  0.3852940E-04   0.7587527E-06   0.4981890E-03
 45.00    17.00   24  0.9200735E-03   0.7192401E-05   0.4907877E-03
 46.00    17.00   24  0.2904386E-02   0.4286765E-05   0.4830130E-03
 47.00    17.00   24  0.2658744E-02   0.4490607E-04   0.4838055E-03
 48.00    17.00   24  0.9259533E+00   0.1278262E+01   0.1126121E-03
 45.00    18.00   24  0.1064752E-01   0.1202304E-04   0.4650478E-03
 46.00    18.00   24  0.1292814E+00   0.3675497E-04   0.3385056E-03
 47.00    18.00   24  0.9467111E+00   0.2008091E-03   0.9148338E-04
 48.00    18.00   24  0.7556024E+00   0.2286472E-03   0.2462510E-03
 49.00    18.00   24  0.7504041E+00   0.2351588E-02   0.2497305E-03
 44.00    19.00   24  0.3888942E-06   0.1362115E-05   0.4998198E-03
 45.00    19.00   24  0.4090735E-01   0.2052824E-04   0.4223668E-03
 46.00    19.00   24  0.4573145E+00   0.5254065E-04   0.1275321E-03
 47.00    19.00   24  0.9030832E+00   0.8243284E-04  -0.3694452E-04
 48.00    19.00   24  0.9463105E+00   0.9278236E-04   0.9191339E-04
 49.00    19.00   24  0.7603316E+00   0.1778634E-03   0.2430641E-03
 50.00    19.00   24  0.7500000E+00   0.4472072E-02   0.2500000E-03
 51.00    19.00   24  0.7499999E+00   0.4895811E+00   0.2500000E-03
 44.00    20.00   24  0.9334187E-06   0.2195809E-05   0.4997207E-03
 45.00    20.00   24  0.3682725E-02   0.5281194E-05   0.4806726E-03
 46.00    20.00   24  0.1140917E-01   0.5640072E-05   0.4636374E-03
 47.00    20.00   24  0.3459376E-02   0.3267471E-05   0.4813209E-03
 48.00    20.00   24  0.1501143E+00   0.3387032E-04   0.3218329E-03
 49.00    20.00   24  0.7895867E+00   0.6982124E-04   0.2228713E-03
 50.00    20.00   24  0.7500000E+00   0.2765271E-03   0.2500000E-03
 51.00    20.00   24  0.7500000E+00   0.1114150E+00   0.2500000E-03
 45.00    21.00   24  0.1235867E-06   0.8103231E-07   0.4998985E-03
 46.00    21.00   24  0.1745329E-06   0.5975500E-07   0.4998794E-03
 47.00    21.00   24  0.3370016E-08   0.1422079E-07   0.4999833E-03
 48.00    21.00   24  0.1612515E+00   0.3688955E-04   0.3132103E-03
 49.00    21.00   24  0.8466658E+00   0.6878950E-04   0.1806793E-03
 50.00    21.00   24  0.7500000E+00   0.3020939E-03   0.2500000E-03
 51.00    21.00   24  0.7499999E+00   0.3073705E-01   0.2500000E-03
 52.00    21.00   24  0.7500001E+00   0.4508247E+01   0.2500000E-03
 54.00    21.00   24  0.5258468E+00   0.2894166E+01   0.2117108E-03
 48.00    22.00   24  0.1563773E+00   0.2904782E-04   0.3169609E-03
 49.00    22.00   24  0.9000477E+00   0.8812446E-04   0.1365604E-03
 50.00    22.00   24  0.7500000E+00   0.2850470E-03   0.2500000E-03
 51.00    22.00   24  0.7499999E+00   0.2384470E-03   0.2500000E-03
 52.00    22.00   24  0.7500000E+00   0.5838752E-03   0.2500000E-03
 53.00    22.00   24  0.7487441E+00   0.3419374E-03   0.2495828E-03
 47.00    23.00   24  0.4796378E-05   0.8674313E-06   0.4993654E-03
 48.00    23.00   24  0.2085960E+00   0.3197719E-04   0.2784119E-03
 49.00    23.00   24  0.8528148E+00   0.7615956E-04   0.1758674E-03
 50.00    23.00   24  0.7500002E+00   0.4723773E-04   0.2500000E-03
 51.00    23.00   24  0.7500000E+00   0.3501234E-04   0.2500000E-03
 52.00    23.00   24  0.7500000E+00   0.3618416E-04   0.2500000E-03
 53.00    23.00   24  0.7395639E+00   0.2546579E-04   0.2466167E-03
 47.00    24.00   24  0.7586607E-02   0.2841044E-04   0.4711584E-03
 48.00    24.00   24  0.7766029E+00   0.7545760E-04  -0.8541043E-05
 49.00    24.00   24  0.8032447E+00   0.5895348E-04   0.2131393E-03
 50.00    24.00   24  0.7500033E+00   0.2935662E-04   0.2499978E-03
 51.00    24.00   24  0.7500000E+00   0.2770318E-04   0.2500000E-03
 52.00    24.00   24  0.7500001E+00   0.2321836E-04   0.2500000E-03
 53.00    24.00   24  0.7457251E+00   0.1395694E-04   0.2485912E-03
 54.00    24.00   24  0.5201833E+00   0.1269196E-04   0.2115601E-03
 47.00    25.00   24  0.1605205E+00   0.1372054E-03   0.3137705E-03
 48.00    25.00   24  0.9925314E+00   0.5629809E-04   0.2858863E-04
 49.00    25.00   24  0.7827277E+00   0.3378293E-04   0.2276828E-03
 50.00    25.00   24  0.7500023E+00   0.1177943E-04   0.2499985E-03
 51.00    25.00   24  0.7500002E+00   0.1978913E-04   0.2500000E-03
 52.00    25.00   24  0.7500001E+00   0.2212500E-04   0.2500000E-03
 53.00    25.00   24  0.7500001E+00   0.1956409E-04   0.2500000E-03
 54.00    25.00   24  0.7498313E+00   0.6996145E-04   0.2499438E-03
 55.00    25.00   24  0.7468222E+00   0.5949238E-02   0.2489497E-03
 47.00    26.00   24  0.2648507E+00   0.2770660E-03   0.2401957E-03
 48.00    26.00   24  0.9685534E+00   0.4494781E-04   0.6610324E-04
 49.00    26.00   24  0.7910100E+00   0.1826636E-04   0.2218667E-03
 50.00    26.00   24  0.7512544E+00   0.9394928E-05   0.2491631E-03
 51.00    26.00   24  0.7500000E+00   0.1781760E-04   0.2500000E-03
 52.00    26.00   24  0.7500001E+00   0.2073149E-04   0.2500000E-03
 53.00    26.00   24  0.7499998E+00   0.1016298E-03   0.2500000E-03
 54.00    26.00   24  0.7500002E+00   0.9678827E-02   0.2500000E-03
 47.00    27.00   24  0.7872754E-01   0.1717786E-02   0.3828923E-03
 48.00    27.00   24  0.9847436E+00   0.1498732E-03  -0.2775504E-04
 49.00    27.00   24  0.8612581E+00   0.2972227E-04   0.1691593E-03
 50.00    27.00   24  0.7652740E+00   0.1461439E-04   0.2397114E-03
 51.00    27.00   24  0.7500544E+00   0.1715422E-04   0.2499637E-03
 52.00    27.00   24  0.7500000E+00   0.5947434E-04   0.2500000E-03
 53.00    27.00   24  0.7500000E+00   0.7749768E-02   0.2500000E-03
 48.00    28.00   24  0.2016176E+00   0.1325393E-02   0.2833724E-03
 49.00    28.00   24  0.9650032E+00   0.1179635E-03   0.7054873E-04
 50.00    28.00   24  0.7846110E+00   0.2362658E-04   0.2263666E-03
 51.00    28.00   24  0.7504085E+00   0.3059933E-04   0.2497275E-03
 52.00    28.00   24  0.7500000E+00   0.6534051E-03   0.2500000E-03
 49.00    29.00   24  0.7017256E+00   0.1308310E-02   0.1706817E-04
 50.00    29.00   24  0.8648807E+00   0.1801596E-03   0.1662434E-03
 51.00    29.00   24  0.7513431E+00   0.3264185E-03   0.2491037E-03
 52.00    29.00   24  0.7500000E+00   0.7596362E-01   0.2500000E-03
 49.00    30.00   24  0.5645948E-03   0.3165235E-02   0.4928604E-03
 50.00    30.00   24  0.2092825E+00   0.3654764E-01   0.2779268E-03
 51.00    30.00   24  0.7519166E+00   0.4473771E+00   0.2487207E-03
 45.00    16.00   25  0.1628967E-08   0.6381533E-07   0.4999884E-03
 46.00    16.00   25  0.1428710E-07   0.1171560E-07   0.4999655E-03
 47.00    16.00   25  0.3836725E-10   0.1121528E-08   0.4999982E-03
 45.00    17.00   25  0.4119359E-04   0.1628776E-05   0.4981267E-03
 46.00    17.00   25  0.2130858E-03   0.1416067E-05   0.4956800E-03
 47.00    17.00   25  0.3211487E-04   0.2263790E-04   0.4983481E-03
 45.00    18.00   25  0.2882040E-02   0.6479924E-05   0.4830839E-03
 46.00    18.00   25  0.1751899E-01   0.1631069E-04   0.4533679E-03
 47.00    18.00   25  0.8630409E+00   0.5779490E-03   0.1677274E-03
 48.00    18.00   25  0.7512923E+00   0.7830072E-03   0.2491377E-03
 49.00    18.00   25  0.7500000E+00   0.1513294E-01   0.2500000E-03
 44.00    19.00   25  0.1279489E-03   0.1273324E-04   0.4966709E-03
 45.00    19.00   25  0.3692127E-01   0.1709045E-04   0.4271043E-03
 46.00    19.00   25  0.4463375E+00   0.6384295E-04   0.1333274E-03
 47.00    19.00   25  0.9940899E+00   0.9154787E-04   0.2508223E-04
 48.00    19.00   25  0.8504029E+00   0.9813129E-04   0.1777621E-03
 49.00    19.00   25  0.7526059E+00   0.3686446E-03   0.2482597E-03
 50.00    19.00   25  0.7500001E+00   0.4392886E-01   0.2500000E-03
 51.00    19.00   25  0.7500001E+00   0.6255412E+01   0.2500000E-03
 44.00    20.00   25  0.3616806E-03   0.1181634E-04   0.4943302E-03
 45.00    20.00   25  0.5117379E-01   0.1809280E-04   0.4108030E-03
 46.00    20.00   25  0.6181016E-01   0.1498006E-04   0.3995789E-03
 47.00    20.00   25  0.2250618E-01   0.8975427E-05   0.4459298E-03
 48.00    20.00   25  0.5633709E+00   0.8720974E-04   0.7514097E-04
 49.00    20.00   25  0.7598311E+00   0.8378262E-04   0.2434024E-03
 50.00    20.00   25  0.7499999E+00   0.7448190E-03   0.2500000E-03
 51.00    20.00   25  0.7500001E+00   0.2976768E+00   0.2500000E-03
 44.00    21.00   25  0.6006432E-05   0.3220906E-05   0.4992895E-03
 45.00    21.00   25  0.4065845E-03   0.1881198E-05   0.4939771E-03
 46.00    21.00   25  0.1187952E-03   0.8065221E-06   0.4967945E-03
 47.00    21.00   25  0.4776092E-05   0.2740410E-06   0.4993668E-03
 48.00    21.00   25  0.3654899E+00   0.6307753E-04   0.1782386E-03
 49.00    21.00   25  0.7748764E+00   0.7403204E-04   0.2331310E-03
 50.00    21.00   25  0.7500000E+00   0.6095970E-03   0.2500000E-03
 51.00    21.00   25  0.7500000E+00   0.2692232E+00   0.2500000E-03
 47.00    22.00   25  0.2482923E-04   0.2241202E-05   0.4985492E-03
 48.00    22.00   25  0.4582379E+00   0.5707554E-04   0.1270479E-03
 49.00    22.00   25  0.8060092E+00   0.1017839E-03   0.2111438E-03
 50.00    22.00   25  0.7500001E+00   0.7965608E-03   0.2500000E-03
 51.00    22.00   25  0.7500000E+00   0.6579571E-02   0.2500000E-03
 52.00    22.00   25  0.7500000E+00   0.8023660E+01   0.2500000E-03
 53.00    22.00   25  0.7310064E+00   0.1221945E+00   0.2439818E-03
 47.00    23.00   25  0.1128998E-03   0.2683138E-05   0.4968764E-03
 48.00    23.00   25  0.3661145E+00   0.4354020E-04   0.1778761E-03
 49.00    23.00   25  0.8080195E+00   0.1062776E-03   0.2096873E-03
 50.00    23.00   25  0.7500000E+00   0.9453679E-04   0.2500000E-03
 51.00    23.00   25  0.7500000E+00   0.1967173E-03   0.2500000E-03
 52.00    23.00   25  0.7500001E+00   0.2389346E-03   0.2500000E-03
 53.00    23.00   25  0.6147853E+00   0.1330771E-03   0.2190348E-03
 47.00    24.00   25  0.6505138E-02   0.1606122E-04   0.4735404E-03
 48.00    24.00   25  0.8209545E+00   0.8747192E-04  -0.2115255E-04
 49.00    24.00   25  0.7685996E+00   0.5229676E-04   0.2374425E-03
 50.00    24.00   25  0.7500001E+00   0.3027495E-04   0.2500000E-03
 51.00    24.00   25  0.7500000E+00   0.3223867E-04   0.2500000E-03
 52.00    24.00   25  0.7500000E+00   0.2472238E-04   0.2500000E-03
 53.00    24.00   25  0.6323736E+00   0.1620308E-04   0.2216254E-03
 47.00    25.00   25  0.2472294E+00   0.1157447E-03   0.2518505E-03
 48.00    25.00   25  0.9806132E+00   0.7126347E-04   0.4949630E-04
 49.00    25.00   25  0.7597257E+00   0.3958950E-04   0.2434737E-03
 50.00    25.00   25  0.7500000E+00   0.1939618E-04   0.2500000E-03
 51.00    25.00   25  0.7500001E+00   0.2759048E-04   0.2500000E-03
 52.00    25.00   25  0.7499999E+00   0.1883714E-04   0.2500000E-03
 53.00    25.00   25  0.7370768E+00   0.1259723E-04   0.2458383E-03
 54.00    25.00   25  0.5953206E+00   0.2828706E-04   0.2166192E-03
 55.00    25.00   25  0.2702396E-01   0.4063474E-03   0.4063808E-03
 47.00    26.00   25  0.6424484E+00   0.2066064E-03   0.4041984E-04
 48.00    26.00   25  0.9100563E+00   0.3637093E-04   0.1275621E-03
 49.00    26.00   25  0.7624961E+00   0.1777405E-04   0.2415988E-03
 50.00    26.00   25  0.7500820E+00   0.8920124E-05   0.2499454E-03
 51.00    26.00   25  0.7500000E+00   0.2263874E-04   0.2500000E-03
 52.00    26.00   25  0.7500001E+00   0.1795806E-04   0.2500000E-03
 53.00    26.00   25  0.7500000E+00   0.3557919E-04   0.2500000E-03
 54.00    26.00   25  0.7500000E+00   0.6402574E-03   0.2500000E-03
 47.00    27.00   25  0.5017836E+00   0.6536702E-03   0.1047715E-03
 48.00    27.00   25  0.9641148E+00   0.5214069E-04   0.7163725E-04
 49.00    27.00   25  0.8076023E+00   0.1815721E-04   0.2099900E-03
 50.00    27.00   25  0.7549292E+00   0.1053493E-04   0.2467031E-03
 51.00    27.00   25  0.7500150E+00   0.1676354E-04   0.2499900E-03
 52.00    27.00   25  0.7500002E+00   0.2727629E-04   0.2500000E-03
 53.00    27.00   25  0.7500000E+00   0.5760900E-03   0.2500000E-03
 54.00    27.00   25  0.7500001E+00   0.3050817E+03   0.2500000E-03
 47.00    28.00   25  0.5993059E-01   0.1846207E-01   0.4015153E-03
 48.00    28.00   25  0.7990106E+00   0.4892325E-03  -0.1518906E-04
 49.00    28.00   25  0.9361381E+00   0.6507884E-04   0.1025138E-03
 50.00    28.00   25  0.7799702E+00   0.1773465E-04   0.2296033E-03
 51.00    28.00   25  0.7508807E+00   0.1702564E-04   0.2494125E-03
 52.00    28.00   25  0.7500000E+00   0.9898531E-04   0.2500000E-03
 53.00    28.00   25  0.7500001E+00   0.7845470E+00   0.2500000E-03
 48.00    29.00   25  0.5589150E-03   0.1565543E-02   0.4928978E-03
 49.00    29.00   25  0.8944948E+00   0.6984922E-03  -0.3592938E-04
 50.00    29.00   25  0.8245388E+00   0.4595974E-04   0.1975313E-03
 51.00    29.00   25  0.7529845E+00   0.4120197E-04   0.2480064E-03
 52.00    29.00   25  0.7500001E+00   0.8561867E-03   0.2500000E-03
 49.00    30.00   25  0.7162463E-01   0.6468339E-02   0.3897484E-03
 50.00    30.00   25  0.9977325E+00   0.1475015E-02   0.1486455E-04
 51.00    30.00   25  0.7860945E+00   0.1391388E-02   0.2253272E-03
 52.00    30.00   25  0.7500001E+00   0.1482945E+00   0.2500000E-03
 45.00    17.00   26  0.1651608E-04   0.1254819E-05   0.4988186E-03
 46.00    17.00   26  0.1519329E-04   0.4529758E-06   0.4988672E-03
 45.00    18.00   26  0.8339272E-03   0.4082314E-05   0.4912502E-03
 46.00    18.00   26  0.2337148E-02   0.7311546E-05   0.4848921E-03
 47.00    18.00   26  0.8143673E+00   0.2352542E-02   0.2050561E-03
 48.00    18.00   26  0.7500000E+00   0.5163103E-02   0.2500000E-03
 49.00    18.00   26  0.7500002E+00   0.1924872E+00   0.2500000E-03
 44.00    19.00   26  0.9563901E-03   0.3847041E-04   0.4905987E-03
 45.00    19.00   26  0.3115249E-01   0.1838357E-04   0.4342723E-03
 46.00    19.00   26  0.5178478E+00   0.8930670E-04   0.9683060E-04
 47.00    19.00   26  0.9456266E+00   0.1011666E-03   0.9264471E-04
 48.00    19.00   26  0.7848827E+00   0.1138198E-03   0.2261763E-03
 49.00    19.00   26  0.7506449E+00   0.5638706E-03   0.2495699E-03
 50.00    19.00   26  0.7499999E+00   0.1213985E+00   0.2500000E-03
 44.00    20.00   26  0.5796979E-02   0.3006144E-04   0.4751862E-03
 45.00    20.00   26  0.1518183E+00   0.3568716E-04   0.3205013E-03
 46.00    20.00   26  0.1273313E+00   0.2281536E-04   0.3401063E-03
 47.00    20.00   26  0.1122840E+00   0.2321032E-04   0.3527188E-03
 48.00    20.00   26  0.9715496E+00   0.1045289E-03  -0.3376877E-04
 49.00    20.00   26  0.7519046E+00   0.1024353E-03   0.2487286E-03
 50.00    20.00   26  0.7500000E+00   0.2139013E-02   0.2500000E-03
 44.00    21.00   26  0.1966709E-02   0.1885510E-04   0.4862272E-03
 45.00    21.00   26  0.8038708E-02   0.6452845E-05   0.4702026E-03
 46.00    21.00   26  0.3486791E-03   0.1116276E-05   0.4944362E-03
 47.00    21.00   26  0.2610697E-03   0.1205091E-05   0.4952058E-03
 48.00    21.00   26  0.5925244E+00   0.8355860E-04   0.6189308E-04
 49.00    21.00   26  0.7517210E+00   0.7590686E-04   0.2488513E-03
 50.00    21.00   26  0.7500000E+00   0.1217546E-02   0.2500000E-03
 44.00    22.00   26  0.1887857E-04   0.8583106E-05   0.4987363E-03
 45.00    22.00   26  0.1762494E-05   0.2666791E-06   0.4996159E-03
 46.00    22.00   26  0.2731244E-10   0.1660378E-08   0.4999985E-03
 47.00    22.00   26  0.2972586E-02   0.1093570E-04   0.4827981E-03
 48.00    22.00   26  0.9099367E+00   0.8111761E-04  -0.3760797E-04
 49.00    22.00   26  0.7563679E+00   0.1249636E-03   0.2457365E-03
 50.00    22.00   26  0.7500001E+00   0.6938823E-02   0.2500000E-03
 51.00    22.00   26  0.7500001E+00   0.2777866E+03   0.2500000E-03
 47.00    23.00   26  0.1558083E-02   0.6753112E-05   0.4878351E-03
 48.00    23.00   26  0.6329777E+00   0.5919597E-04   0.4437185E-04
 49.00    23.00   26  0.7819139E+00   0.1516844E-03   0.2282504E-03
 50.00    23.00   26  0.7500001E+00   0.4144688E-03   0.2500000E-03
 51.00    23.00   26  0.7500001E+00   0.2585591E-01   0.2500000E-03
 52.00    23.00   26  0.7500000E+00   0.3024366E-01   0.2500000E-03
 47.00    24.00   26  0.9707945E-02   0.1521275E-04   0.4668416E-03
 48.00    24.00   26  0.8901179E+00   0.8195882E-04  -0.3534002E-04
 49.00    24.00   26  0.7611108E+00   0.5673006E-04   0.2425370E-03
 50.00    24.00   26  0.7500000E+00   0.5174109E-04   0.2500000E-03
 51.00    24.00   26  0.7499999E+00   0.1119720E-03   0.2500000E-03
 52.00    24.00   26  0.7499470E+00   0.7551329E-04   0.2499823E-03
 53.00    24.00   26  0.9152448E-01   0.1825189E-04   0.3335190E-03
 47.00    25.00   26  0.2207830E+00   0.8533351E-04   0.2698735E-03
 48.00    25.00   26  0.9642296E+00   0.7320843E-04   0.7149717E-04
 49.00    25.00   26  0.7509685E+00   0.3081705E-04   0.2493540E-03
 50.00    25.00   26  0.7500001E+00   0.2480166E-04   0.2500000E-03
 51.00    25.00   26  0.7499999E+00   0.2514530E-04   0.2500000E-03
 52.00    25.00   26  0.7499188E+00   0.1633130E-04   0.2499731E-03
 53.00    25.00   26  0.6169055E+00   0.1054785E-04   0.2193263E-03
 47.00    26.00   26  0.6443362E+00   0.1400584E-03   0.3963913E-04
 48.00    26.00   26  0.9139614E+00   0.4355393E-04   0.1239700E-03
 49.00    26.00   26  0.7522913E+00   0.1869791E-04   0.2484701E-03
 50.00    26.00   26  0.7500000E+00   0.1205060E-04   0.2500000E-03
 51.00    26.00   26  0.7500000E+00   0.2644657E-04   0.2500000E-03
 52.00    26.00   26  0.7499996E+00   0.1576251E-04   0.2499998E-03
 53.00    26.00   26  0.7494746E+00   0.1904618E-04   0.2498251E-03
 54.00    26.00   26  0.7471732E+00   0.2081900E-03   0.2490648E-03
 55.00    26.00   26  0.7500002E+00   0.6885334E+02   0.2500000E-03
 47.00    27.00   26  0.7437664E+00   0.3748432E-03   0.2095010E-05
 48.00    27.00   26  0.8974619E+00   0.3269831E-04   0.1388400E-03
 49.00    27.00   26  0.7662572E+00   0.1233222E-04   0.2390418E-03
 50.00    27.00   26  0.7509392E+00   0.8502289E-05   0.2493734E-03
 51.00    27.00   26  0.7500003E+00   0.1806851E-04   0.2499998E-03
 52.00    27.00   26  0.7500001E+00   0.1967103E-04   0.2500000E-03
 53.00    27.00   26  0.7500001E+00   0.1638031E-03   0.2500000E-03
 54.00    27.00   26  0.7500000E+00   0.2559305E+00   0.2500000E-03
 47.00    28.00   26  0.1178689E+00   0.3146834E-02   0.3479814E-03
 48.00    28.00   26  0.9977643E+00   0.1713154E-03   0.1475247E-04
 49.00    28.00   26  0.8721936E+00   0.3120357E-04   0.1602843E-03
 50.00    28.00   26  0.7666629E+00   0.1321112E-04   0.2387651E-03
 51.00    28.00   26  0.7502203E+00   0.1424812E-04   0.2498532E-03
 52.00    28.00   26  0.7500000E+00   0.4783010E-04   0.2500000E-03
 53.00    28.00   26  0.7500002E+00   0.4057081E-01   0.2500000E-03
 48.00    29.00   26  0.5276514E-01   0.1760503E-02   0.4090800E-03
 49.00    29.00   26  0.9889407E+00   0.2992268E-03  -0.2466008E-04
 50.00    29.00   26  0.8050207E+00   0.2608623E-04   0.2118583E-03
 51.00    29.00   26  0.7521079E+00   0.1982479E-04   0.2485927E-03
 52.00    29.00   26  0.7500000E+00   0.1871796E-03   0.2500000E-03
 49.00    30.00   26  0.3931383E+00   0.6843163E-02   0.1624283E-03
 50.00    30.00   26  0.9142252E+00   0.2430617E-03   0.1237255E-03
 51.00    30.00   26  0.7834881E+00   0.1620564E-03   0.2271517E-03
 52.00    30.00   26  0.7500001E+00   0.4613415E-02   0.2500000E-03
 50.00    31.00   26  0.1891091E-01   0.1116776E-01   0.4512240E-03
 51.00    31.00   26  0.6181080E-01   0.6163164E-01   0.3995783E-03
 45.00    17.00   27  0.1006988E-06   0.1036384E-06   0.4999083E-03
 46.00    17.00   27  0.4354518E-07   0.3148141E-07   0.4999398E-03
 45.00    18.00   27  0.2926395E-03   0.2740018E-05   0.4949162E-03
 46.00    18.00   27  0.5214404E-03   0.4609004E-05   0.4931491E-03
 47.00    18.00   27  0.7532563E+00   0.5496789E-01   0.2478244E-03
 48.00    18.00   27  0.7500001E+00   0.1069585E+00   0.2500000E-03
 49.00    18.00   27  0.7500000E+00   0.1721499E+02   0.2500000E-03
 44.00    19.00   27  0.1542687E-02   0.7186996E-04   0.4878991E-03
 45.00    19.00   27  0.1206117E-01   0.1249210E-04   0.4624579E-03
 46.00    19.00   27  0.6220268E+00   0.1461497E-03   0.4901356E-04
 47.00    19.00   27  0.8978233E+00   0.1401910E-03   0.1385225E-03
 48.00    19.00   27  0.7664950E+00   0.1476140E-03   0.2388796E-03
 49.00    19.00   27  0.7500982E+00   0.7243103E-03   0.2499347E-03
 50.00    19.00   27  0.7500000E+00   0.5875781E+01   0.2500000E-03
 44.00    20.00   27  0.1281248E-01   0.4573174E-04   0.4611280E-03
 45.00    20.00   27  0.1653832E+00   0.3957569E-04   0.3100581E-03
 46.00    20.00   27  0.2150499E+00   0.3165918E-04   0.2738709E-03
 47.00    20.00   27  0.3843732E+00   0.5382944E-04   0.1673883E-03
 48.00    20.00   27  0.9821058E+00   0.9200142E-04   0.4721578E-04
 49.00    20.00   27  0.7512953E+00   0.1400504E-03   0.2491358E-03
 50.00    20.00   27  0.7500000E+00   0.9712892E-02   0.2500000E-03
 44.00    21.00   27  0.3190848E-01   0.4950009E-04   0.4333093E-03
 45.00    21.00   27  0.4440634E-01   0.1546452E-04   0.4183309E-03
 46.00    21.00   27  0.5609163E-03   0.1383056E-05   0.4928846E-03
 47.00    21.00   27  0.1568156E-02   0.2304970E-05   0.4877934E-03
 48.00    21.00   27  0.8262143E+00   0.1039382E-03  -0.2249348E-04
 49.00    21.00   27  0.7504983E+00   0.9001082E-04   0.2496677E-03
 50.00    21.00   27  0.7500000E+00   0.2496433E-02   0.2500000E-03
 44.00    22.00   27  0.5953473E-02   0.3497829E-04   0.4748159E-03
 45.00    22.00   27  0.7588047E-03   0.3051950E-05   0.4916717E-03
 46.00    22.00   27  0.9436786E-07   0.6319960E-07   0.4999113E-03
 47.00    22.00   27  0.3094107E-01   0.2103479E-04   0.4345431E-03
 48.00    22.00   27  0.9989728E+00   0.8388991E-04   0.9761017E-05
 49.00    22.00   27  0.7500105E+00   0.1723471E-03   0.2499930E-03
 50.00    22.00   27  0.7500002E+00   0.1968159E-01   0.2500000E-03
 44.00    23.00   27  0.8429869E-03   0.1658160E-03   0.4912006E-03
 45.00    23.00   27  0.2356098E-04   0.9028880E-05   0.4985870E-03
 47.00    23.00   27  0.2506413E-01   0.1905162E-04   0.4423423E-03
 48.00    23.00   27  0.9625646E+00   0.7863864E-04  -0.3608048E-04
 49.00    23.00   27  0.7547197E+00   0.3291141E-03   0.2468436E-03
 50.00    23.00   27  0.7500000E+00   0.3966772E-02   0.2500000E-03
 47.00    24.00   27  0.2988740E-01   0.2239812E-04   0.4359017E-03
 48.00    24.00   27  0.9552155E+00   0.9023820E-04  -0.3731460E-04
 49.00    24.00   27  0.7537346E+00   0.1182250E-03   0.2475041E-03
 50.00    24.00   27  0.7500000E+00   0.2420291E-03   0.2500000E-03
 51.00    24.00   27  0.7500002E+00   0.1939531E-02   0.2500000E-03
 52.00    24.00   27  0.7491598E+00   0.9304360E-03   0.2497205E-03
 47.00    25.00   27  0.3711697E+00   0.1199465E-03   0.1749511E-03
 48.00    25.00   27  0.9108379E+00   0.6702360E-04   0.1268469E-03
 49.00    25.00   27  0.7501230E+00   0.3277032E-04   0.2499180E-03
 50.00    25.00   27  0.7499999E+00   0.3716433E-04   0.2500000E-03
 51.00    25.00   27  0.7500001E+00   0.4668448E-04   0.2500000E-03
 52.00    25.00   27  0.7467290E+00   0.3197396E-04   0.2489191E-03
 53.00    25.00   27  0.8930856E-01   0.7131518E-05   0.3353463E-03
 47.00    26.00   27  0.7541167E+00   0.1450678E-03  -0.1364620E-05
 48.00    26.00   27  0.8891336E+00   0.5065222E-04   0.1460675E-03
 49.00    26.00   27  0.7503474E+00   0.2291402E-04   0.2497683E-03
 50.00    26.00   27  0.7499999E+00   0.2063340E-04   0.2500000E-03
 51.00    26.00   27  0.7500000E+00   0.2331516E-04   0.2500000E-03
 52.00    26.00   27  0.7493908E+00   0.1405508E-04   0.2497971E-03
 53.00    26.00   27  0.7171071E+00   0.1439258E-04   0.2399587E-03
 54.00    26.00   27  0.5747805E+00   0.1291921E-03   0.2145718E-03
 47.00    27.00   27  0.9158786E+00   0.2909451E-03  -0.3806682E-04
 48.00    27.00   27  0.8795193E+00   0.3277165E-04   0.1542108E-03
 49.00    27.00   27  0.7549863E+00   0.1167163E-04   0.2466647E-03
 50.00    27.00   27  0.7501253E+00   0.9995857E-05   0.2499165E-03
 51.00    27.00   27  0.7500000E+00   0.2337186E-04   0.2500000E-03
 52.00    27.00   27  0.7500000E+00   0.1754259E-04   0.2500000E-03
 53.00    27.00   27  0.7500000E+00   0.8321097E-04   0.2500000E-03
 54.00    27.00   27  0.7500000E+00   0.3178673E-01   0.2500000E-03
 47.00    28.00   27  0.6414152E+00   0.2996216E-02   0.4084816E-04
 48.00    28.00   27  0.9386793E+00   0.7627167E-04   0.9991869E-04
 49.00    28.00   27  0.8061713E+00   0.1746158E-04   0.2110266E-03
 50.00    28.00   27  0.7560640E+00   0.1090931E-04   0.2459409E-03
 51.00    28.00   27  0.7500561E+00   0.1561252E-04   0.2499626E-03
 52.00    28.00   27  0.7500001E+00   0.3984579E-04   0.2500000E-03
 53.00    28.00   27  0.7500000E+00   0.6748854E-02   0.2500000E-03
 47.00    29.00   27  0.2514010E-01   0.3413479E+00   0.4422377E-03
 48.00    29.00   27  0.6712415E+00   0.2066934E-02   0.2877068E-04
 49.00    29.00   27  0.9799911E+00   0.1298555E-03   0.5042757E-04
 50.00    29.00   27  0.7925514E+00   0.1968175E-04   0.2207762E-03
 51.00    29.00   27  0.7512882E+00   0.1601334E-04   0.2491405E-03
 52.00    29.00   27  0.7500001E+00   0.1132694E-03   0.2500000E-03
 49.00    30.00   27  0.8405495E+00   0.3462833E-02  -0.2595753E-04
 50.00    30.00   27  0.8573627E+00   0.8594938E-04   0.1722691E-03
 51.00    30.00   27  0.7729017E+00   0.5322886E-04   0.2344916E-03
 52.00    30.00   27  0.7500000E+00   0.1040044E-02   0.2500000E-03
 49.00    31.00   27  0.7642516E+00   0.4378379E+01  -0.4658534E-05
 50.00    31.00   27  0.6242802E+00   0.5478796E-02   0.4805217E-04
 51.00    31.00   27  0.9536670E+00   0.6171724E-02  -0.3751455E-04
 52.00    31.00   27  0.7500000E+00   0.2671094E+02   0.2500000E-03
 45.00    18.00   28  0.2500423E-04   0.1023462E-05   0.4985440E-03
 46.00    18.00   28  0.1238373E-04   0.1067002E-05   0.4989780E-03
 44.00    19.00   28  0.7880854E-03   0.4370494E-04   0.4915053E-03
 45.00    19.00   28  0.7389224E-02   0.1198706E-04   0.4715826E-03
 46.00    19.00   28  0.8423545E+00   0.3168636E-03  -0.2637284E-04
 47.00    19.00   28  0.8426830E+00   0.2489899E-03   0.1837648E-03
 48.00    19.00   28  0.7566471E+00   0.2123440E-03   0.2455488E-03
 49.00    19.00   28  0.7500001E+00   0.1044549E-02   0.2500000E-03
 44.00    20.00   28  0.1319341E-01   0.3551845E-04   0.4604648E-03
 45.00    20.00   28  0.2145120E+00   0.5301278E-04   0.2742477E-03
 46.00    20.00   28  0.4949702E+00   0.5687781E-04   0.1081847E-03
 47.00    20.00   28  0.8881871E+00   0.9768637E-04  -0.3506558E-04
 48.00    20.00   28  0.9123651E+00   0.8228254E-04   0.1254441E-03
 49.00    20.00   28  0.7507509E+00   0.2094555E-03   0.2494991E-03
 50.00    20.00   28  0.7500002E+00   0.1402647E+00   0.2500000E-03
 43.00    21.00   28  0.1436265E-04   0.4051330E-04   0.4988989E-03
 44.00    21.00   28  0.5144284E-01   0.4414796E-04   0.4105105E-03
 45.00    21.00   28  0.4994819E-01   0.1663927E-04   0.4121415E-03
 46.00    21.00   28  0.1568479E-02   0.2133987E-05   0.4877920E-03
 47.00    21.00   28  0.6847900E-02   0.4740908E-05   0.4727695E-03
 48.00    21.00   28  0.9399876E+00   0.1099740E-03  -0.3855699E-04
 49.00    21.00   28  0.7502934E+00   0.1175665E-03   0.2498043E-03
 50.00    21.00   28  0.7500001E+00   0.1274600E-01   0.2500000E-03
 43.00    22.00   28  0.2273298E-02   0.1532351E-03   0.4851152E-03
 44.00    22.00   28  0.4880321E-01   0.3872341E-04   0.4134015E-03
 45.00    22.00   28  0.5454691E-02   0.5726178E-05   0.4760106E-03
 46.00    22.00   28  0.9610893E-08   0.1402013E-07   0.4999717E-03
 47.00    22.00   28  0.6356530E-01   0.2274847E-04   0.3977873E-03
 48.00    22.00   28  0.9601526E+00   0.8832978E-04   0.7638882E-04
 49.00    22.00   28  0.7499999E+00   0.2012340E-03   0.2500000E-03
 50.00    22.00   28  0.7500000E+00   0.3528065E-01   0.2500000E-03
 43.00    23.00   28  0.1865020E-02   0.2114176E-03   0.4866125E-03
 44.00    23.00   28  0.1266955E-01   0.4165066E-04   0.4613787E-03
 45.00    23.00   28  0.1062313E-02   0.1077285E-04   0.4900650E-03
 47.00    23.00   28  0.1222247E+00   0.3421603E-04   0.3443335E-03
 48.00    23.00   28  0.9799535E+00   0.8457134E-04   0.5048391E-04
 49.00    23.00   28  0.7500002E+00   0.8442773E-03   0.2499999E-03
 50.00    23.00   28  0.7499998E+00   0.1469916E+00   0.2500001E-03
 43.00    24.00   28  0.6032422E-05   0.9776196E-04   0.4992880E-03
 44.00    24.00   28  0.4222803E-04   0.3184140E-04   0.4981030E-03
 45.00    24.00   28  0.1254595E-09   0.1220310E-06   0.4999968E-03
 47.00    24.00   28  0.9321586E-01   0.3094403E-04   0.3694642E-03
 48.00    24.00   28  0.9985152E+00   0.1070676E-03  -0.1037325E-04
 49.00    24.00   28  0.7500002E+00   0.3986610E-03   0.2499999E-03
 50.00    24.00   28  0.7500000E+00   0.2927070E-02   0.2500000E-03
 52.00    24.00   28  0.7226044E+00   0.9023479E+00   0.2415126E-03
 47.00    25.00   28  0.4482326E+00   0.1296266E-03   0.1323218E-03
 48.00    25.00   28  0.8752850E+00   0.7859564E-04   0.1577344E-03
 49.00    25.00   28  0.7500000E+00   0.5494042E-04   0.2500000E-03
 50.00    25.00   28  0.7500000E+00   0.1369604E-03   0.2500000E-03
 51.00    25.00   28  0.7500001E+00   0.2644019E-03   0.2500000E-03
 52.00    25.00   28  0.6876901E+00   0.1560760E-03   0.2324354E-03
 47.00    26.00   28  0.8429495E+00   0.1564377E-03  -0.2650870E-04
 48.00    26.00   28  0.8416556E+00   0.4709928E-04   0.1845570E-03
 49.00    26.00   28  0.7500169E+00   0.2714285E-04   0.2499887E-03
 50.00    26.00   28  0.7500000E+00   0.2959786E-04   0.2500000E-03
 51.00    26.00   28  0.7499999E+00   0.2965639E-04   0.2500000E-03
 52.00    26.00   28  0.7365841E+00   0.1738894E-04   0.2456853E-03
 53.00    26.00   28  0.4425148E+00   0.1383294E-04   0.2132391E-03
 47.00    27.00   28  0.9505979E+00   0.2386981E-03  -0.3785669E-04
 48.00    27.00   28  0.8631065E+00   0.3860245E-04   0.1676745E-03
 49.00    27.00   28  0.7509844E+00   0.1480188E-04   0.2493433E-03
 50.00    27.00   28  0.7500000E+00   0.1562826E-04   0.2500000E-03
 51.00    27.00   28  0.7500001E+00   0.2228128E-04   0.2500000E-03
 52.00    27.00   28  0.7499126E+00   0.1508903E-04   0.2499708E-03
 53.00    27.00   28  0.7495223E+00   0.5939293E-04   0.2498410E-03
 54.00    27.00   28  0.7500000E+00   0.2978790E-01   0.2500000E-03
 47.00    28.00   28  0.9244014E+00   0.9750783E-03  -0.3851345E-04
 48.00    28.00   28  0.9039323E+00   0.4742627E-04   0.1331018E-03
 49.00    28.00   28  0.7710444E+00   0.1219894E-04   0.2357677E-03
 50.00    28.00   28  0.7517297E+00   0.1061813E-04   0.2488457E-03
 51.00    28.00   28  0.7500026E+00   0.1945119E-04   0.2499983E-03
 52.00    28.00   28  0.7500000E+00   0.3305095E-04   0.2500000E-03
 53.00    28.00   28  0.7500001E+00   0.2194674E-02   0.2500000E-03
 47.00    29.00   28  0.9592722E+00   0.7052062E-01  -0.3669527E-04
 48.00    29.00   28  0.9994652E+00   0.4921869E-03   0.6940216E-05
 49.00    29.00   28  0.8851812E+00   0.4679439E-04   0.1494398E-03
 50.00    29.00   28  0.7734317E+00   0.1508843E-04   0.2341267E-03
 51.00    29.00   28  0.7507437E+00   0.1516839E-04   0.2495039E-03
 52.00    29.00   28  0.7500000E+00   0.8793801E-04   0.2500000E-03
 48.00    30.00   28  0.1016918E+00   0.1046953E+00   0.3619042E-03
 49.00    30.00   28  0.9917347E+00   0.9076427E-03  -0.2200308E-04
 50.00    30.00   28  0.8338028E+00   0.4042016E-04   0.1905602E-03
 51.00    30.00   28  0.7600863E+00   0.2471764E-04   0.2432301E-03
 52.00    30.00   28  0.7500000E+00   0.3285012E-03   0.2500000E-03
 49.00    31.00   28  0.6349295E+00   0.1292581E+00   0.4355266E-04
 50.00    31.00   28  0.9409744E+00   0.7119275E-03   0.9754542E-04
 51.00    31.00   28  0.8764658E+00   0.3500119E-03   0.1567555E-03
 52.00    31.00   28  0.7500000E+00   0.3370642E-01   0.2500000E-03
 50.00    32.00   28  0.7532551E-02   0.2930182E-01   0.4712741E-03
 51.00    32.00   28  0.5704622E-02   0.8101701E-02   0.4754067E-03
 45.00    18.00   29  0.2006246E-09   0.4193546E-08   0.4999959E-03
 46.00    18.00   29  0.9180768E-12   0.3786146E-09   0.4999997E-03
 44.00    19.00   29  0.4295860E-04   0.1112307E-04   0.4980865E-03
 45.00    19.00   29  0.8450163E-03   0.6695446E-05   0.4911895E-03
 46.00    19.00   29  0.3350353E+00   0.5725397E-03   0.1962269E-03
 47.00    19.00   29  0.7982547E+00   0.8059730E-03   0.2167189E-03
 48.00    19.00   29  0.7501971E+00   0.3655900E-03   0.2498687E-03
 49.00    19.00   29  0.7500001E+00   0.2086406E-02   0.2500000E-03
 43.00    20.00   29  0.5277106E-03   0.5311073E-03   0.4931065E-03
 44.00    20.00   29  0.6489789E-02   0.2854114E-04   0.4735753E-03
 45.00    20.00   29  0.3784102E+00   0.1014635E-03   0.1707902E-03
 46.00    20.00   29  0.9138508E+00   0.9802596E-04  -0.3792305E-04
 47.00    20.00   29  0.9706811E+00   0.9988808E-04   0.6335872E-04
 48.00    20.00   29  0.8315226E+00   0.8009895E-04   0.1922869E-03
 49.00    20.00   29  0.7500164E+00   0.3621856E-03   0.2499891E-03
 43.00    21.00   29  0.5264209E-03   0.7814218E-04   0.4931152E-03
 44.00    21.00   29  0.7717913E-01   0.5651237E-04   0.3843702E-03
 45.00    21.00   29  0.9334393E-01   0.2926578E-04   0.3693485E-03
 46.00    21.00   29  0.1899424E-01   0.8260200E-05   0.4510975E-03
 47.00    21.00   29  0.5240037E-01   0.1598426E-04   0.4094735E-03
 48.00    21.00   29  0.9954151E+00   0.1064232E-03  -0.1720915E-04
 49.00    21.00   29  0.7500102E+00   0.1888852E-03   0.2499931E-03
 50.00    21.00   29  0.7500000E+00   0.1874694E+01   0.2500000E-03
 43.00    22.00   29  0.2645961E-02   0.7166025E-04   0.4838476E-03
 44.00    22.00   29  0.6127669E-01   0.3520402E-04   0.4001267E-03
 45.00    22.00   29  0.8974179E-02   0.8729273E-05   0.4682891E-03
 46.00    22.00   29  0.3269853E-04   0.7119781E-06   0.4983330E-03
 47.00    22.00   29  0.6383325E-01   0.1977360E-04   0.3975151E-03
 48.00    22.00   29  0.9480051E+00   0.9615129E-04   0.9008829E-04
 49.00    22.00   29  0.7500002E+00   0.2261031E-03   0.2500000E-03
 50.00    22.00   29  0.7500001E+00   0.7453542E+00   0.2500000E-03
 43.00    23.00   29  0.1102474E-01   0.1195064E-03   0.4643447E-03
 44.00    23.00   29  0.4146498E-01   0.2865518E-04   0.4217164E-03
 45.00    23.00   29  0.3034110E-02   0.8713697E-05   0.4826061E-03
 46.00    23.00   29  0.9250991E-02   0.2736345E-04   0.4677379E-03
 47.00    23.00   29  0.6897247E+00   0.9148067E-04   0.2159472E-04
 48.00    23.00   29  0.8524029E+00   0.8807090E-04   0.1761916E-03
 49.00    23.00   29  0.7499999E+00   0.1456760E-02   0.2500000E-03
 43.00    24.00   29  0.5289662E-02   0.1364104E-03   0.4764154E-03
 44.00    24.00   29  0.9414043E-02   0.2790515E-04   0.4674162E-03
 45.00    24.00   29  0.5171317E-03   0.1845977E-04   0.4931786E-03
 46.00    24.00   29  0.8925864E-02   0.3850207E-04   0.4683860E-03
 47.00    24.00   29  0.5048597E+00   0.8234874E-04   0.1032394E-03
 48.00    24.00   29  0.8872486E+00   0.1290201E-03   0.1476805E-03
 49.00    24.00   29  0.7500002E+00   0.2123675E-02   0.2500000E-03
 50.00    24.00   29  0.7500002E+00   0.1935246E+00   0.2500000E-03
 43.00    25.00   29  0.3765125E-03   0.2905619E-03   0.4942114E-03
 44.00    25.00   29  0.2533551E-04   0.1258818E-04   0.4985344E-03
 46.00    25.00   29  0.2079120E-02   0.5814044E-04   0.4858113E-03
 47.00    25.00   29  0.5872053E+00   0.1312146E-03   0.6427200E-04
 48.00    25.00   29  0.8234572E+00   0.1112525E-03   0.1983379E-03
 49.00    25.00   29  0.7500000E+00   0.1652728E-03   0.2500000E-03
 50.00    25.00   29  0.7499999E+00   0.1856502E-02   0.2500001E-03
 51.00    25.00   29  0.7500000E+00   0.1759915E-01   0.2500000E-03
 52.00    25.00   29  0.1052391E+00   0.1508895E-02   0.3228336E-03
 46.00    26.00   29  0.1821975E-03   0.2747262E-03   0.4960127E-03
 47.00    26.00   29  0.8929252E+00   0.1759036E-03  -0.3572338E-04
 48.00    26.00   29  0.8081455E+00   0.4773839E-04   0.2095957E-03
 49.00    26.00   29  0.7500000E+00   0.3539720E-04   0.2500000E-03
 50.00    26.00   29  0.7500002E+00   0.6722473E-04   0.2500000E-03
 51.00    26.00   29  0.7500001E+00   0.9399214E-04   0.2500000E-03
 52.00    26.00   29  0.6110659E+00   0.4282715E-04   0.2185370E-03
 47.00    27.00   29  0.9457605E+00   0.2514730E-03  -0.3826222E-04
 48.00    27.00   29  0.8475399E+00   0.4460600E-04   0.1799990E-03
 49.00    27.00   29  0.7502193E+00   0.2267629E-04   0.2498538E-03
 50.00    27.00   29  0.7500001E+00   0.2423075E-04   0.2500000E-03
 51.00    27.00   29  0.7500000E+00   0.2507433E-04   0.2500000E-03
 52.00    27.00   29  0.7379259E+00   0.1454253E-04   0.2461029E-03
 53.00    27.00   29  0.6375515E+00   0.3380461E-04   0.2224634E-03
 47.00    28.00   29  0.9659296E+00   0.6190003E-03  -0.3533333E-04
 48.00    28.00   29  0.8774407E+00   0.4067230E-04   0.1559451E-03
 49.00    28.00   29  0.7557839E+00   0.1237753E-04   0.2461291E-03
 50.00    28.00   29  0.7502198E+00   0.1307610E-04   0.2498535E-03
 51.00    28.00   29  0.7500001E+00   0.2189258E-04   0.2500000E-03
 52.00    28.00   29  0.7500000E+00   0.2183682E-04   0.2500000E-03
 53.00    28.00   29  0.7383862E+00   0.4139224E-03   0.2462468E-03
 54.00    28.00   29  0.2691081E-02   0.2690515E-02   0.4700899E-03
 47.00    29.00   29  0.8535388E+00   0.7675054E-02  -0.2883567E-04
 48.00    29.00   29  0.9431836E+00   0.1295629E-03   0.9523399E-04
 49.00    29.00   29  0.8046957E+00   0.1964281E-04   0.2120929E-03
 50.00    29.00   29  0.7591490E+00   0.1230441E-04   0.2438630E-03
 51.00    29.00   29  0.7502921E+00   0.1752261E-04   0.2498053E-03
 52.00    29.00   29  0.7500000E+00   0.5376105E-04   0.2500000E-03
 53.00    29.00   29  0.7499999E+00   0.1528127E+00   0.2500000E-03
 47.00    30.00   29  0.7500000E+00   0.2505627E+03   0.2500000E-03
 48.00    30.00   29  0.9834316E+00   0.6160212E-02  -0.2856442E-04
 49.00    30.00   29  0.9554649E+00   0.1711090E-03   0.8181573E-04
 50.00    30.00   29  0.8011387E+00   0.2361514E-04   0.2146535E-03
 51.00    30.00   29  0.7544613E+00   0.1577302E-04   0.2470170E-03
 52.00    30.00   29  0.7500000E+00   0.1018783E-03   0.2500000E-03
 49.00    31.00   29  0.9111823E+00   0.6788364E-02  -0.3771356E-04
 50.00    31.00   29  0.8872113E+00   0.1257752E-03   0.1477122E-03
 51.00    31.00   29  0.7829812E+00   0.4404353E-04   0.2275059E-03
 52.00    31.00   29  0.7512619E+00   0.5087814E-03   0.2491580E-03
 50.00    32.00   29  0.9108999E+00   0.5226419E-02   0.1267900E-03
 51.00    32.00   29  0.9498322E+00   0.1536917E-02   0.8809922E-04
 52.00    32.00   29  0.8486649E+00   0.3332697E-01   0.1791214E-03
 47.00    18.00   30  0.1140321E-03   0.3232778E-03   0.4968605E-03
 48.00    18.00   30  0.7500000E+00   0.1996042E+01   0.2500000E-03
 44.00    19.00   30  0.2049786E-07   0.6124539E-06   0.4999587E-03
 45.00    19.00   30  0.3097226E-06   0.1780437E-06   0.4998392E-03
 46.00    19.00   30  0.1485324E-03   0.1125942E-04   0.4964078E-03
 47.00    19.00   30  0.8043384E+00   0.2372785E-02   0.2123509E-03
 48.00    19.00   30  0.7500000E+00   0.8983982E-03   0.2500000E-03
 49.00    19.00   30  0.7500000E+00   0.1300497E-01   0.2500000E-03
 50.00    19.00   30  0.7500000E+00   0.3109766E+02   0.2500000E-03
 44.00    20.00   30  0.4943882E-03   0.1193917E-04   0.4933358E-03
 45.00    20.00   30  0.1502081E+00   0.1142910E-03   0.3217595E-03
 46.00    20.00   30  0.9992821E+00   0.2159132E-03   0.8090225E-05
 47.00    20.00   30  0.8377431E+00   0.1225000E-03   0.1875591E-03
 48.00    20.00   30  0.7672098E+00   0.1064402E-03   0.2383920E-03
 49.00    20.00   30  0.7499999E+00   0.1014666E-02   0.2500000E-03
 50.00    20.00   30  0.7499999E+00   0.1315681E-01   0.2500000E-03
 43.00    21.00   30  0.4816475E-04   0.2226109E-04   0.4979725E-03
 44.00    21.00   30  0.5675535E-01   0.6403610E-04   0.4048303E-03
 45.00    21.00   30  0.1892722E+00   0.4869198E-04   0.2922827E-03
 46.00    21.00   30  0.1483939E+00   0.2815316E-04   0.3231819E-03
 47.00    21.00   30  0.7615930E+00   0.8301264E-04  -0.3803696E-05
 48.00    21.00   30  0.9390477E+00   0.9139533E-04   0.9953958E-04
 49.00    21.00   30  0.7500001E+00   0.3984234E-03   0.2500000E-03
 50.00    21.00   30  0.7500002E+00   0.1450520E-01   0.2500000E-03
 43.00    22.00   30  0.5652940E-03   0.3395264E-04   0.4928558E-03
 44.00    22.00   30  0.8571881E-01   0.4376597E-04   0.3763265E-03
 45.00    22.00   30  0.1560494E-01   0.1103725E-04   0.4564188E-03
 46.00    22.00   30  0.2800734E-02   0.4525645E-05   0.4833438E-03
 47.00    22.00   30  0.2333324E+00   0.3943394E-04   0.2612381E-03
 48.00    22.00   30  0.9409347E+00   0.9404974E-04   0.9758692E-04
 49.00    22.00   30  0.7500000E+00   0.4717758E-03   0.2500000E-03
 50.00    22.00   30  0.7500000E+00   0.3963477E+00   0.2500000E-03
 43.00    23.00   30  0.8691226E-02   0.8337234E-04   0.4688594E-03
 44.00    23.00   30  0.3953593E-01   0.2181193E-04   0.4239790E-03
 45.00    23.00   30  0.5191758E-02   0.7943741E-05   0.4766581E-03
 46.00    23.00   30  0.3782322E-01   0.3279322E-04   0.4260183E-03
 47.00    23.00   30  0.8797855E+00   0.9638312E-04  -0.3377342E-04
 48.00    23.00   30  0.8272990E+00   0.1303319E-03   0.1954664E-03
 49.00    23.00   30  0.7500001E+00   0.2953821E-02   0.2500000E-03
 50.00    23.00   30  0.7500002E+00   0.3423017E+00   0.2500000E-03
 43.00    24.00   30  0.1623413E-01   0.9904020E-04   0.4554017E-03
 44.00    24.00   30  0.5033580E-01   0.2781137E-04   0.4117171E-03
 45.00    24.00   30  0.4578458E-02   0.1610688E-04   0.4782226E-03
 46.00    24.00   30  0.5813588E-01   0.4650685E-04   0.4033820E-03
 47.00    24.00   30  0.6872649E+00   0.1052694E-03   0.2253565E-04
 48.00    24.00   30  0.8343379E+00   0.3200109E-03   0.1901539E-03
 49.00    24.00   30  0.7500001E+00   0.8467226E-02   0.2500000E-03
 43.00    25.00   30  0.1228597E-01   0.1900443E-03   0.4620568E-03
 44.00    25.00   30  0.1234888E-01   0.2692024E-04   0.4619451E-03
 45.00    25.00   30  0.2844451E-03   0.1113134E-04   0.4949899E-03
 46.00    25.00   30  0.2293980E-01   0.4766680E-04   0.4453121E-03
 47.00    25.00   30  0.5982864E+00   0.1304878E-03   0.5933535E-04
 48.00    25.00   30  0.8002432E+00   0.3219331E-03   0.2152958E-03
 49.00    25.00   30  0.7500000E+00   0.1680327E-02   0.2500000E-03
 50.00    25.00   30  0.7500001E+00   0.2258798E+00   0.2500000E-03
 43.00    26.00   30  0.3848511E-02   0.1174341E-02   0.4802019E-03
 44.00    26.00   30  0.2683385E-02   0.7600108E-04   0.4837246E-03
 45.00    26.00   30  0.5606625E-05   0.9017162E-05   0.4993137E-03
 46.00    26.00   30  0.6343622E-02   0.9278045E-04   0.4739092E-03
 47.00    26.00   30  0.9660046E+00   0.1698379E-03  -0.3531523E-04
 48.00    26.00   30  0.7808692E+00   0.7857179E-04   0.2289781E-03
 49.00    26.00   30  0.7500001E+00   0.1281438E-03   0.2500000E-03
 50.00    26.00   30  0.7500001E+00   0.5420842E-03   0.2500000E-03
 51.00    26.00   30  0.7481064E+00   0.1787213E-02   0.2493719E-03
 46.00    27.00   30  0.1562129E-01   0.2551131E-02   0.4563922E-03
 47.00    27.00   30  0.9995566E+00   0.2018502E-03  -0.5855691E-05
 48.00    27.00   30  0.7962174E+00   0.4174820E-04   0.2181723E-03
 49.00    27.00   30  0.7500719E+00   0.3664380E-04   0.2499521E-03
 50.00    27.00   30  0.7500000E+00   0.4864340E-04   0.2500000E-03
 51.00    27.00   30  0.7284225E+00   0.7418205E-04   0.2432101E-03
 52.00    27.00   30  0.2406061E-01   0.7253312E-05   0.4115284E-03
 55.00    27.00   30  0.2708905E-01   0.7224192E-02   0.4062713E-03
 47.00    28.00   30  0.9980774E+00   0.3434143E-03  -0.1168379E-04
 48.00    28.00   30  0.8253161E+00   0.4362126E-04   0.1969510E-03
 49.00    28.00   30  0.7509887E+00   0.2212388E-04   0.2493404E-03
 50.00    28.00   30  0.7500001E+00   0.2177531E-04   0.2500000E-03
 51.00    28.00   30  0.7399279E+00   0.2397455E-04   0.2467316E-03
 52.00    28.00   30  0.6531362E+00   0.1802052E-04   0.2251975E-03
 53.00    28.00   30  0.6012885E+00   0.7933434E-04   0.2173102E-03
 54.00    28.00   30  0.6386662E+00   0.4418247E-03   0.2226484E-03
 55.00    28.00   30  0.7500000E+00   0.2788781E+00   0.2500000E-03
 47.00    29.00   30  0.9964259E+00   0.6061081E-03   0.1901432E-04
 48.00    29.00   30  0.8484550E+00   0.5208387E-04   0.1792854E-03
 49.00    29.00   30  0.7601185E+00   0.1384780E-04   0.2432082E-03
 50.00    29.00   30  0.7516921E+00   0.1497889E-04   0.2488708E-03
 51.00    29.00   30  0.7505003E+00   0.2024087E-04   0.2494878E-03
 52.00    29.00   30  0.7496231E+00   0.2895546E-04   0.2495510E-03
 53.00    29.00   30  0.7499844E+00   0.2130237E-03   0.2499947E-03
 54.00    29.00   30  0.7500000E+00   0.1487049E-02   0.2500000E-03
 55.00    29.00   30  0.7500001E+00   0.2522068E+02   0.2500000E-03
 47.00    30.00   30  0.9891863E+00   0.2156878E-02  -0.2444937E-04
 48.00    30.00   30  0.8889847E+00   0.8463176E-04   0.1461952E-03
 49.00    30.00   30  0.7940663E+00   0.2129045E-04   0.2197020E-03
 50.00    30.00   30  0.7702240E+00   0.1609598E-04   0.2363304E-03
 51.00    30.00   30  0.7569700E+00   0.1948649E-04   0.2453316E-03
 52.00    30.00   30  0.7534016E+00   0.4578222E-04   0.2477271E-03
 53.00    30.00   30  0.7503338E+00   0.1856428E-03   0.2497775E-03
 54.00    30.00   30  0.7499999E+00   0.8853417E-03   0.2500000E-03
 55.00    30.00   30  0.7500000E+00   0.2254039E+01   0.2500000E-03
 47.00    31.00   30  0.1650546E+00   0.9245332E-02   0.3103079E-03
 48.00    31.00   30  0.9978501E+00   0.4919373E-03  -0.1229596E-04
 49.00    31.00   30  0.9332856E+00   0.1169583E-03   0.1053894E-03
 50.00    31.00   30  0.8019536E+00   0.3256017E-04   0.2140681E-03
 51.00    31.00   30  0.7624190E+00   0.2175394E-04   0.2416510E-03
 52.00    31.00   30  0.7550778E+00   0.5537836E-04   0.2466033E-03
 53.00    31.00   30  0.7615499E+00   0.2407430E-03   0.2422399E-03
 54.00    31.00   30  0.7500000E+00   0.1364504E-02   0.2500000E-03
 55.00    31.00   30  0.7500000E+00   0.7941121E+00   0.2500000E-03
 48.00    32.00   30  0.1499242E+00   0.2485054E-01   0.3219817E-03
 49.00    32.00   30  0.5782658E+00   0.3090215E-02   0.6830881E-04
 50.00    32.00   30  0.8820563E+00   0.1917353E-03   0.1520816E-03
 51.00    32.00   30  0.7873254E+00   0.5050535E-04   0.2244630E-03
 52.00    32.00   30  0.7670394E+00   0.1293205E-03   0.2385082E-03
 53.00    32.00   30  0.7803698E+00   0.2772922E-02   0.2293255E-03
 54.00    32.00   30  0.7500000E+00   0.2096174E-01   0.2500000E-03
 55.00    32.00   30  0.7500001E+00   0.8002766E+00   0.2500000E-03
 50.00    33.00   30  0.9265097E+00   0.5940224E-02  -0.3858167E-04
 51.00    33.00   30  0.9034844E+00   0.6206436E-03   0.1335027E-03
 52.00    33.00   30  0.8844196E+00   0.1927502E-02   0.1500858E-03
 53.00    33.00   30  0.2480520E-01   0.5599938E-01   0.4426995E-03
 46.00    19.00   31  0.7469013E-06   0.6584136E-06   0.4997501E-03
 47.00    19.00   31  0.9799663E+00   0.8431398E-02  -0.3043108E-04
 48.00    19.00   31  0.7506329E+00   0.3577120E-02   0.2495779E-03
 49.00    19.00   31  0.7500000E+00   0.5554367E-01   0.2500000E-03
 50.00    19.00   31  0.7500000E+00   0.3855076E-01   0.2500000E-03
 51.00    19.00   31  0.7500000E+00   0.3048503E+01   0.2500000E-03
 44.00    20.00   31  0.1081163E-05   0.2052917E-05   0.4996993E-03
 45.00    20.00   31  0.5302374E-03   0.8135051E-05   0.4930894E-03
 46.00    20.00   31  0.4220328E+00   0.5791735E-03   0.1464117E-03
 47.00    20.00   31  0.7814678E+00   0.2245774E-03   0.2285611E-03
 48.00    20.00   31  0.7525294E+00   0.1856400E-03   0.2483110E-03
 49.00    20.00   31  0.7500000E+00   0.1300384E-02   0.2500000E-03
 50.00    20.00   31  0.7500000E+00   0.4516323E-02   0.2500000E-03
 51.00    20.00   31  0.7500000E+00   0.5480930E+02   0.2500000E-03
 44.00    21.00   31  0.5219413E-02   0.3165877E-04   0.4765893E-03
 45.00    21.00   31  0.1066477E+00   0.6276679E-04   0.3575723E-03
 46.00    21.00   31  0.4461950E+00   0.9506829E-04   0.1334031E-03
 47.00    21.00   31  0.9974869E+00   0.9780962E-04   0.1570972E-04
 48.00    21.00   31  0.8267657E+00   0.9200309E-04   0.1958662E-03
 49.00    21.00   31  0.7500000E+00   0.4055240E-03   0.2500000E-03
 50.00    21.00   31  0.7500000E+00   0.5426745E-02   0.2500000E-03
 43.00    22.00   31  0.1866823E-03   0.2401279E-04   0.4959629E-03
 44.00    22.00   31  0.6438661E-01   0.5416593E-04   0.3969542E-03
 45.00    22.00   31  0.4138022E-01   0.1761705E-04   0.4218151E-03
 46.00    22.00   31  0.2474537E-01   0.1098903E-04   0.4427822E-03
 47.00    22.00   31  0.3583754E+00   0.4988847E-04   0.1823859E-03
 48.00    22.00   31  0.8738976E+00   0.8634968E-04   0.1588813E-03
 49.00    22.00   31  0.7499999E+00   0.6800371E-03   0.2500000E-03
 50.00    22.00   31  0.7500001E+00   0.1238614E+00   0.2500000E-03
 43.00    23.00   31  0.7261824E-02   0.9305552E-04   0.4718587E-03
 44.00    23.00   31  0.7306704E-01   0.3198870E-04   0.3883398E-03
 45.00    23.00   31  0.1621801E-01   0.1084661E-04   0.4554276E-03
 46.00    23.00   31  0.2883675E-01   0.1738451E-04   0.4372726E-03
 47.00    23.00   31  0.9090673E+00   0.8972647E-04  -0.3753160E-04
 48.00    23.00   31  0.7910571E+00   0.1354488E-03   0.2218335E-03
 49.00    23.00   31  0.7500000E+00   0.3205402E-02   0.2500000E-03
 50.00    23.00   31  0.7500001E+00   0.4340765E+01   0.2500000E-03
 43.00    24.00   31  0.6965255E-02   0.6174487E-04   0.4725092E-03
 44.00    24.00   31  0.5077657E-01   0.2184448E-04   0.4112357E-03
 45.00    24.00   31  0.1186529E-01   0.1305170E-04   0.4628097E-03
 46.00    24.00   31  0.5804308E-01   0.3135579E-04   0.4034790E-03
 47.00    24.00   31  0.8368955E+00   0.9423280E-04  -0.2510194E-04
 48.00    24.00   31  0.8000424E+00   0.2833777E-03   0.2154397E-03
 49.00    24.00   31  0.7500000E+00   0.7088023E-02   0.2500000E-03
 43.00    25.00   31  0.8350635E-02   0.1052413E-03   0.4695554E-03
 44.00    25.00   31  0.4590073E-01   0.2643756E-04   0.4166386E-03
 45.00    25.00   31  0.8045494E-02   0.1607107E-04   0.4701884E-03
 46.00    25.00   31  0.3981953E-01   0.4312129E-04   0.4236442E-03
 47.00    25.00   31  0.5636356E+00   0.1123365E-03   0.7501838E-04
 48.00    25.00   31  0.8285174E+00   0.4366911E-03   0.1945516E-03
 49.00    25.00   31  0.7500000E+00   0.9821907E-02   0.2500000E-03
 43.00    26.00   31  0.8192427E-02   0.6606625E-03   0.4698825E-03
 44.00    26.00   31  0.1331189E-01   0.3163021E-04   0.4602600E-03
 45.00    26.00   31  0.9576526E-03   0.9023111E-05   0.4905922E-03
 46.00    26.00   31  0.1848220E-01   0.5847034E-04   0.4518781E-03
 47.00    26.00   31  0.7878628E+00   0.1706857E-03  -0.1194805E-04
 48.00    26.00   31  0.7750236E+00   0.2793002E-03   0.2330295E-03
 49.00    26.00   31  0.7500001E+00   0.1413109E-02   0.2500000E-03
 50.00    26.00   31  0.7499999E+00   0.2259292E-01   0.2500001E-03
 51.00    26.00   31  0.7500000E+00   0.7841356E-01   0.2500000E-03
 44.00    27.00   31  0.1472126E-02   0.8261678E-04   0.4881962E-03
 45.00    27.00   31  0.2079931E-03   0.2564780E-04   0.4957332E-03
 46.00    27.00   31  0.2868804E-01   0.5902247E-03   0.4374680E-03
 47.00    27.00   31  0.9999928E+00   0.1626226E-03   0.7703202E-06
 48.00    27.00   31  0.7771577E+00   0.6527912E-04   0.2315543E-03
 49.00    27.00   31  0.7500046E+00   0.8898253E-04   0.2499969E-03
 50.00    27.00   31  0.7500000E+00   0.1097152E-03   0.2500000E-03
 51.00    27.00   31  0.7196243E+00   0.1771032E-03   0.2406641E-03
 46.00    28.00   31  0.2304718E-03   0.9697388E-03   0.4955028E-03
 47.00    28.00   31  0.9999963E+00   0.2347333E-03   0.5522161E-06
 48.00    28.00   31  0.7926837E+00   0.3819307E-04   0.2206824E-03
 49.00    28.00   31  0.7504896E+00   0.2806573E-04   0.2496735E-03
 50.00    28.00   31  0.7500000E+00   0.2702695E-04   0.2500000E-03
 51.00    28.00   31  0.7263989E+00   0.2797419E-04   0.2426135E-03
 52.00    28.00   31  0.3085583E+00   0.1420146E-04   0.2333228E-03
 53.00    28.00   31  0.1560629E+00   0.1903531E-04   0.2904710E-03
 54.00    28.00   31  0.4459921E+00   0.1312736E-03   0.2130139E-03
 55.00    28.00   31  0.7498690E+00   0.2493256E-01   0.2499564E-03
 47.00    29.00   31  0.9880217E+00   0.5603143E-03  -0.2541509E-04
 48.00    29.00   31  0.8434252E+00   0.5721741E-04   0.1831917E-03
 49.00    29.00   31  0.7518886E+00   0.1717702E-04   0.2487393E-03
 50.00    29.00   31  0.7502115E+00   0.1469049E-04   0.2498589E-03
 51.00    29.00   31  0.7482051E+00   0.1865233E-04   0.2487102E-03
 52.00    29.00   31  0.7353185E+00   0.1759520E-04   0.2450142E-03
 53.00    29.00   31  0.7477505E+00   0.5895507E-04   0.2492357E-03
 54.00    29.00   31  0.7498690E+00   0.4114452E-03   0.2499563E-03
 55.00    29.00   31  0.7500000E+00   0.4855840E+00   0.2500000E-03
 47.00    30.00   31  0.9351640E+00   0.2533791E-02  -0.3866432E-04
 48.00    30.00   31  0.9043803E+00   0.8006766E-04   0.1327004E-03
 49.00    30.00   31  0.7706147E+00   0.1650472E-04   0.2360626E-03
 50.00    30.00   31  0.7623137E+00   0.1282025E-04   0.2417224E-03
 51.00    30.00   31  0.7658507E+00   0.1896697E-04   0.2393188E-03
 52.00    30.00   31  0.7569548E+00   0.2383775E-04   0.2453419E-03
 53.00    30.00   31  0.7518424E+00   0.6226913E-04   0.2487702E-03
 54.00    30.00   31  0.7503737E+00   0.2312145E-03   0.2497509E-03
 55.00    30.00   31  0.7500002E+00   0.2350853E-01   0.2500000E-03
 47.00    31.00   31  0.2838857E+00   0.1692199E-01   0.2278987E-03
 48.00    31.00   31  0.9823288E+00   0.2028632E-03   0.4686974E-04
 49.00    31.00   31  0.8706875E+00   0.3801337E-04   0.1615199E-03
 50.00    31.00   31  0.8072934E+00   0.2402979E-04   0.2102139E-03
 51.00    31.00   31  0.7751878E+00   0.2468629E-04   0.2329160E-03
 52.00    31.00   31  0.7620889E+00   0.2815680E-04   0.2418747E-03
 53.00    31.00   31  0.7655519E+00   0.6729251E-04   0.2395223E-03
 54.00    31.00   31  0.7576962E+00   0.2449181E-03   0.2448427E-03
 55.00    31.00   31  0.7499998E+00   0.8081404E-02   0.2500000E-03
 48.00    32.00   31  0.8587858E+00   0.3114661E-02  -0.2992182E-04
 49.00    32.00   31  0.9657738E+00   0.4336496E-03  -0.3537093E-04
 50.00    32.00   31  0.9351206E+00   0.1628754E-03   0.1035442E-03
 51.00    32.00   31  0.7931671E+00   0.4740441E-04   0.2203398E-03
 52.00    32.00   31  0.7676235E+00   0.4708018E-04   0.2381096E-03
 53.00    32.00   31  0.7725827E+00   0.3335293E-03   0.2347109E-03
 54.00    32.00   31  0.7606951E+00   0.4265911E-02   0.2428184E-03
 55.00    32.00   31  0.7500000E+00   0.5261903E-01   0.2500000E-03
 50.00    33.00   31  0.9347040E+00   0.4846406E-02  -0.3866851E-04
 51.00    33.00   31  0.8910772E+00   0.3557609E-03   0.1443960E-03
 52.00    33.00   31  0.8386344E+00   0.3753403E-03   0.1868771E-03
 53.00    33.00   31  0.8809170E+00   0.1437902E-01   0.1530394E-03
 51.00    34.00   31  0.2153445E+00   0.1098768E+00   0.2736646E-03
 52.00    34.00   31  0.9841014E+00   0.2409408E+00   0.4405802E-04
 47.00    19.00   32  0.3323055E-01   0.1363405E-02   0.4316432E-03
 48.00    19.00   32  0.7500000E+00   0.1451372E-01   0.2500000E-03
 49.00    19.00   32  0.7499999E+00   0.2310213E-01   0.2500000E-03
 50.00    19.00   32  0.7500001E+00   0.2544951E-01   0.2500000E-03
 51.00    19.00   32  0.7500000E+00   0.1534443E+02   0.2500000E-03
 45.00    20.00   32  0.7843532E-12   0.3149548E-09   0.4999998E-03
 46.00    20.00   32  0.1592579E-03   0.6229896E-05   0.4962777E-03
 47.00    20.00   32  0.8086270E+00   0.7017413E-03   0.2092461E-03
 48.00    20.00   32  0.7505255E+00   0.4354117E-03   0.2496495E-03
 49.00    20.00   32  0.7500000E+00   0.1140058E-02   0.2500000E-03
 50.00    20.00   32  0.7500000E+00   0.3599279E-02   0.2500000E-03
 51.00    20.00   32  0.7500000E+00   0.2424389E+03   0.2500000E-03
 44.00    21.00   32  0.4707637E-04   0.6507925E-05   0.4979959E-03
 45.00    21.00   32  0.4148533E-02   0.1541376E-04   0.4793711E-03
 46.00    21.00   32  0.3703240E+00   0.1960172E-03   0.1754393E-03
 47.00    21.00   32  0.8969793E+00   0.1272201E-03   0.1392635E-03
 48.00    21.00   32  0.7759930E+00   0.1161452E-03   0.2323598E-03
 49.00    21.00   32  0.7500000E+00   0.4755763E-03   0.2500000E-03
 50.00    21.00   32  0.7500000E+00   0.1514636E-01   0.2500000E-03
 43.00    22.00   32  0.5053943E-04   0.3245788E-04   0.4979226E-03
 44.00    22.00   32  0.1587449E-01   0.3988624E-04   0.4559813E-03
 45.00    22.00   32  0.4529864E-01   0.2330206E-04   0.4173183E-03
 46.00    22.00   32  0.6464163E-01   0.2073619E-04   0.3966962E-03
 47.00    22.00   32  0.6817846E+00   0.8133128E-04   0.2464754E-04
 48.00    22.00   32  0.8365573E+00   0.9228176E-04   0.1884646E-03
 49.00    22.00   32  0.7500000E+00   0.8541744E-03   0.2500000E-03
 50.00    22.00   32  0.7500001E+00   0.2181857E+01   0.2500000E-03
 43.00    23.00   32  0.1178329E-02   0.4141953E-04   0.4895074E-03
 44.00    23.00   32  0.4828839E-01   0.3071427E-04   0.4139711E-03
 45.00    23.00   32  0.3052685E-01   0.1425302E-04   0.4350753E-03
 46.00    23.00   32  0.2076085E-01   0.1104426E-04   0.4484595E-03
 47.00    23.00   32  0.7324824E+00   0.9585417E-04   0.5972572E-05
 48.00    23.00   32  0.7974268E+00   0.1866423E-03   0.2173101E-03
 49.00    23.00   32  0.7500001E+00   0.4805533E-02   0.2500000E-03
 43.00    24.00   32  0.4354391E-02   0.5063604E-04   0.4788153E-03
 44.00    24.00   32  0.4897214E-01   0.2196604E-04   0.4132150E-03
 45.00    24.00   32  0.1637880E-01   0.1134137E-04   0.4551699E-03
 46.00    24.00   32  0.6816222E-01   0.2481172E-04   0.3931658E-03
 47.00    24.00   32  0.9999905E+00   0.1105509E-03   0.8890056E-06
 48.00    24.00   32  0.7685071E+00   0.3951381E-03   0.2375057E-03
 49.00    24.00   32  0.7500000E+00   0.4837923E-02   0.2500000E-03
 43.00    25.00   32  0.2286392E-02   0.4817201E-04   0.4850693E-03
 44.00    25.00   32  0.3819379E-01   0.2168464E-04   0.4255745E-03
 45.00    25.00   32  0.1982033E-01   0.1636938E-04   0.4498536E-03
 46.00    25.00   32  0.7308051E-01   0.3651515E-04   0.3883267E-03
 47.00    25.00   32  0.8005768E+00   0.1327354E-03  -0.1563336E-04
 48.00    25.00   32  0.7715057E+00   0.4797927E-03   0.2354511E-03
 49.00    25.00   32  0.7500000E+00   0.9158523E-02   0.2500000E-03
 43.00    26.00   32  0.7594721E-03   0.1458693E-03   0.4916678E-03
 44.00    26.00   32  0.3584291E-01   0.3728063E-04   0.4284143E-03
 45.00    26.00   32  0.1262016E-01   0.1538203E-04   0.4614656E-03
 46.00    26.00   32  0.3842679E-01   0.4488814E-04   0.4252963E-03
 47.00    26.00   32  0.6899120E+00   0.1523481E-03   0.2152327E-04
 48.00    26.00   32  0.7752591E+00   0.6103081E-03   0.2328668E-03
 49.00    26.00   32  0.7499999E+00   0.4100211E-01   0.2500000E-03
 43.00    27.00   32  0.5357476E-06   0.1109337E-03   0.4997884E-03
 44.00    27.00   32  0.1190395E-01   0.7088604E-04   0.4627401E-03
 45.00    27.00   32  0.2667588E-02   0.1326027E-04   0.4837764E-03
 46.00    27.00   32  0.1473527E-01   0.7709160E-04   0.4578496E-03
 47.00    27.00   32  0.9250684E+00   0.1892776E-03  -0.3853685E-04
 48.00    27.00   32  0.7711545E+00   0.1677019E-03   0.2356922E-03
 49.00    27.00   32  0.7500000E+00   0.5311480E-03   0.2500000E-03
 50.00    27.00   32  0.7500000E+00   0.5112599E-03   0.2500000E-03
 51.00    27.00   32  0.7244322E+00   0.6550006E-03   0.2420399E-03
 44.00    28.00   32  0.7756701E-02   0.8700078E-03   0.4707962E-03
 45.00    28.00   32  0.1577005E-02   0.6197573E-04   0.4877568E-03
 46.00    28.00   32  0.2470854E-02   0.2873086E-03   0.4844330E-03
 47.00    28.00   32  0.9963456E+00   0.2061334E-03  -0.1559220E-04
 48.00    28.00   32  0.7813555E+00   0.4519027E-04   0.2286394E-03
 49.00    28.00   32  0.7500728E+00   0.4139937E-04   0.2499515E-03
 50.00    28.00   32  0.7499999E+00   0.3839577E-04   0.2500000E-03
 51.00    28.00   32  0.7051248E+00   0.4073661E-04   0.2367360E-03
 54.00    28.00   32  0.2846764E+00   0.5522704E-04   0.2394648E-03
 55.00    28.00   32  0.7497944E+00   0.1671354E-01   0.2499315E-03
 46.00    29.00   32  0.1138112E-05   0.1661373E-03   0.4996915E-03
 47.00    29.00   32  0.9339375E+00   0.4378557E-03  -0.3867323E-04
 48.00    29.00   32  0.8218667E+00   0.4756710E-04   0.1995209E-03
 49.00    29.00   32  0.7508453E+00   0.2131651E-04   0.2494361E-03
 50.00    29.00   32  0.7500428E+00   0.1826587E-04   0.2499715E-03
 51.00    29.00   32  0.7375724E+00   0.2023849E-04   0.2457481E-03
 52.00    29.00   32  0.6810336E+00   0.1488853E-04   0.2308949E-03
 53.00    29.00   32  0.7284273E+00   0.3196954E-04   0.2432116E-03
 54.00    29.00   32  0.7485812E+00   0.2264183E-03   0.2495288E-03
 55.00    29.00   32  0.7500001E+00   0.7182994E-01   0.2500000E-03
 47.00    30.00   32  0.5170059E+00   0.1253165E-02   0.9724300E-04
 48.00    30.00   32  0.9396825E+00   0.9195617E-04   0.9888472E-04
 49.00    30.00   32  0.7598533E+00   0.1686423E-04   0.2433875E-03
 50.00    30.00   32  0.7562271E+00   0.1205867E-04   0.2458313E-03
 51.00    30.00   32  0.7651268E+00   0.1888569E-04   0.2397322E-03
 52.00    30.00   32  0.7551887E+00   0.1918845E-04   0.2464007E-03
 53.00    30.00   32  0.7510847E+00   0.3939847E-04   0.2492745E-03
 54.00    30.00   32  0.7504449E+00   0.1298884E-03   0.2497033E-03
 55.00    30.00   32  0.7500000E+00   0.3175313E-02   0.2500000E-03
 47.00    31.00   32  0.1378344E+00   0.1527932E-01   0.3315689E-03
 48.00    31.00   32  0.9882156E+00   0.1874863E-03   0.3704414E-04
 49.00    31.00   32  0.8257168E+00   0.2498070E-04   0.1966513E-03
 50.00    31.00   32  0.7953640E+00   0.1811464E-04   0.2187798E-03
 51.00    31.00   32  0.7846502E+00   0.2693501E-04   0.2263392E-03
 52.00    31.00   32  0.7667129E+00   0.2477755E-04   0.2387310E-03
 53.00    31.00   32  0.7623866E+00   0.4062292E-04   0.2416730E-03
 54.00    31.00   32  0.7554473E+00   0.1250402E-03   0.2463552E-03
 55.00    31.00   32  0.7500000E+00   0.2273870E-02   0.2500000E-03
 48.00    32.00   32  0.9957131E+00   0.8237953E-03  -0.1671689E-04
 49.00    32.00   32  0.9832428E+00   0.9463456E-04   0.4543332E-04
 50.00    32.00   32  0.9203308E+00   0.8127245E-04   0.1180022E-03
 51.00    32.00   32  0.7990479E+00   0.5284628E-04   0.2161517E-03
 52.00    32.00   32  0.7664739E+00   0.3749698E-04   0.2388941E-03
 53.00    32.00   32  0.7770144E+00   0.1254612E-03   0.2316534E-03
 54.00    32.00   32  0.7799951E+00   0.2507017E-02   0.2295860E-03
 55.00    32.00   32  0.7500000E+00   0.4915857E-01   0.2500000E-03
 48.00    33.00   32  0.5448830E+00   0.2157768E-01   0.8380369E-04
 49.00    33.00   32  0.4021732E+00   0.1822510E-02   0.1573655E-03
 50.00    33.00   32  0.6668474E+00   0.2303343E-02   0.3051193E-04
 51.00    33.00   32  0.9070077E+00   0.3951975E-03   0.1303336E-03
 52.00    33.00   32  0.8204985E+00   0.2051785E-03   0.2005361E-03
 53.00    33.00   32  0.8334266E+00   0.1968086E-02   0.1908455E-03
 51.00    34.00   32  0.1119706E-01   0.4144809E-02   0.4640265E-03
 52.00    34.00   32  0.1480550E+00   0.2212885E-01   0.3234483E-03
 47.00    19.00   33  0.1058268E+00   0.9595734E-02   0.3582856E-03
 48.00    19.00   33  0.7500000E+00   0.4765278E-01   0.2500000E-03
 49.00    19.00   33  0.7500001E+00   0.9438385E-02   0.2500000E-03
 50.00    19.00   33  0.7500000E+00   0.1630512E-01   0.2500000E-03
 46.00    20.00   33  0.8306771E-04   0.6378883E-05   0.4973276E-03
 47.00    20.00   33  0.7791412E+00   0.8063429E-03   0.2301792E-03
 48.00    20.00   33  0.7522267E+00   0.7461656E-03   0.2485134E-03
 49.00    20.00   33  0.7500000E+00   0.1540582E-02   0.2500000E-03
 50.00    20.00   33  0.7500000E+00   0.8870268E-02   0.2500000E-03
 45.00    21.00   33  0.7582041E-05   0.8142848E-06   0.4992014E-03
 46.00    21.00   33  0.1418799E+00   0.1835034E-03   0.3283335E-03
 47.00    21.00   33  0.8126699E+00   0.1496731E-03   0.2062992E-03
 48.00    21.00   33  0.7584088E+00   0.1833358E-03   0.2443624E-03
 49.00    21.00   33  0.7500001E+00   0.1132604E-02   0.2500000E-03
 50.00    21.00   33  0.7499999E+00   0.8602939E+00   0.2500000E-03
 44.00    22.00   33  0.1362073E-02   0.3125782E-04   0.4886723E-03
 45.00    22.00   33  0.1616194E-01   0.2517974E-04   0.4555177E-03
 46.00    22.00   33  0.2109963E+00   0.6219251E-04   0.2767179E-03
 47.00    22.00   33  0.9989216E+00   0.1011569E-03  -0.8935109E-05
 48.00    22.00   33  0.7853596E+00   0.1143086E-03   0.2258424E-03
 49.00    22.00   33  0.7500001E+00   0.2705117E-02   0.2500000E-03
 43.00    23.00   33  0.1173297E-03   0.3113588E-04   0.4968147E-03
 44.00    23.00   33  0.3577471E-01   0.4820096E-04   0.4284976E-03
 45.00    23.00   33  0.3145438E-01   0.1570185E-04   0.4338868E-03
 46.00    23.00   33  0.2741782E-01   0.1070154E-04   0.4391512E-03
 47.00    23.00   33  0.7052649E+00   0.9050945E-04   0.1575379E-04
 48.00    23.00   33  0.7933394E+00   0.2043777E-03   0.2202177E-03
 49.00    23.00   33  0.7500000E+00   0.1324961E-01   0.2500000E-03
 43.00    24.00   33  0.2067219E-02   0.5352349E-04   0.4858549E-03
 44.00    24.00   33  0.4925209E-01   0.2916533E-04   0.4129065E-03
 45.00    24.00   33  0.2099575E-01   0.1273253E-04   0.4481148E-03
 46.00    24.00   33  0.8478764E-01   0.2439188E-04   0.3771913E-03
 47.00    24.00   33  0.9770378E+00   0.1272342E-03   0.5471960E-04
 48.00    24.00   33  0.7586817E+00   0.6854595E-03   0.2441783E-03
 49.00    24.00   33  0.7499999E+00   0.2196270E-01   0.2500000E-03
 43.00    25.00   33  0.1082310E-02   0.4561172E-04   0.4899671E-03
 44.00    25.00   33  0.3484695E-01   0.2395010E-04   0.4296358E-03
 45.00    25.00   33  0.2042356E-01   0.1471032E-04   0.4489569E-03
 46.00    25.00   33  0.1707221E+00   0.4219365E-04   0.3060203E-03
 47.00    25.00   33  0.9969265E+00   0.1658952E-03   0.1751626E-04
 48.00    25.00   33  0.7541078E+00   0.9380725E-03   0.2472539E-03
 49.00    25.00   33  0.7500001E+00   0.4702884E-01   0.2500000E-03
 43.00    26.00   33  0.2672683E-02   0.2513111E-03   0.4837597E-03
 44.00    26.00   33  0.2973945E-01   0.3424593E-04   0.4360937E-03
 45.00    26.00   33  0.3098397E-01   0.2177606E-04   0.4344881E-03
 46.00    26.00   33  0.8049140E-01   0.4580553E-04   0.3812196E-03
 47.00    26.00   33  0.7774250E+00   0.1901051E-03  -0.8794188E-05
 48.00    26.00   33  0.7559554E+00   0.1193193E-02   0.2460139E-03
 49.00    26.00   33  0.7499999E+00   0.3423477E+01   0.2500000E-03
 43.00    27.00   33  0.2446499E-01   0.2939620E-01   0.4431707E-03
 44.00    27.00   33  0.2216502E-01   0.8443470E-04   0.4464188E-03
 45.00    27.00   33  0.1969948E-01   0.2092174E-04   0.4500344E-03
 46.00    27.00   33  0.1560517E-01   0.3093466E-04   0.4564184E-03
 47.00    27.00   33  0.8259940E+00   0.2043616E-03  -0.2243795E-04
 48.00    27.00   33  0.7661624E+00   0.5698929E-03   0.2391065E-03
 49.00    27.00   33  0.7500002E+00   0.1213624E-01   0.2500000E-03
 50.00    27.00   33  0.7499999E+00   0.1041723E+00   0.2500000E-03
 51.00    27.00   33  0.6157098E+00   0.1264752E+00   0.2191612E-03
 44.00    28.00   33  0.5302690E-02   0.3475300E-03   0.4763833E-03
 45.00    28.00   33  0.4481183E-02   0.2300961E-04   0.4784784E-03
 46.00    28.00   33  0.1610589E-02   0.2125621E-04   0.4876189E-03
 47.00    28.00   33  0.9761463E+00   0.2130245E-03  -0.3212300E-04
 48.00    28.00   33  0.7866686E+00   0.1110010E-03   0.2249242E-03
 49.00    28.00   33  0.7500001E+00   0.1597340E-03   0.2500000E-03
 50.00    28.00   33  0.7499954E+00   0.1473739E-03   0.2499985E-03
 51.00    28.00   33  0.6275274E+00   0.1846917E-03   0.2208723E-03
 54.00    28.00   33  0.2214989E-01   0.2157593E-04   0.4150309E-03
 55.00    28.00   33  0.7500000E+00   0.5877867E+00   0.2500000E-03
 45.00    29.00   33  0.1209815E-02   0.7491405E-04   0.4893604E-03
 46.00    29.00   33  0.5625243E-03   0.7144911E-04   0.4928740E-03
 47.00    29.00   33  0.9868209E+00   0.3414662E-03  -0.2633122E-04
 48.00    29.00   33  0.7931610E+00   0.4424336E-04   0.2203442E-03
 49.00    29.00   33  0.7502335E+00   0.3083565E-04   0.2498444E-03
 50.00    29.00   33  0.7499169E+00   0.2923557E-04   0.2499723E-03
 51.00    29.00   33  0.6840556E+00   0.2614733E-04   0.2315941E-03
 52.00    29.00   33  0.2923167E+00   0.1207011E-04   0.2374054E-03
 53.00    29.00   33  0.5096384E+00   0.2948287E-04   0.2113785E-03
 54.00    29.00   33  0.7308884E+00   0.2714612E-03   0.2439463E-03
 55.00    29.00   33  0.7499999E+00   0.3404756E-01   0.2500000E-03
 47.00    30.00   33  0.8626633E+00   0.8818254E-03  -0.3069430E-04
 48.00    30.00   33  0.8487793E+00   0.6366730E-04   0.1790323E-03
 49.00    30.00   33  0.7519300E+00   0.1867188E-04   0.2487117E-03
 50.00    30.00   33  0.7508188E+00   0.1471122E-04   0.2494431E-03
 51.00    30.00   33  0.7484834E+00   0.1833124E-04   0.2453828E-03
 52.00    30.00   33  0.7408551E+00   0.1701332E-04   0.2451771E-03
 53.00    30.00   33  0.7504057E+00   0.3996854E-04   0.2495670E-03
 54.00    30.00   33  0.7500055E+00   0.1238450E-03   0.2499963E-03
 55.00    30.00   33  0.7500000E+00   0.1763558E-02   0.2500000E-03
 47.00    31.00   33  0.3685026E+00   0.3770929E-02   0.1764922E-03
 48.00    31.00   33  0.9604984E+00   0.1364540E-03   0.7598032E-04
 49.00    31.00   33  0.7737986E+00   0.1893030E-04   0.2338740E-03
 50.00    31.00   33  0.7654101E+00   0.1284181E-04   0.2396188E-03
 51.00    31.00   33  0.7751085E+00   0.2211378E-04   0.2329708E-03
 52.00    31.00   33  0.7641990E+00   0.2154956E-04   0.2404427E-03
 53.00    31.00   33  0.7582663E+00   0.3739207E-04   0.2444585E-03
 54.00    31.00   33  0.7539201E+00   0.1175929E-03   0.2473797E-03
 55.00    31.00   33  0.7499999E+00   0.2332026E-02   0.2500000E-03
 47.00    32.00   33  0.4933088E-01   0.7709803E-01   0.4128197E-03
 48.00    32.00   33  0.9986418E+00   0.3333710E-03   0.1130981E-04
 49.00    32.00   33  0.8799521E+00   0.3586993E-04   0.1538485E-03
 50.00    32.00   33  0.8299716E+00   0.2703545E-04   0.1934572E-03
 51.00    32.00   33  0.7926061E+00   0.3917517E-04   0.2207374E-03
 52.00    32.00   33  0.7648610E+00   0.3024626E-04   0.2399924E-03
 53.00    32.00   33  0.7672110E+00   0.7185415E-04   0.2383912E-03
 54.00    32.00   33  0.7769054E+00   0.1706346E-02   0.2317290E-03
 55.00    32.00   33  0.7500001E+00   0.2127790E+01   0.2500000E-03
 48.00    33.00   33  0.8694759E+00   0.2027023E-02  -0.3198662E-04
 49.00    33.00   33  0.9979644E+00   0.1808311E-03  -0.1199334E-04
 50.00    33.00   33  0.9995561E+00   0.2449756E-03  -0.5857612E-05
 51.00    33.00   33  0.8769609E+00   0.1933279E-03   0.1563442E-03
 52.00    33.00   33  0.7995742E+00   0.1096911E-03   0.2157750E-03
 53.00    33.00   33  0.7874228E+00   0.5061463E-03   0.2243945E-03
 54.00    33.00   33  0.7349074E+00   0.6741176E+00   0.5130132E-05
 48.00    34.00   33  0.3163992E+00   0.4222736E-01   0.2075461E-03
 49.00    34.00   33  0.5686052E+00   0.6473154E-02   0.7272497E-04
 50.00    34.00   33  0.1117377E+00   0.6765831E-02   0.3531860E-03
 51.00    34.00   33  0.5835745E+00   0.1013203E-01   0.6590574E-04
 52.00    34.00   33  0.9810227E+00   0.8572120E-02   0.4887703E-04
 53.00    34.00   33  0.9145926E+00   0.1622823E+00   0.1233847E-03
 48.00    19.00   34  0.7500001E+00   0.2093344E+00   0.2500000E-03
 49.00    19.00   34  0.7500001E+00   0.2599586E-01   0.2500000E-03
 50.00    19.00   34  0.7500001E+00   0.1035093E+00   0.2500000E-03
 46.00    20.00   34  0.4243982E-02   0.9071423E-04   0.4791120E-03
 47.00    20.00   34  0.7614901E+00   0.9821138E-03   0.2422803E-03
 48.00    20.00   34  0.7500000E+00   0.1350958E-02   0.2500000E-03
 49.00    20.00   34  0.7500000E+00   0.1704887E-02   0.2500000E-03
 50.00    20.00   34  0.7500000E+00   0.2858283E-01   0.2500000E-03
 45.00    21.00   34  0.2386158E-09   0.6432842E-08   0.4999955E-03
 46.00    21.00   34  0.5493976E+00   0.6436238E-03   0.8166974E-04
 47.00    21.00   34  0.7735833E+00   0.1628566E-03   0.2340223E-03
 48.00    21.00   34  0.7511134E+00   0.3583449E-03   0.2492572E-03
 49.00    21.00   34  0.7499999E+00   0.3234120E-02   0.2500001E-03
 50.00    21.00   34  0.7500001E+00   0.3747967E+03   0.2500000E-03
 44.00    22.00   34  0.4962908E-04   0.2169996E-04   0.4979416E-03
 45.00    22.00   34  0.2553158E-02   0.1844630E-04   0.4841557E-03
 46.00    22.00   34  0.6770973E+00   0.2185034E-03   0.2647092E-04
 47.00    22.00   34  0.9159946E+00   0.9757290E-04   0.1220800E-03
 48.00    22.00   34  0.7596295E+00   0.2502730E-03   0.2435386E-03
 49.00    22.00   34  0.7500000E+00   0.2320876E-01   0.2500000E-03
 43.00    23.00   34  0.1107757E-04   0.9691325E-04   0.4990337E-03
 44.00    23.00   34  0.1665048E-01   0.9841138E-04   0.4547365E-03
 45.00    23.00   34  0.4190420E-01   0.2950805E-04   0.4212060E-03
 46.00    23.00   34  0.5748068E-01   0.1829974E-04   0.4040680E-03
 47.00    23.00   34  0.9650995E+00   0.1070927E-03  -0.3552972E-04
 48.00    23.00   34  0.7652524E+00   0.2863197E-03   0.2397262E-03
 49.00    23.00   34  0.7500001E+00   0.3457115E+00   0.2500000E-03
 43.00    24.00   34  0.2346014E-03   0.6876393E-04   0.4954617E-03
 44.00    24.00   34  0.3073968E-01   0.4782690E-04   0.4348015E-03
 45.00    24.00   34  0.2476050E-01   0.1573377E-04   0.4427613E-03
 46.00    24.00   34  0.6753712E-01   0.2199356E-04   0.3937884E-03
 47.00    24.00   34  0.9962867E+00   0.1500679E-03   0.1941517E-04
 48.00    24.00   34  0.7555711E+00   0.1106525E-02   0.2462720E-03
 49.00    24.00   34  0.7500000E+00   0.2739761E+00   0.2500000E-03
 43.00    25.00   34  0.1181004E-03   0.4035109E-04   0.4968040E-03
 44.00    25.00   34  0.3127396E-01   0.3742354E-04   0.4341170E-03
 45.00    25.00   34  0.2080208E-01   0.1539508E-04   0.4483989E-03
 46.00    25.00   34  0.3796750E+00   0.6930430E-04   0.1700667E-03
 47.00    25.00   34  0.8930371E+00   0.1726214E-03   0.1427010E-03
 48.00    25.00   34  0.7500001E+00   0.2037394E-02   0.2500000E-03
 49.00    25.00   34  0.7500001E+00   0.1263400E+01   0.2500000E-03
 43.00    26.00   34  0.2587469E-06   0.9071678E-05   0.4998530E-03
 44.00    26.00   34  0.3768700E-01   0.6457214E-04   0.4261818E-03
 45.00    26.00   34  0.2997235E-01   0.2027411E-04   0.4357916E-03
 46.00    26.00   34  0.1553378E+00   0.5255833E-04   0.3177653E-03
 47.00    26.00   34  0.9358619E+00   0.2365815E-03  -0.3865600E-04
 48.00    26.00   34  0.7500001E+00   0.3076633E-02   0.2500000E-03
 44.00    27.00   34  0.6880866E-02   0.6192359E-04   0.4726962E-03
 45.00    27.00   34  0.2794261E-01   0.2258505E-04   0.4384526E-03
 46.00    27.00   34  0.3354477E-01   0.3229070E-04   0.4312505E-03
 47.00    27.00   34  0.6325983E+00   0.2030672E-03   0.4453139E-04
 48.00    27.00   34  0.7695033E+00   0.1419887E-02   0.2368241E-03
 49.00    27.00   34  0.7500000E+00   0.8442544E+01   0.2500000E-03
 44.00    28.00   34  0.2365600E-02   0.3625035E-03   0.4847934E-03
 45.00    28.00   34  0.1480382E-01   0.3231945E-04   0.4577357E-03
 46.00    28.00   34  0.4146644E-02   0.1309827E-04   0.4793762E-03
 47.00    28.00   34  0.8010744E+00   0.2453541E-03  -0.1577393E-04
 48.00    28.00   34  0.8170260E+00   0.3339093E-03   0.2031019E-03
 49.00    28.00   34  0.7500001E+00   0.2145366E-02   0.2500000E-03
 50.00    28.00   34  0.7500000E+00   0.2657894E-02   0.2500000E-03
 51.00    28.00   34  0.1804678E+00   0.3559061E-02   0.2779646E-03
 44.00    29.00   34  0.5212414E-03   0.1220240E-02   0.4931504E-03
 45.00    29.00   34  0.1067648E-01   0.8520600E-04   0.4649935E-03
 46.00    29.00   34  0.2592524E-02   0.1918772E-04   0.4840244E-03
 47.00    29.00   34  0.9380917E+00   0.3418506E-03  -0.3861327E-04
 48.00    29.00   34  0.8198255E+00   0.7878915E-04   0.2010346E-03
 49.00    29.00   34  0.7500000E+00   0.6806166E-04   0.2500000E-03
 50.00    29.00   34  0.7499484E+00   0.6009910E-04   0.2499828E-03
 51.00    29.00   34  0.5389807E+00   0.5908967E-04   0.2122035E-03
 53.00    29.00   34  0.3690787E-01   0.8778517E-05   0.3911489E-03
 54.00    29.00   34  0.7101688E+00   0.3919150E-03   0.2380655E-03
 55.00    29.00   34  0.7500001E+00   0.6201674E-01   0.2500000E-03
 45.00    30.00   34  0.2420528E-02   0.1644680E-03   0.4846045E-03
 46.00    30.00   34  0.1170990E-02   0.4341800E-04   0.4895419E-03
 47.00    30.00   34  0.6778689E+00   0.6305858E-03   0.2616973E-04
 48.00    30.00   34  0.8215240E+00   0.5096939E-04   0.1997753E-03
 49.00    30.00   34  0.7504509E+00   0.2545127E-04   0.2496993E-03
 50.00    30.00   34  0.7499797E+00   0.2030719E-04   0.2499867E-03
 51.00    30.00   34  0.7076068E+00   0.1775337E-04   0.2371066E-03
 52.00    30.00   34  0.6395291E+00   0.1371505E-04   0.2226658E-03
 53.00    30.00   34  0.7374092E+00   0.3985778E-04   0.2459417E-03
 54.00    30.00   34  0.7500000E+00   0.1560478E-03   0.2500000E-03
 55.00    30.00   34  0.7500001E+00   0.2812535E-02   0.2500000E-03
 47.00    31.00   34  0.2739788E+00   0.1416837E-02   0.2342621E-03
 48.00    31.00   34  0.9006624E+00   0.9096508E-04   0.1360158E-03
 49.00    31.00   34  0.7547051E+00   0.1734198E-04   0.2468534E-03
 50.00    31.00   34  0.7541102E+00   0.1100316E-04   0.2472524E-03
 51.00    31.00   34  0.7647095E+00   0.1676529E-04   0.2395472E-03
 52.00    31.00   34  0.7574367E+00   0.1831099E-04   0.2442305E-03
 53.00    31.00   34  0.7543499E+00   0.3746279E-04   0.2470916E-03
 54.00    31.00   34  0.7522554E+00   0.1363639E-03   0.2484942E-03
 55.00    31.00   34  0.7499999E+00   0.4298854E-02   0.2500000E-03
 47.00    32.00   34  0.5773169E-01   0.6361456E-02   0.4038049E-03
 48.00    32.00   34  0.9993290E+00   0.2043765E-03   0.7810246E-05
 49.00    32.00   34  0.7985541E+00   0.2261395E-04   0.2165048E-03
 50.00    32.00   34  0.7801992E+00   0.1367036E-04   0.2294442E-03
 51.00    32.00   34  0.7877213E+00   0.2520649E-04   0.2241847E-03
 52.00    32.00   34  0.7648329E+00   0.2248514E-04   0.2400115E-03
 53.00    32.00   34  0.7763980E+00   0.5983643E-04   0.2320799E-03
 54.00    32.00   34  0.8008503E+00   0.1692507E-02   0.2148604E-03
 47.00    33.00   34  0.1022533E-04   0.2094955E-02   0.4990718E-03
 48.00    33.00   34  0.9999994E+00   0.5293044E-03   0.1784647E-06
 49.00    33.00   34  0.9188294E+00   0.4772530E-04   0.1194215E-03
 50.00    33.00   34  0.8907270E+00   0.4566259E-04   0.1446979E-03
 51.00    33.00   34  0.8389071E+00   0.6478692E-04   0.1866683E-03
 52.00    33.00   34  0.7733730E+00   0.5205473E-04   0.2341672E-03
 53.00    33.00   34  0.7792233E+00   0.2061272E-03   0.2301222E-03
 54.00    33.00   34  0.9999790E+00   0.1068780E+00  -0.1315319E-05
 48.00    34.00   34  0.7185071E+00   0.4524703E-02   0.1092139E-04
 49.00    34.00   34  0.9907055E+00   0.3085193E-03  -0.2305384E-04
 50.00    34.00   34  0.9320616E+00   0.5911996E-03  -0.3867300E-04
 51.00    34.00   34  0.9954039E+00   0.1284268E-02  -0.1722755E-04
 52.00    34.00   34  0.8487018E+00   0.8852637E-03   0.1790927E-03
 53.00    34.00   34  0.8767259E+00   0.7956109E-02   0.1565396E-03
 48.00    35.00   34  0.1501485E-05   0.2422775E-03   0.4996455E-03
 49.00    35.00   34  0.3985828E-01   0.7446574E-02   0.4235985E-03
 50.00    35.00   34  0.9100111E+00   0.4274466E+00  -0.3761455E-04
 51.00    35.00   34  0.7500000E+00   0.2608690E+01   0.2500000E-03
 52.00    35.00   34  0.7499999E+00   0.1069995E+01   0.2500000E-03
 49.00    19.00   35  0.7500000E+00   0.2282430E+01   0.2500000E-03
 50.00    19.00   35  0.7500000E+00   0.1166083E+02   0.2500000E-03
 45.00    20.00   35  0.1501383E-06   0.4365547E-06   0.4998881E-03
 46.00    20.00   35  0.2836440E+00   0.2241792E-02   0.2280530E-03
 47.00    20.00   35  0.7500404E+00   0.1560687E-02   0.2499731E-03
 48.00    20.00   35  0.7500000E+00   0.2305007E-02   0.2500000E-03
 49.00    20.00   35  0.7500001E+00   0.2056462E-02   0.2500000E-03
 50.00    20.00   35  0.7500000E+00   0.5973131E-01   0.2500000E-03
 45.00    21.00   35  0.4348248E-04   0.5180946E-05   0.4980747E-03
 46.00    21.00   35  0.9580886E+00   0.8027232E-03   0.7880226E-04
 47.00    21.00   35  0.7572052E+00   0.2467252E-03   0.2451733E-03
 48.00    21.00   35  0.7500000E+00   0.7129183E-03   0.2500000E-03
 49.00    21.00   35  0.7500000E+00   0.3760026E-02   0.2500000E-03
 50.00    21.00   35  0.7500000E+00   0.7017406E+00   0.2500000E-03
 45.00    22.00   35  0.9153362E-03   0.1451353E-04   0.4908126E-03
 46.00    22.00   35  0.9783730E+00   0.2836825E-03   0.5280459E-04
 47.00    22.00   35  0.8028032E+00   0.1369381E-03   0.2134570E-03
 48.00    22.00   35  0.7500271E+00   0.8028479E-03   0.2499820E-03
 49.00    22.00   35  0.7500000E+00   0.1188349E+00   0.2500000E-03
 44.00    23.00   35  0.1098593E-02   0.8226191E-04   0.4898878E-03
 45.00    23.00   35  0.1817184E-01   0.4165660E-04   0.4523550E-03
 46.00    23.00   35  0.5731695E+00   0.1449146E-03   0.7063150E-04
 47.00    23.00   35  0.9040424E+00   0.1347666E-03   0.1330032E-03
 48.00    23.00   35  0.7519649E+00   0.1087976E-02   0.2486884E-03
 44.00    24.00   35  0.1283967E-01   0.1435830E-03   0.4610804E-03
 45.00    24.00   35  0.1992972E-01   0.2066823E-04   0.4496903E-03
 46.00    24.00   35  0.1023612E+00   0.3362216E-04   0.3613154E-03
 47.00    24.00   35  0.9909124E+00   0.2137865E-03   0.3193782E-04
 48.00    24.00   35  0.7515995E+00   0.2721978E-02   0.2489326E-03
 44.00    25.00   35  0.2205911E-01   0.1102266E-03   0.4465711E-03
 45.00    25.00   35  0.2984480E-01   0.2868132E-04   0.4359569E-03
 46.00    25.00   35  0.3561326E+00   0.1069865E-03   0.1837001E-03
 47.00    25.00   35  0.8601838E+00   0.2666687E-03   0.1700194E-03
 48.00    25.00   35  0.7500000E+00   0.4113444E-02   0.2500000E-03
 44.00    26.00   35  0.1480154E-01   0.1054172E-03   0.4577395E-03
 45.00    26.00   35  0.2221968E-01   0.2841125E-04   0.4463402E-03
 46.00    26.00   35  0.2499625E+00   0.9437414E-04   0.2500250E-03
 47.00    26.00   35  0.9699357E+00   0.3936067E-03  -0.3426318E-04
 48.00    26.00   35  0.7500001E+00   0.1037697E-01   0.2500000E-03
 44.00    27.00   35  0.8971213E-02   0.2467776E-03   0.4682950E-03
 45.00    27.00   35  0.3834323E-01   0.4667610E-04   0.4253960E-03
 46.00    27.00   35  0.4930551E-01   0.3838624E-04   0.4128476E-03
 47.00    27.00   35  0.6052495E+00   0.2572832E-03   0.5627173E-04
 48.00    27.00   35  0.7536409E+00   0.3947492E-02   0.2475668E-03
 44.00    28.00   35  0.2313278E-04   0.4947397E-04   0.4986001E-03
 45.00    28.00   35  0.1760869E-01   0.5417024E-04   0.4532279E-03
 46.00    28.00   35  0.1608775E-01   0.2346301E-04   0.4556370E-03
 47.00    28.00   35  0.4386903E+00   0.2192589E-03   0.1374065E-03
 48.00    28.00   35  0.9099239E+00   0.1136128E-02   0.1276830E-03
 49.00    28.00   35  0.7500000E+00   0.1334022E+00   0.2500000E-03
 50.00    28.00   35  0.7499999E+00   0.1124803E+01   0.2500000E-03
 44.00    29.00   35  0.2218082E-04   0.1914494E-03   0.4986294E-03
 45.00    29.00   35  0.2083201E-01   0.1470216E-03   0.4483550E-03
 46.00    29.00   35  0.1317961E-01   0.2342675E-04   0.4604887E-03
 47.00    29.00   35  0.5385149E+00   0.3024885E-03   0.8683387E-04
 48.00    29.00   35  0.8876685E+00   0.2197089E-03   0.1473218E-03
 49.00    29.00   35  0.7500012E+00   0.3393880E-03   0.2499991E-03
 50.00    29.00   35  0.7499865E+00   0.2950771E-03   0.2499955E-03
 54.00    29.00   35  0.7162194E+00   0.8578757E-03   0.2397123E-03
 55.00    29.00   35  0.7500001E+00   0.6106935E+00   0.2500000E-03
 44.00    30.00   35  0.9528334E-02   0.1208559E-01   0.4671919E-03
 45.00    30.00   35  0.1585811E-01   0.1870722E-03   0.4560078E-03
 46.00    30.00   35  0.9779095E-02   0.3295891E-04   0.4667035E-03
 47.00    30.00   35  0.1634891E+00   0.2739655E-03   0.3115001E-03
 48.00    30.00   35  0.8732039E+00   0.9466620E-04   0.1594531E-03
 49.00    30.00   35  0.7506645E+00   0.4263897E-04   0.2495568E-03
 50.00    30.00   35  0.7499195E+00   0.3378080E-04   0.2499732E-03
 51.00    30.00   35  0.5640953E+00   0.2674990E-04   0.2137065E-03
 52.00    30.00   35  0.2097063E+00   0.1012853E-04   0.2649613E-03
 53.00    30.00   35  0.6709279E+00   0.4893231E-04   0.2287169E-03
 54.00    30.00   35  0.7500001E+00   0.3253882E-03   0.2500000E-03
 55.00    30.00   35  0.7499999E+00   0.7052431E-02   0.2500000E-03
 44.00    31.00   35  0.1456202E+00   0.6688706E-01   0.3253670E-03
 45.00    31.00   35  0.9096717E-02   0.4000581E-03   0.4680443E-03
 46.00    31.00   35  0.8408017E-02   0.8131562E-04   0.4694374E-03
 47.00    31.00   35  0.1570883E-01   0.2028232E-03   0.4562499E-03
 48.00    31.00   35  0.9046252E+00   0.9722255E-04   0.1324805E-03
 49.00    31.00   35  0.7531728E+00   0.2457988E-04   0.2478803E-03
 50.00    31.00   35  0.7504634E+00   0.1538373E-04   0.2496813E-03
 51.00    31.00   35  0.7376118E+00   0.1617123E-04   0.2426298E-03
 52.00    31.00   35  0.7320914E+00   0.1614799E-04   0.2424893E-03
 53.00    31.00   35  0.7514363E+00   0.4066273E-04   0.2490267E-03
 54.00    31.00   35  0.7512172E+00   0.1698765E-03   0.2491878E-03
 55.00    31.00   35  0.7500000E+00   0.1106300E-01   0.2500000E-03
 46.00    32.00   35  0.2165256E-02   0.4180121E-03   0.4854992E-03
 47.00    32.00   35  0.5660342E-02   0.7131750E-03   0.4755129E-03
 48.00    32.00   35  0.9631118E+00   0.2077640E-03   0.7285556E-04
 49.00    32.00   35  0.7676980E+00   0.2206713E-04   0.2380587E-03
 50.00    32.00   35  0.7594916E+00   0.1066019E-04   0.2436317E-03
 51.00    32.00   35  0.7755876E+00   0.1825022E-04   0.2326190E-03
 52.00    32.00   35  0.7655644E+00   0.2010396E-04   0.2394977E-03
 53.00    32.00   35  0.7700874E+00   0.5080620E-04   0.2364240E-03
 54.00    32.00   35  0.7801505E+00   0.1124696E-02   0.2294780E-03
 48.00    33.00   35  0.9919657E+00   0.3928870E-03   0.2978818E-04
 49.00    33.00   35  0.8338163E+00   0.3260864E-04   0.1905499E-03
 50.00    33.00   35  0.7980970E+00   0.1813524E-04   0.2168316E-03
 51.00    33.00   35  0.7997715E+00   0.3132414E-04   0.2156338E-03
 52.00    33.00   35  0.7668613E+00   0.3097008E-04   0.2386298E-03
 53.00    33.00   35  0.7788265E+00   0.1059570E-03   0.2303977E-03
 54.00    33.00   35  0.9888378E+00   0.4327389E-01   0.3590921E-04
 48.00    34.00   35  0.9915193E+00   0.1734115E-02  -0.2223119E-04
 49.00    34.00   35  0.9625783E+00   0.8064281E-04   0.7349937E-04
 50.00    34.00   35  0.9512942E+00   0.7955868E-04   0.8649082E-04
 51.00    34.00   35  0.9043890E+00   0.1487142E-03   0.1326924E-03
 52.00    34.00   35  0.8118469E+00   0.1598061E-03   0.2069006E-03
 53.00    34.00   35  0.7658105E+00   0.8972700E-03   0.2393461E-03
 48.00    35.00   35  0.9155226E+00   0.3727165E-01  -0.3804266E-04
 49.00    35.00   35  0.9617423E+00   0.9083159E-03  -0.3624411E-04
 50.00    35.00   35  0.9671411E+00   0.1600977E-02  -0.3503182E-04
 51.00    35.00   35  0.6577365E+00   0.7838546E-02   0.3416487E-04
 52.00    35.00   35  0.1000000E+01   0.1026567E-01   0.4650792E-07
 53.00    35.00   35  0.7500000E+00   0.3842564E+00   0.2500000E-03
 49.00    36.00   35  0.1264178E-03   0.2061731E-02   0.4966913E-03
 50.00    36.00   35  0.6619411E-02   0.2440668E+00   0.4732816E-03
 45.00    20.00   36  0.1086038E-02   0.5341073E-04   0.4899488E-03
 46.00    20.00   36  0.9603946E+00   0.5691207E-02   0.7610323E-04
 47.00    20.00   36  0.7500001E+00   0.4293460E-02   0.2500000E-03
 48.00    20.00   36  0.7500000E+00   0.3798622E-02   0.2500000E-03
 49.00    20.00   36  0.7500002E+00   0.3317818E-02   0.2500000E-03
 50.00    20.00   36  0.7500000E+00   0.2396745E+00   0.2500000E-03
 45.00    21.00   36  0.3943801E+00   0.1634437E-02   0.1617294E-03
 46.00    21.00   36  0.7720723E+00   0.3802115E-03   0.2350619E-03
 47.00    21.00   36  0.7505027E+00   0.4377807E-03   0.2496648E-03
 48.00    21.00   36  0.7500000E+00   0.1080596E-02   0.2500000E-03
 49.00    21.00   36  0.7499999E+00   0.2611401E-02   0.2500000E-03
 50.00    21.00   36  0.7499999E+00   0.5099502E+00   0.2500000E-03
 45.00    22.00   36  0.1388920E+00   0.3172617E-03   0.3307204E-03
 46.00    22.00   36  0.8272425E+00   0.2136503E-03   0.1955088E-03
 47.00    22.00   36  0.7579939E+00   0.3231787E-03   0.2446420E-03
 48.00    22.00   36  0.7500000E+00   0.3110468E-02   0.2500000E-03
 49.00    22.00   36  0.7500001E+00   0.1783856E+02   0.2500000E-03
 45.00    23.00   36  0.9036166E-01   0.1264546E-03   0.3720563E-03
 46.00    23.00   36  0.9729639E+00   0.1923257E-03   0.6033774E-04
 47.00    23.00   36  0.7928967E+00   0.3295495E-03   0.2205315E-03
 48.00    23.00   36  0.7500000E+00   0.2150201E-01   0.2500000E-03
 44.00    24.00   36  0.3963353E-03   0.3241484E-04   0.4940560E-03
 45.00    24.00   36  0.4209784E-01   0.4080220E-04   0.4209816E-03
 46.00    24.00   36  0.7494681E+00   0.1365839E-03   0.1774170E-06
 47.00    24.00   36  0.8819839E+00   0.2978679E-03   0.1521426E-03
 48.00    24.00   36  0.7500001E+00   0.5089621E-01   0.2500000E-03
 44.00    25.00   36  0.7059341E-02   0.1524922E-03   0.4723017E-03
 45.00    25.00   36  0.3931196E-01   0.3395689E-04   0.4242440E-03
 46.00    25.00   36  0.5162715E+00   0.1285772E-03   0.9760319E-04
 47.00    25.00   36  0.8594425E+00   0.3661362E-03   0.1706120E-03
 48.00    25.00   36  0.7500000E+00   0.1199928E-01   0.2500000E-03
 44.00    26.00   36  0.6738956E-02   0.1771675E-03   0.4730129E-03
 45.00    26.00   36  0.2979410E-01   0.3901213E-04   0.4360228E-03
 46.00    26.00   36  0.3379629E+00   0.1242369E-03   0.1944707E-03
 47.00    26.00   36  0.9992596E+00   0.5297035E-03   0.8222938E-05
 48.00    26.00   36  0.7500001E+00   0.2500336E-01   0.2500000E-03
 44.00    27.00   36  0.3787778E-02   0.3132793E-03   0.4803733E-03
 45.00    27.00   36  0.4288762E-01   0.6638560E-04   0.4200696E-03
 46.00    27.00   36  0.7601933E-01   0.4880511E-04   0.3854831E-03
 47.00    27.00   36  0.7082975E+00   0.3155867E-03   0.1463515E-04
 48.00    27.00   36  0.7508388E+00   0.1045892E-01   0.2494404E-03
 44.00    28.00   36  0.1087071E-01   0.5495946E-03   0.4646307E-03
 45.00    28.00   36  0.2849514E-01   0.1018972E-03   0.4377219E-03
 46.00    28.00   36  0.2542907E-01   0.2877896E-04   0.4418410E-03
 47.00    28.00   36  0.3504759E+00   0.2129814E-03   0.1870297E-03
 48.00    28.00   36  0.9133595E+00   0.2926459E-02   0.1245267E-03
 44.00    29.00   36  0.1155679E-02   0.9188583E-04   0.4896143E-03
 45.00    29.00   36  0.5952436E-02   0.3779563E-04   0.4748183E-03
 46.00    29.00   36  0.1430325E-01   0.2499054E-04   0.4585717E-03
 47.00    29.00   36  0.1860659E+00   0.1358314E-03   0.2946263E-03
 48.00    29.00   36  0.9793471E+00   0.5756884E-03   0.5138150E-04
 49.00    29.00   36  0.7500000E+00   0.4256578E-02   0.2500000E-03
 50.00    29.00   36  0.7500002E+00   0.7741055E-02   0.2500000E-03
 54.00    29.00   36  0.7497941E+00   0.4751903E-02   0.2499314E-03
 44.00    30.00   36  0.2969764E-03   0.1547769E-03   0.4948775E-03
 45.00    30.00   36  0.1715567E-01   0.6939642E-04   0.4539373E-03
 46.00    30.00   36  0.3293070E-01   0.3931947E-04   0.4320191E-03
 47.00    30.00   36  0.5774638E-01   0.9846043E-04   0.4037895E-03
 48.00    30.00   36  0.9520573E+00   0.1808956E-03   0.8564556E-04
 49.00    30.00   36  0.7519269E+00   0.1121750E-03   0.2487138E-03
 50.00    30.00   36  0.7498605E+00   0.9648297E-04   0.2499535E-03
 53.00    30.00   36  0.5092879E+00   0.7235396E-04   0.2113747E-03
 54.00    30.00   36  0.7500000E+00   0.9853228E-03   0.2500000E-03
 55.00    30.00   36  0.7500000E+00   0.3678844E-01   0.2500000E-03
 45.00    31.00   36  0.2079633E-01   0.2316248E-03   0.4484073E-03
 46.00    31.00   36  0.2305355E-01   0.4099933E-04   0.4451507E-03
 47.00    31.00   36  0.1439445E-02   0.2323216E-04   0.4883358E-03
 48.00    31.00   36  0.9313176E+00   0.1448475E-03   0.1073510E-03
 49.00    31.00   36  0.7568926E+00   0.3539558E-04   0.2453836E-03
 50.00    31.00   36  0.7499023E+00   0.2528232E-04   0.2499674E-03
 51.00    31.00   36  0.6326525E+00   0.1908008E-04   0.2215352E-03
 52.00    31.00   36  0.5977870E+00   0.1553373E-04   0.2167942E-03
 53.00    31.00   36  0.7496445E+00   0.5182670E-04   0.2493501E-03
 54.00    31.00   36  0.7503004E+00   0.2952630E-03   0.2497997E-03
 55.00    31.00   36  0.7499999E+00   0.1084787E+00   0.2500000E-03
 45.00    32.00   36  0.3700465E-01   0.2401466E-02   0.4270036E-03
 46.00    32.00   36  0.9047719E-02   0.6794249E-04   0.4681420E-03
 47.00    32.00   36  0.1374826E-02   0.4777632E-04   0.4886163E-03
 48.00    32.00   36  0.9842785E+00   0.2327744E-03   0.4377065E-04
 49.00    32.00   36  0.7652667E+00   0.2803278E-04   0.2397166E-03
 50.00    32.00   36  0.7514518E+00   0.1278701E-04   0.2490310E-03
 51.00    32.00   36  0.7544844E+00   0.1607633E-04   0.2416075E-03
 52.00    32.00   36  0.7532085E+00   0.1860344E-04   0.2430840E-03
 53.00    32.00   36  0.7617712E+00   0.5039770E-04   0.2420899E-03
 54.00    32.00   36  0.7652874E+00   0.1148323E-02   0.2397023E-03
 45.00    33.00   36  0.3809464E-02   0.3884203E-02   0.4803120E-03
 46.00    33.00   36  0.1890360E-02   0.1940694E-03   0.4865156E-03
 47.00    33.00   36  0.1668384E-06   0.2038743E-05   0.4998820E-03
 48.00    33.00   36  0.9995638E+00   0.4957381E-03   0.6247254E-05
 49.00    33.00   36  0.8017663E+00   0.3171086E-04   0.2142027E-03
 50.00    33.00   36  0.7657029E+00   0.1172468E-04   0.2394195E-03
 51.00    33.00   36  0.7846439E+00   0.2058541E-04   0.2263416E-03
 52.00    33.00   36  0.7683957E+00   0.2249789E-04   0.2375809E-03
 53.00    33.00   36  0.7801185E+00   0.7611432E-04   0.2295003E-03
 54.00    33.00   36  0.9912609E+00   0.4879676E-01  -0.2249877E-04
 48.00    34.00   36  0.9999325E+00   0.1290155E-02  -0.2335932E-05
 49.00    34.00   36  0.8841497E+00   0.5183024E-04   0.1503143E-03
 50.00    34.00   36  0.8319071E+00   0.2490494E-04   0.1919962E-03
 51.00    34.00   36  0.8211626E+00   0.4212929E-04   0.2000437E-03
 52.00    34.00   36  0.7789554E+00   0.5456456E-04   0.2303081E-03
 53.00    34.00   36  0.7699884E+00   0.2680219E-03   0.2364919E-03
 48.00    35.00   36  0.9998626E+00   0.9430708E-02   0.3453752E-05
 49.00    35.00   36  0.9915399E+00   0.1686812E-03   0.3066956E-04
 50.00    35.00   36  0.9832805E+00   0.1333859E-03   0.4537293E-04
 51.00    35.00   36  0.9619481E+00   0.4081189E-03   0.7425572E-04
 52.00    35.00   36  0.9302205E+00   0.8015390E-03   0.1084371E-03
 53.00    35.00   36  0.7667925E+00   0.1242430E-01   0.2386767E-03
 48.00    36.00   36  0.7627848E+00   0.3227528E+00   0.2414028E-03
 49.00    36.00   36  0.8721142E+00   0.2875968E-02  -0.3246381E-04
 50.00    36.00   36  0.9567170E+00   0.3712661E-02  -0.3710197E-04
 51.00    36.00   36  0.7629383E+00   0.1153684E+00  -0.4237052E-05
 52.00    36.00   36  0.1619666E+00   0.1235895E+00   0.3126630E-03
 44.00    20.00   37  0.5027229E-05   0.3230823E-05   0.4993503E-03
 45.00    20.00   37  0.5337427E-01   0.4857306E-03   0.4084249E-03
 46.00    20.00   37  0.8051299E+00   0.4615108E-02   0.2117794E-03
 47.00    20.00   37  0.7500000E+00   0.3050619E-01   0.2500000E-03
 48.00    20.00   37  0.7500001E+00   0.1418045E-01   0.2500000E-03
 49.00    20.00   37  0.7499999E+00   0.1140788E-01   0.2500000E-03
 44.00    21.00   37  0.6562691E-02   0.1603017E-03   0.4734098E-03
 45.00    21.00   37  0.8509124E+00   0.6740664E-03   0.1773626E-03
 46.00    21.00   37  0.7642573E+00   0.3575431E-03   0.2404030E-03
 47.00    21.00   37  0.7499999E+00   0.9697916E-03   0.2500000E-03
 48.00    21.00   37  0.7500000E+00   0.1308142E-02   0.2500000E-03
 49.00    21.00   37  0.7500000E+00   0.2174393E-02   0.2500000E-03
 44.00    22.00   37  0.8223963E-02   0.2027283E-03   0.4698171E-03
 45.00    22.00   37  0.9715083E+00   0.6088407E-03   0.6227344E-04
 46.00    22.00   37  0.8405983E+00   0.2508855E-03   0.1853705E-03
 47.00    22.00   37  0.7526750E+00   0.8697173E-03   0.2482135E-03
 48.00    22.00   37  0.7500000E+00   0.6398384E-02   0.2500000E-03
 49.00    22.00   37  0.7500001E+00   0.4006404E-01   0.2500000E-03
 44.00    23.00   37  0.4888287E-05   0.2304665E-05   0.4993593E-03
 45.00    23.00   37  0.6698747E+00   0.4784889E-03   0.2931082E-04
 46.00    23.00   37  0.8894426E+00   0.2408108E-03   0.1458024E-03
 47.00    23.00   37  0.7621475E+00   0.1410506E-02   0.2418351E-03
 48.00    23.00   37  0.7500000E+00   0.2292723E+00   0.2500000E-03
 44.00    24.00   37  0.1919405E-08   0.2790642E-07   0.4999874E-03
 45.00    24.00   37  0.2675190E+00   0.1572367E-03   0.2384540E-03
 46.00    24.00   37  0.9940440E+00   0.2265412E-03   0.2519009E-04
 47.00    24.00   37  0.7818362E+00   0.1432891E-02   0.2283045E-03
 44.00    25.00   37  0.5703140E-04   0.1000066E-04   0.4977915E-03
 45.00    25.00   37  0.6630247E-01   0.4762715E-04   0.3950235E-03
 46.00    25.00   37  0.8015814E+00   0.2078626E-03  -0.1591700E-04
 47.00    25.00   37  0.7998849E+00   0.1020542E-02   0.2155527E-03
 48.00    25.00   37  0.7500001E+00   0.6150879E+00   0.2500000E-03
 44.00    26.00   37  0.1551602E-03   0.4330731E-04   0.4963269E-03
 45.00    26.00   37  0.2034078E-01   0.2755571E-04   0.4490793E-03
 46.00    26.00   37  0.4486216E+00   0.1605085E-03   0.1321157E-03
 47.00    26.00   37  0.9450745E+00   0.8143136E-03   0.9323313E-04
 48.00    26.00   37  0.7499999E+00   0.6522453E-01   0.2500001E-03
 44.00    27.00   37  0.8338020E-04   0.1211044E-03   0.4973225E-03
 45.00    27.00   37  0.2907860E-01   0.5719059E-04   0.4369555E-03
 46.00    27.00   37  0.1046195E+00   0.6272795E-04   0.3593377E-03
 47.00    27.00   37  0.5648032E+00   0.3303582E-03   0.7447822E-04
 48.00    27.00   37  0.7500001E+00   0.1897310E-01   0.2500000E-03
 43.00    28.00   37  0.3597623E-01   0.1482712E-01   0.4282517E-03
 44.00    28.00   37  0.1195575E+00   0.2312274E-02   0.3465625E-03
 45.00    28.00   37  0.4828674E-01   0.1450418E-03   0.4139729E-03
 46.00    28.00   37  0.4137750E-01   0.3791833E-04   0.4218182E-03
 47.00    28.00   37  0.5026485E+00   0.2482497E-03   0.1043402E-03
 48.00    28.00   37  0.8610781E+00   0.5650270E-02   0.1693036E-03
 43.00    29.00   37  0.3962376E-01   0.2240529E-01   0.4238752E-03
 44.00    29.00   37  0.5149479E-01   0.3331405E-03   0.4104541E-03
 45.00    29.00   37  0.3799003E-01   0.8507448E-04   0.4258184E-03
 46.00    29.00   37  0.3541794E-01   0.4470129E-04   0.4289341E-03
 47.00    29.00   37  0.1414582E+00   0.1202446E-03   0.3286695E-03
 48.00    29.00   37  0.9993875E+00   0.2309188E-02  -0.6836257E-05
 49.00    29.00   37  0.7500002E+00   0.1236283E+01   0.2500000E-03
 54.00    29.00   37  0.2329112E+00   0.7925291E-01   0.2559620E-03
 44.00    30.00   37  0.1658671E-01   0.2335789E-03   0.4548380E-03
 45.00    30.00   37  0.3194571E-01   0.4070186E-04   0.4332620E-03
 46.00    30.00   37  0.2829817E-01   0.2758244E-04   0.4379819E-03
 47.00    30.00   37  0.7712564E-01   0.8515611E-04   0.3844213E-03
 48.00    30.00   37  0.9999919E+00   0.5036382E-03   0.8317875E-06
 49.00    30.00   37  0.7563020E+00   0.6837184E-03   0.2457809E-03
 50.00    30.00   37  0.7497122E+00   0.8657651E-03   0.2499042E-03
 53.00    30.00   37  0.8248071E-01   0.5075196E-04   0.3411734E-03
 54.00    30.00   37  0.7500000E+00   0.2823629E-02   0.2500000E-03
 55.00    30.00   37  0.7500001E+00   0.3193557E-01   0.2500000E-03
 44.00    31.00   37  0.2865745E-02   0.7333136E-03   0.4831358E-03
 45.00    31.00   37  0.2802296E-01   0.7208713E-04   0.4383461E-03
 46.00    31.00   37  0.3365251E-01   0.2935669E-04   0.4311161E-03
 47.00    31.00   37  0.6808556E-02   0.2536798E-04   0.4728572E-03
 48.00    31.00   37  0.9997354E+00   0.2694167E-03   0.4828617E-05
 49.00    31.00   37  0.7663316E+00   0.7033805E-04   0.2389910E-03
 50.00    31.00   37  0.7497740E+00   0.5560226E-04   0.2499247E-03
 51.00    31.00   37  0.9702387E-01   0.1628740E-04   0.3291100E-03
 52.00    31.00   37  0.7471310E-01   0.8022597E-05   0.3481986E-03
 53.00    31.00   37  0.7370341E+00   0.9689011E-04   0.2458250E-03
 54.00    31.00   37  0.7897746E+00   0.6144337E-03   0.2227388E-03
 55.00    31.00   37  0.9747796E+00   0.3091872E-01   0.5787279E-04
 45.00    32.00   37  0.1565660E-01   0.2740371E-03   0.4563347E-03
 46.00    32.00   37  0.3074572E-01   0.4603470E-04   0.4347938E-03
 47.00    32.00   37  0.4241101E-02   0.2449086E-04   0.4791198E-03
 48.00    32.00   37  0.9990422E+00   0.3698703E-03   0.9408337E-05
 49.00    32.00   37  0.7750052E+00   0.3872464E-04   0.2330421E-03
 50.00    32.00   37  0.7500185E+00   0.2067595E-04   0.2499695E-03
 51.00    32.00   37  0.7009948E+00   0.1724233E-04   0.2346199E-03
 52.00    32.00   37  0.7014069E+00   0.1699544E-04   0.2343529E-03
 53.00    32.00   37  0.7541779E+00   0.5547335E-04   0.2472069E-03
 54.00    32.00   37  0.7662531E+00   0.9171368E-03   0.2390445E-03
 55.00    32.00   37  0.9895996E+00   0.2024543E+00   0.3448626E-04
 45.00    33.00   37  0.3221353E-02   0.9312668E-03   0.4820314E-03
 46.00    33.00   37  0.1125614E-01   0.7556073E-04   0.4639178E-03
 47.00    33.00   37  0.1537970E-02   0.2578218E-04   0.4879188E-03
 48.00    33.00   37  0.9332455E+00   0.7683437E-03  -0.3867497E-04
 49.00    33.00   37  0.7986933E+00   0.4211185E-04   0.2164053E-03
 50.00    33.00   37  0.7534819E+00   0.1224832E-04   0.2476734E-03
 51.00    33.00   37  0.7655907E+00   0.1620315E-04   0.2387210E-03
 52.00    33.00   37  0.7654563E+00   0.1948599E-04   0.2389466E-03
 53.00    33.00   37  0.7760826E+00   0.6642188E-04   0.2322980E-03
 54.00    33.00   37  0.9926900E+00   0.3465094E-01   0.2824567E-04
 55.00    33.00   37  0.7500001E+00   0.2051166E+04   0.2500000E-03
 46.00    34.00   37  0.5441973E-02   0.2367483E-03   0.4760416E-03
 47.00    34.00   37  0.5886599E-03   0.5902610E-04   0.4927038E-03
 48.00    34.00   37  0.9334531E+00   0.1985651E-02  -0.3867463E-04
 49.00    34.00   37  0.8628076E+00   0.5780995E-04   0.1679150E-03
 50.00    34.00   37  0.7742943E+00   0.1422448E-04   0.2335325E-03
 51.00    34.00   37  0.7915547E+00   0.2160095E-04   0.2214817E-03
 52.00    34.00   37  0.7734071E+00   0.3044675E-04   0.2341437E-03
 53.00    34.00   37  0.7747388E+00   0.1245729E-03   0.2332259E-03
 54.00    34.00   37  0.9688349E+00   0.1057505E+01   0.6574404E-04
 46.00    35.00   37  0.1120252E-02   0.3904636E-03   0.4897833E-03
 47.00    35.00   37  0.3413394E-03   0.3634575E-03   0.4944969E-03
 48.00    35.00   37  0.9556479E+00   0.8908792E-02  -0.3725535E-04
 49.00    35.00   37  0.9392532E+00   0.1065983E-03   0.9932803E-04
 50.00    35.00   37  0.8709810E+00   0.3417007E-04   0.1612795E-03
 51.00    35.00   37  0.8609804E+00   0.6255316E-04   0.1693818E-03
 52.00    35.00   37  0.8329858E+00   0.1298193E-03   0.1911796E-03
 53.00    35.00   37  0.7714828E+00   0.1108610E-02   0.2354668E-03
 45.00    36.00   37  0.9890975E+00   0.1227260E+01  -0.2452621E-04
 46.00    36.00   37  0.1293226E-01   0.5050003E-02   0.4609187E-03
 48.00    36.00   37  0.9362618E+00   0.1314853E+00  -0.3865024E-04
 49.00    36.00   37  0.9999518E+00   0.4584074E-03   0.2027431E-05
 50.00    36.00   37  0.9949501E+00   0.2025097E-03   0.2298705E-04
 51.00    36.00   37  0.1000000E+01   0.1062032E-02   0.6024493E-07
 52.00    36.00   37  0.9995388E+00   0.3636416E-02   0.6428803E-05
 53.00    36.00   37  0.7509964E+00   0.1678961E+00   0.2493353E-03
 45.00    37.00   37  0.9247009E+00   0.3797612E+01  -0.3852410E-04
 46.00    37.00   37  0.1526267E-01   0.1972693E-01   0.4569783E-03
 49.00    37.00   37  0.8112006E+00   0.6986286E-02  -0.1857313E-04
 50.00    37.00   37  0.8585852E+00   0.4375129E-02  -0.2988114E-04
 51.00    37.00   37  0.8383598E+00   0.2556283E+00  -0.2544711E-04
 48.00    19.00   38  0.1379831E-03   0.1277097E-02   0.4965403E-03
 49.00    19.00   38  0.7499999E+00   0.8270226E+00   0.2500001E-03
 44.00    20.00   38  0.4433431E-06   0.1671527E-05   0.4998076E-03
 45.00    20.00   38  0.3995116E-01   0.3462381E-03   0.4234890E-03
 46.00    20.00   38  0.7687610E-01   0.5367576E-03   0.3846604E-03
 47.00    20.00   38  0.1683006E-02   0.1672790E-03   0.4873257E-03
 48.00    20.00   38  0.8645405E+00   0.3183621E-01   0.1665183E-03
 49.00    20.00   38  0.7500000E+00   0.3195591E-01   0.2500000E-03
 50.00    20.00   38  0.7500001E+00   0.2829390E+00   0.2500000E-03
 44.00    21.00   38  0.3904410E-02   0.9285774E-04   0.4800451E-03
 45.00    21.00   38  0.8738349E+00   0.5775542E-03   0.1589330E-03
 46.00    21.00   38  0.8500115E+00   0.4148928E-03   0.1780686E-03
 47.00    21.00   38  0.8103826E+00   0.1732048E-02   0.2079689E-03
 48.00    21.00   38  0.7500001E+00   0.2277882E-02   0.2500000E-03
 49.00    21.00   38  0.7500001E+00   0.5830135E-02   0.2500000E-03
 50.00    21.00   38  0.7500000E+00   0.4826866E+00   0.2500000E-03
 44.00    22.00   38  0.2443194E+00   0.1417780E-02   0.2538015E-03
 45.00    22.00   38  0.9216810E+00   0.4031962E-03   0.1167186E-03
 46.00    22.00   38  0.8001443E+00   0.2347158E-03   0.2153667E-03
 47.00    22.00   38  0.7503405E+00   0.8070800E-03   0.2497730E-03
 48.00    22.00   38  0.7500002E+00   0.2869757E-02   0.2500000E-03
 49.00    22.00   38  0.7500000E+00   0.1359444E-01   0.2500000E-03
 44.00    23.00   38  0.9868775E-02   0.1354276E-03   0.4665300E-03
 45.00    23.00   38  0.9565705E+00   0.4658471E-03  -0.3712357E-04
 46.00    23.00   38  0.9047405E+00   0.2694460E-03   0.1323769E-03
 47.00    23.00   38  0.7757129E+00   0.9094445E-03   0.2325534E-03
 48.00    23.00   38  0.7500001E+00   0.7980000E-02   0.2500000E-03
 44.00    24.00   38  0.3043060E-04   0.3736765E-05   0.4983924E-03
 45.00    24.00   38  0.6701090E+00   0.2888936E-03   0.2921818E-04
 46.00    24.00   38  0.9999264E+00   0.2929736E-03  -0.2441811E-05
 47.00    24.00   38  0.9060345E+00   0.9819767E-03   0.1312126E-03
 48.00    24.00   38  0.7500002E+00   0.1287317E-01   0.2500000E-03
 44.00    25.00   38  0.3487253E-04   0.3426971E-05   0.4982779E-03
 45.00    25.00   38  0.3600962E+00   0.1671699E-03   0.1813798E-03
 46.00    25.00   38  0.9640400E+00   0.3125494E-03  -0.3576855E-04
 47.00    25.00   38  0.9438305E+00   0.2355122E-02   0.9455194E-04
 48.00    25.00   38  0.7500000E+00   0.1220427E+00   0.2500000E-03
 44.00    26.00   38  0.4047563E-05   0.2828852E-05   0.4994172E-03
 45.00    26.00   38  0.7150549E-01   0.5874836E-04   0.3898651E-03
 46.00    26.00   38  0.7106925E+00   0.2130577E-03   0.1375662E-04
 47.00    26.00   38  0.8706977E+00   0.1406855E-02   0.1615115E-03
 48.00    26.00   38  0.7499999E+00   0.5863800E+01   0.2500000E-03
 44.00    27.00   38  0.5081097E-10   0.7704984E-07   0.4999980E-03
 45.00    27.00   38  0.2133969E-01   0.4020613E-04   0.4476126E-03
 46.00    27.00   38  0.1734448E+00   0.7838560E-04   0.3039762E-03
 47.00    27.00   38  0.7647085E+00   0.5975265E-03  -0.4804751E-05
 48.00    27.00   38  0.7502041E+00   0.6025643E-01   0.2498640E-03
 44.00    28.00   38  0.2793579E-01   0.1095144E-02   0.4384617E-03
 45.00    28.00   38  0.2633243E-01   0.9683434E-04   0.4406106E-03
 46.00    28.00   38  0.7410567E-01   0.4935338E-04   0.3873308E-03
 47.00    28.00   38  0.4917950E+00   0.3302961E-03   0.1097844E-03
 48.00    28.00   38  0.8209761E+00   0.1291355E-01   0.2001819E-03
 44.00    29.00   38  0.3049218E-01   0.3024031E-03   0.4351199E-03
 45.00    29.00   38  0.4558609E-01   0.1131493E-03   0.4169935E-03
 46.00    29.00   38  0.1140100E+00   0.7116696E-04   0.3512473E-03
 47.00    29.00   38  0.4386271E+00   0.3295302E-03   0.1374403E-03
 48.00    29.00   38  0.9981249E+00   0.9571245E-02  -0.1155137E-04
 44.00    30.00   38  0.3452421E-01   0.2716938E-03   0.4300341E-03
 45.00    30.00   38  0.3840540E-01   0.5277027E-04   0.4253218E-03
 46.00    30.00   38  0.7912832E-01   0.5461311E-04   0.3825112E-03
 47.00    30.00   38  0.2859326E+00   0.2065203E-03   0.2265937E-03
 48.00    30.00   38  0.9330503E+00   0.2218698E-02  -0.3867515E-04
 49.00    30.00   38  0.7529870E+00   0.3906830E-01   0.2480046E-03
 54.00    30.00   38  0.7500001E+00   0.3132870E-02   0.2500000E-03
 55.00    30.00   38  0.7500000E+00   0.7978746E-01   0.2500000E-03
 44.00    31.00   38  0.1825765E-01   0.7005177E-03   0.4522229E-03
 45.00    31.00   38  0.4602833E-01   0.5941490E-04   0.4164950E-03
 46.00    31.00   38  0.3825698E-01   0.2833973E-04   0.4254990E-03
 47.00    31.00   38  0.1094247E+00   0.9125093E-04   0.3551716E-03
 48.00    31.00   38  0.9908106E+00   0.7744865E-03  -0.2295087E-04
 49.00    31.00   38  0.7716324E+00   0.6202105E-03   0.2353641E-03
 53.00    31.00   38  0.6399271E+00   0.2781528E-03   0.2228596E-03
 54.00    31.00   38  0.7749572E+00   0.1000190E-02   0.2330752E-03
 55.00    31.00   38  0.7823743E+00   0.3294603E-01   0.2279294E-03
 44.00    32.00   38  0.2403163E-02   0.3191358E-02   0.4846640E-03
 45.00    32.00   38  0.3619681E-01   0.1202038E-03   0.4279830E-03
 46.00    32.00   38  0.2884500E-01   0.2935109E-04   0.4372618E-03
 47.00    32.00   38  0.3357919E-01   0.4038059E-04   0.4312075E-03
 48.00    32.00   38  0.9205990E+00   0.5978971E-03  -0.3834674E-04
 49.00    32.00   38  0.7847739E+00   0.1541935E-03   0.2262525E-03
 50.00    32.00   38  0.6338201E+00   0.9051951E-04   0.2217995E-03
 52.00    32.00   38  0.3689110E+00   0.2578026E-04   0.2213129E-03
 53.00    32.00   38  0.7496495E+00   0.1015370E-03   0.2481655E-03
 54.00    32.00   38  0.7760885E+00   0.7191224E-03   0.2322939E-03
 55.00    32.00   38  0.9910178E+00   0.4485918E+00   0.3172716E-04
 45.00    33.00   38  0.6239474E-02   0.2398940E-03   0.4741490E-03
 46.00    33.00   38  0.2521923E-01   0.5209324E-04   0.4421289E-03
 47.00    33.00   38  0.3355439E-01   0.4607786E-04   0.4312384E-03
 48.00    33.00   38  0.9709960E+00   0.4510818E-03  -0.3394281E-04
 49.00    33.00   38  0.7904989E+00   0.7286329E-04   0.2222277E-03
 50.00    33.00   38  0.7400873E+00   0.2908074E-04   0.2461199E-03
 51.00    33.00   38  0.6026828E+00   0.1987152E-04   0.2153590E-03
 52.00    33.00   38  0.7087158E+00   0.2321043E-04   0.2338330E-03
 53.00    33.00   38  0.7593978E+00   0.7709321E-04   0.2436950E-03
 54.00    33.00   38  0.7618105E+00   0.1104796E-02   0.2420633E-03
 55.00    33.00   38  0.7500000E+00   0.8620931E+01   0.2500000E-03
 45.00    34.00   38  0.2482843E-03   0.6594023E-03   0.4953278E-03
 46.00    34.00   38  0.1992735E-01   0.1208182E-03   0.4496938E-03
 47.00    34.00   38  0.2311790E-01   0.5267106E-04   0.4450596E-03
 48.00    34.00   38  0.9577094E+00   0.2581996E-03   0.7924141E-04
 49.00    34.00   38  0.7895147E+00   0.4744432E-04   0.2229220E-03
 50.00    34.00   38  0.7571998E+00   0.1898025E-04   0.2446932E-03
 51.00    34.00   38  0.7552767E+00   0.1957390E-04   0.2373512E-03
 52.00    34.00   38  0.7606636E+00   0.2600577E-04   0.2389835E-03
 53.00    34.00   38  0.7659016E+00   0.8486852E-04   0.2392840E-03
 54.00    34.00   38  0.7655766E+00   0.6429548E-02   0.2395055E-03
 46.00    35.00   38  0.1944114E-01   0.4542298E-03   0.4504222E-03
 47.00    35.00   38  0.2158739E-01   0.1218932E-03   0.4472526E-03
 48.00    35.00   38  0.8943297E+00   0.2110089E-03   0.1415782E-03
 49.00    35.00   38  0.7846342E+00   0.3797132E-04   0.2263503E-03
 50.00    35.00   38  0.7706650E+00   0.1868630E-04   0.2360266E-03
 51.00    35.00   38  0.7826306E+00   0.2785778E-04   0.2276580E-03
 52.00    35.00   38  0.7731565E+00   0.3929108E-04   0.2342433E-03
 53.00    35.00   38  0.7716267E+00   0.1814062E-03   0.2353679E-03
 45.00    36.00   38  0.7500001E+00   0.9305905E+00   0.2500000E-03
 46.00    36.00   38  0.7855590E-01   0.3973476E-02   0.3830557E-03
 47.00    36.00   38  0.2646031E-01   0.3746969E-03   0.4404376E-03
 48.00    36.00   38  0.9010805E+00   0.2888134E-03   0.1356447E-03
 49.00    36.00   38  0.7958366E+00   0.4150707E-04   0.2184435E-03
 50.00    36.00   38  0.8037044E+00   0.2463581E-04   0.2128081E-03
 51.00    36.00   38  0.8192362E+00   0.5658843E-04   0.2014705E-03
 52.00    36.00   38  0.8124917E+00   0.1232069E-03   0.2064296E-03
 53.00    36.00   38  0.8292683E+00   0.1385889E-02   0.1939870E-03
 45.00    37.00   38  0.7500000E+00   0.3080141E+01   0.2500000E-03
 46.00    37.00   38  0.3835756E-01   0.9782995E-02   0.4253789E-03
 47.00    37.00   38  0.4988604E-01   0.2954873E-02   0.4122097E-03
 48.00    37.00   38  0.9867485E+00   0.6553730E-03   0.3963581E-04
 49.00    37.00   38  0.8526033E+00   0.7507658E-04   0.1760340E-03
 50.00    37.00   38  0.8622946E+00   0.5845701E-04   0.1683274E-03
 51.00    37.00   38  0.8768486E+00   0.2478734E-03   0.1564375E-03
 52.00    37.00   38  0.8822578E+00   0.1524453E-02   0.1519119E-03
 53.00    37.00   38  0.8424340E+00   0.6572017E-01   0.1839570E-03
 47.00    38.00   38  0.1561129E-05   0.3479097E-04   0.4996386E-03
 48.00    38.00   38  0.9563245E+00   0.2042143E-02  -0.3715942E-04
 49.00    38.00   38  0.9674485E+00   0.2102413E-03   0.6750430E-04
 50.00    38.00   38  0.9668029E+00   0.2594531E-03   0.6831525E-04
 51.00    38.00   38  0.9421830E+00   0.6410764E-02  -0.3846741E-04
 52.00    38.00   38  0.1189639E-02   0.5750515E-02   0.4894544E-03
 48.00    39.00   38  0.4191790E+00   0.2047685E-01   0.1479711E-03
 49.00    39.00   38  0.9990422E+00   0.2091286E-02   0.9409443E-05
 50.00    39.00   38  0.9996876E+00   0.4948062E-02   0.5257491E-05
 51.00    39.00   38  0.3553496E-02   0.8611003E-01   0.4810456E-03
 49.00    40.00   38  0.9379956E+00   0.4163568E+00   0.1006201E-03
 50.00    40.00   38  0.8248754E+00   0.4222732E+00   0.1972803E-03
 45.00    20.00   39  0.5886288E-03   0.3695750E-04   0.4927040E-03
 46.00    20.00   39  0.1837266E-02   0.6141249E-04   0.4867192E-03
 47.00    20.00   39  0.8110332E-04   0.1743860E-04   0.4973598E-03
 48.00    20.00   39  0.1439977E+00   0.1146700E-01   0.3266509E-03
 49.00    20.00   39  0.7500001E+00   0.2955821E-01   0.2500000E-03
 50.00    20.00   39  0.7500001E+00   0.1337892E+00   0.2500000E-03
 44.00    21.00   39  0.7203594E-03   0.7545324E-04   0.4918947E-03
 45.00    21.00   39  0.8696619E+00   0.1451542E-02  -0.3202067E-04
 46.00    21.00   39  0.9833878E+00   0.8552203E-03   0.4520241E-04
 47.00    21.00   39  0.9930882E+00   0.3178212E-02   0.2737320E-04
 48.00    21.00   39  0.7686210E+00   0.4400198E-02   0.2374279E-03
 49.00    21.00   39  0.7500001E+00   0.7456425E-02   0.2500000E-03
 50.00    21.00   39  0.7500000E+00   0.4351587E-01   0.2500000E-03
 44.00    22.00   39  0.1016249E+00   0.6209596E-03   0.3619631E-03
 45.00    22.00   39  0.9647655E+00   0.5404835E-03   0.7084085E-04
 46.00    22.00   39  0.7986478E+00   0.2612950E-03   0.2164379E-03
 47.00    22.00   39  0.7503822E+00   0.7204408E-03   0.2497451E-03
 48.00    22.00   39  0.7500000E+00   0.1884130E-02   0.2500000E-03
 49.00    22.00   39  0.7500000E+00   0.9733005E-02   0.2500000E-03
 50.00    22.00   39  0.7500000E+00   0.6486554E+00   0.2500000E-03
 44.00    23.00   39  0.1739144E+00   0.7579990E-03   0.3036245E-03
 45.00    23.00   39  0.9941718E+00   0.4516852E-03  -0.1905992E-04
 46.00    23.00   39  0.8340605E+00   0.2371227E-03   0.1903644E-03
 47.00    23.00   39  0.7559631E+00   0.6335244E-03   0.2460087E-03
 48.00    23.00   39  0.7500000E+00   0.2140369E-02   0.2500000E-03
 49.00    23.00   39  0.7500000E+00   0.3443933E-01   0.2500000E-03
 44.00    24.00   39  0.5268324E-02   0.6014019E-04   0.4764682E-03
 45.00    24.00   39  0.8502219E+00   0.3326807E-03  -0.2812583E-04
 46.00    24.00   39  0.9833724E+00   0.2207611E-03   0.4522706E-04
 47.00    24.00   39  0.8583956E+00   0.4531825E-03   0.1714471E-03
 48.00    24.00   39  0.7500000E+00   0.6437498E-02   0.2500000E-03
 49.00    24.00   39  0.7500003E+00   0.4471233E+00   0.2500000E-03
 44.00    25.00   39  0.7228404E-03   0.1821509E-04   0.4918802E-03
 45.00    25.00   39  0.6055766E+00   0.2310834E-03   0.5612843E-04
 46.00    25.00   39  0.8245234E+00   0.2297761E-03  -0.2206629E-04
 47.00    25.00   39  0.9459163E+00   0.6803954E-03   0.9233537E-04
 48.00    25.00   39  0.7499998E+00   0.1728925E+00   0.2500001E-03
 44.00    26.00   39  0.6071607E-05   0.1789644E-05   0.4992857E-03
 45.00    26.00   39  0.1991906E+00   0.1187284E-03   0.2851103E-03
 46.00    26.00   39  0.7349699E+00   0.2190044E-03   0.5108537E-05
 47.00    26.00   39  0.9115216E+00   0.2197693E-02   0.1262198E-03
 48.00    26.00   39  0.7500000E+00   0.2454551E+01   0.2500000E-03
 45.00    27.00   39  0.3840585E-01   0.5362843E-04   0.4253213E-03
 46.00    27.00   39  0.3764261E+00   0.1177443E-03   0.1719270E-03
 47.00    27.00   39  0.9772555E+00   0.1647508E-02   0.5441025E-04
 48.00    27.00   39  0.7511139E+00   0.4042209E+00   0.2492568E-03
 45.00    28.00   39  0.1901484E-01   0.6159489E-04   0.4510662E-03
 46.00    28.00   39  0.1902152E+00   0.7802733E-04   0.2915958E-03
 47.00    28.00   39  0.8092203E+00   0.8664439E-03  -0.1803518E-04
 48.00    28.00   39  0.9209086E+00   0.1125394E+00   0.1174538E-03
 44.00    29.00   39  0.4696792E-03   0.9187336E-04   0.4935105E-03
 45.00    29.00   39  0.2560880E-01   0.8700136E-04   0.4415950E-03
 46.00    29.00   39  0.2139525E+00   0.9108829E-04   0.2746400E-03
 47.00    29.00   39  0.7495759E+00   0.6430370E-03   0.1414446E-06
 48.00    29.00   39  0.9695498E+00   0.2220035E-01   0.6482596E-04
 44.00    30.00   39  0.2434849E-01   0.5257502E-03   0.4433327E-03
 45.00    30.00   39  0.2815340E-01   0.7870491E-04   0.4381733E-03
 46.00    30.00   39  0.1528562E+00   0.6843270E-04   0.3196925E-03
 47.00    30.00   39  0.6878947E+00   0.3453295E-03   0.2229432E-04
 48.00    30.00   39  0.8734746E+00   0.5956624E-02  -0.3270461E-04
 54.00    30.00   39  0.7171465E+00   0.3316264E-02   0.2399696E-03
 44.00    31.00   39  0.4717814E-01   0.1346768E-02   0.4152061E-03
 45.00    31.00   39  0.3432478E-01   0.8005866E-04   0.4302808E-03
 46.00    31.00   39  0.4164523E-01   0.3180892E-04   0.4215067E-03
 47.00    31.00   39  0.3128476E+00   0.1365381E-03   0.2097311E-03
 48.00    31.00   39  0.9065662E+00   0.1563358E-02  -0.3729889E-04
 49.00    31.00   39  0.8169786E+00   0.4601989E-01   0.2031368E-03
 53.00    31.00   39  0.4862515E+00   0.2099491E-03   0.2113879E-03
 54.00    31.00   39  0.7513053E+00   0.5539517E-03   0.2491291E-03
 55.00    31.00   39  0.7500000E+00   0.1580972E+00   0.2500000E-03
 44.00    32.00   39  0.1755497E+00   0.1392094E-01   0.3024026E-03
 45.00    32.00   39  0.3032959E-01   0.9586260E-04   0.4353296E-03
 46.00    32.00   39  0.2565960E-01   0.2684900E-04   0.4415256E-03
 47.00    32.00   39  0.9835090E-01   0.6129246E-04   0.3648604E-03
 48.00    32.00   39  0.7126899E+00   0.7026948E-03   0.1302737E-04
 49.00    32.00   39  0.8188275E+00   0.1427615E-02   0.2017726E-03
 53.00    32.00   39  0.7230590E+00   0.1054555E-03   0.2389978E-03
 54.00    32.00   39  0.7690742E+00   0.3967887E-03   0.2371179E-03
 55.00    32.00   39  0.7500000E+00   0.2138014E+00   0.2500000E-03
 44.00    33.00   39  0.1851912E-01   0.2042578E+00   0.4518216E-03
 45.00    33.00   39  0.1963944E-01   0.1783857E-03   0.4501244E-03
 46.00    33.00   39  0.3440854E-01   0.3770765E-04   0.4301772E-03
 47.00    33.00   39  0.4931236E-01   0.4375467E-04   0.4128401E-03
 48.00    33.00   39  0.6096786E+00   0.4483722E-03   0.5433854E-04
 49.00    33.00   39  0.7814579E+00   0.2062736E-03   0.2285682E-03
 50.00    33.00   39  0.6861542E+00   0.7734424E-04   0.2318884E-03
 51.00    33.00   39  0.1344132E+00   0.1447160E-04   0.3029677E-03
 52.00    33.00   39  0.5625733E+00   0.2554846E-04   0.2119723E-03
 53.00    33.00   39  0.7571736E+00   0.6894312E-04   0.2447784E-03
 54.00    33.00   39  0.7743062E+00   0.4770066E-03   0.2335242E-03
 55.00    33.00   39  0.4274712E-03   0.4930958E-02   0.4938191E-03
 45.00    34.00   39  0.6014827E-02   0.5430316E-03   0.4746717E-03
 46.00    34.00   39  0.3154554E-01   0.6999707E-04   0.4337706E-03
 47.00    34.00   39  0.5999864E-01   0.5368367E-04   0.4014449E-03
 48.00    34.00   39  0.9552990E+00   0.3201403E-03  -0.3730325E-04
 49.00    34.00   39  0.7721012E+00   0.6293830E-04   0.2350420E-03
 50.00    34.00   39  0.7487004E+00   0.2849582E-04   0.2463298E-03
 51.00    34.00   39  0.6872723E+00   0.1953334E-04   0.2267152E-03
 52.00    34.00   39  0.7365621E+00   0.2315512E-04   0.2375320E-03
 53.00    34.00   39  0.7644354E+00   0.6813909E-04   0.2402820E-03
 54.00    34.00   39  0.8008450E+00   0.1316796E-02   0.2148643E-03
 55.00    34.00   39  0.3418628E-05   0.2145499E-03   0.4994646E-03
 45.00    35.00   39  0.1176247E-04   0.1064522E-02   0.4990041E-03
 46.00    35.00   39  0.7585460E-02   0.9054744E-04   0.4711608E-03
 47.00    35.00   39  0.2711065E-01   0.4600210E-04   0.4395622E-03
 48.00    35.00   39  0.9727548E+00   0.1948930E-03   0.6061804E-04
 49.00    35.00   39  0.7733018E+00   0.3547753E-04   0.2342162E-03
 50.00    35.00   39  0.7613677E+00   0.1982764E-04   0.2422140E-03
 51.00    35.00   39  0.7644078E+00   0.2272897E-04   0.2366275E-03
 52.00    35.00   39  0.7673431E+00   0.3025698E-04   0.2369019E-03
 53.00    35.00   39  0.7677231E+00   0.9181875E-04   0.2380415E-03
 54.00    35.00   39  0.7751079E+00   0.2425161E-01   0.2329711E-03
 46.00    36.00   39  0.1221366E-01   0.6548081E-03   0.4621856E-03
 47.00    36.00   39  0.1301934E-01   0.6765124E-04   0.4607670E-03
 48.00    36.00   39  0.9334093E+00   0.1819577E-03   0.1052655E-03
 49.00    36.00   39  0.7680665E+00   0.2827955E-04   0.2378069E-03
 50.00    36.00   39  0.7727352E+00   0.1798050E-04   0.2346061E-03
 51.00    36.00   39  0.7912544E+00   0.3656102E-04   0.2216939E-03
 52.00    36.00   39  0.7932428E+00   0.6941988E-04   0.2202862E-03
 53.00    36.00   39  0.7958666E+00   0.3224003E-03   0.2184221E-03
 54.00    36.00   39  0.9251344E+00   0.1561779E+01  -0.3853906E-04
 46.00    37.00   39  0.2671472E-01   0.4364375E-02   0.4400943E-03
 47.00    37.00   39  0.1790629E-01   0.1719731E-03   0.4527654E-03
 48.00    37.00   39  0.9921353E+00   0.3610062E-03   0.2943212E-04
 49.00    37.00   39  0.8014742E+00   0.4255239E-04   0.2144126E-03
 50.00    37.00   39  0.8096558E+00   0.2595013E-04   0.2084981E-03
 51.00    37.00   39  0.8328463E+00   0.8125496E-04   0.1912854E-03
 52.00    37.00   39  0.8029225E+00   0.3158938E-03   0.2133713E-03
 53.00    37.00   39  0.8738919E+00   0.5759585E-02   0.1588858E-03
 47.00    38.00   39  0.1043097E-01   0.3000399E-03   0.4654557E-03
 48.00    38.00   39  0.9762475E+00   0.8890796E-03  -0.3208232E-04
 49.00    38.00   39  0.8800751E+00   0.8852564E-04   0.1537454E-03
 50.00    38.00   39  0.8765616E+00   0.5729394E-04   0.1566759E-03
 51.00    38.00   39  0.9435158E+00   0.3962264E-03   0.9488405E-04
 52.00    38.00   39  0.9430689E+00   0.8955901E-02   0.9535489E-04
 53.00    38.00   39  0.1380431E+00   0.1845308E+01   0.3314014E-03
 47.00    39.00   39  0.7098568E-04   0.6662704E-04   0.4975324E-03
 48.00    39.00   39  0.7615067E+00   0.4060024E-02  -0.3775815E-05
 49.00    39.00   39  0.9943720E+00   0.3058441E-03   0.2440959E-04
 50.00    39.00   39  0.9748102E+00   0.2576705E-03   0.5783065E-04
 51.00    39.00   39  0.9650134E+00   0.5905145E-02  -0.3554957E-04
 52.00    39.00   39  0.5975970E-01   0.7905444E+00   0.4016923E-03
 48.00    40.00   39  0.5257511E+00   0.1021221E+00   0.9297844E-04
 49.00    40.00   39  0.9345654E+00   0.3347632E-02  -0.3866956E-04
 50.00    40.00   39  0.8891940E+00   0.3478558E-02  -0.3520970E-04
 51.00    40.00   39  0.3192202E+00   0.3144760E+00   0.2058169E-03
 49.00    41.00   39  0.2401450E-01   0.9851962E-01   0.4437983E-03
 50.00    41.00   39  0.3044297E-02   0.1349287E-01   0.4825745E-03
 48.00    20.00   40  0.8700483E-05   0.2625639E-04   0.4991442E-03
 49.00    20.00   40  0.7500000E+00   0.4422605E-01   0.2500000E-03
 50.00    20.00   40  0.7499999E+00   0.9726011E-01   0.2500000E-03
 44.00    21.00   40  0.6584854E-05   0.1664283E-04   0.4992560E-03
 45.00    21.00   40  0.4935077E-01   0.3976775E-03   0.4127978E-03
 46.00    21.00   40  0.1822916E+00   0.5823014E-03   0.2974012E-03
 47.00    21.00   40  0.1330544E-01   0.2477664E-03   0.4602711E-03
 48.00    21.00   40  0.8484268E+00   0.9939020E-02  -0.2773420E-04
 49.00    21.00   40  0.7500001E+00   0.6777131E-02   0.2500000E-03
 50.00    21.00   40  0.7499999E+00   0.4590952E-01   0.2500000E-03
 44.00    22.00   40  0.2532112E-01   0.3158200E-03   0.4419890E-03
 45.00    22.00   40  0.9994991E+00   0.8785355E-03  -0.6206799E-05
 46.00    22.00   40  0.9085308E+00   0.5516170E-03   0.1289524E-03
 47.00    22.00   40  0.8706153E+00   0.2131598E-02   0.1615790E-03
 48.00    22.00   40  0.7895887E+00   0.3007966E-02   0.2228698E-03
 49.00    22.00   40  0.7500001E+00   0.7930981E-02   0.2500000E-03
 50.00    22.00   40  0.7499998E+00   0.1572105E+00   0.2500000E-03
 43.00    23.00   40  0.2447256E-05   0.6636025E-05   0.4995472E-03
 44.00    23.00   40  0.2409685E+00   0.6766010E-03   0.2560577E-03
 45.00    23.00   40  0.9876882E+00   0.3779025E-03   0.3798914E-04
 46.00    23.00   40  0.8098996E+00   0.2655466E-03   0.2083205E-03
 47.00    23.00   40  0.7500877E+00   0.6588021E-03   0.2499415E-03
 48.00    23.00   40  0.7500000E+00   0.1954881E-02   0.2500000E-03
 49.00    23.00   40  0.7500002E+00   0.2621602E-01   0.2500000E-03
 50.00    23.00   40  0.7499999E+00   0.7166396E+00   0.2500000E-03
 43.00    24.00   40  0.3731961E-05   0.4342777E-05   0.4994405E-03
 44.00    24.00   40  0.7087357E-01   0.2492427E-03   0.3904853E-03
 45.00    24.00   40  0.8996413E+00   0.3139349E-03  -0.3656116E-04
 46.00    24.00   40  0.9135307E+00   0.1970270E-03   0.1243685E-03
 47.00    24.00   40  0.7748342E+00   0.3816367E-03   0.2331600E-03
 48.00    24.00   40  0.7500001E+00   0.2935664E-02   0.2500000E-03
 49.00    24.00   40  0.7500000E+00   0.7665505E-01   0.2500000E-03
 43.00    25.00   40  0.9643494E-08   0.2677245E-06   0.4999717E-03
 44.00    25.00   40  0.3129839E-02   0.3798924E-04   0.4823105E-03
 45.00    25.00   40  0.6067386E+00   0.2373697E-03   0.5562039E-04
 46.00    25.00   40  0.9230760E+00   0.2237016E-03  -0.3846147E-04
 47.00    25.00   40  0.8807726E+00   0.4591385E-03   0.1531606E-03
 48.00    25.00   40  0.7500000E+00   0.5260326E-01   0.2500000E-03
 49.00    25.00   40  0.7500001E+00   0.1718475E+01   0.2500000E-03
 44.00    26.00   40  0.6273374E-05   0.2049964E-05   0.4992738E-03
 45.00    26.00   40  0.2948011E+00   0.1633896E-03   0.2209770E-03
 46.00    26.00   40  0.7483792E+00   0.2063269E-03   0.5414477E-06
 47.00    26.00   40  0.9471997E+00   0.1334432E-02   0.9095776E-04
 48.00    26.00   40  0.7500001E+00   0.6760387E+00   0.2500000E-03
 45.00    27.00   40  0.3877336E-01   0.5975433E-04   0.4248834E-03
 46.00    27.00   40  0.6004123E+00   0.1543046E-03   0.5839681E-04
 47.00    27.00   40  0.9287240E+00   0.1682189E-02   0.1099098E-03
 48.00    27.00   40  0.7500002E+00   0.3631698E+02   0.2500000E-03
 44.00    28.00   40  0.1353818E-08   0.4800611E-06   0.4999894E-03
 45.00    28.00   40  0.1215318E-01   0.5176335E-04   0.4622935E-03
 46.00    28.00   40  0.2431537E+00   0.7760873E-04   0.2545852E-03
 47.00    28.00   40  0.9999135E+00   0.1122492E-02   0.2729357E-05
 48.00    28.00   40  0.7501440E+00   0.5551211E+00   0.2499040E-03
 44.00    29.00   40  0.1275977E-02   0.9613907E-03   0.4890569E-03
 45.00    29.00   40  0.1852212E-01   0.1087661E-03   0.4518170E-03
 46.00    29.00   40  0.1365559E+00   0.6016799E-04   0.3325974E-03
 47.00    29.00   40  0.8353490E+00   0.7147262E-03  -0.2473412E-04
 48.00    29.00   40  0.9658002E+00   0.4539932E-01   0.6956450E-04
 44.00    30.00   40  0.4649224E-02   0.1781927E-02   0.4780378E-03
 45.00    30.00   40  0.2557230E-01   0.1653741E-03   0.4416449E-03
 46.00    30.00   40  0.1482909E+00   0.7509958E-04   0.3232628E-03
 47.00    30.00   40  0.7314653E+00   0.4352427E-03   0.6327289E-05
 48.00    30.00   40  0.9973814E+00   0.1171289E-01  -0.1344364E-04
 44.00    31.00   40  0.5869523E-01   0.4004991E-02   0.4027984E-03
 45.00    31.00   40  0.2704157E-01   0.1737109E-03   0.4396548E-03
 46.00    31.00   40  0.1071349E+00   0.6876641E-04   0.3571498E-03
 47.00    31.00   40  0.7278763E+00   0.2445319E-03   0.7586030E-05
 48.00    31.00   40  0.9999869E+00   0.2604500E-02   0.1055247E-05
 49.00    31.00   40  0.7500000E+00   0.1023070E+01   0.2500000E-03
 53.00    31.00   40  0.6402942E+00   0.2212246E-03   0.2222649E-03
 54.00    31.00   40  0.7524893E+00   0.9037312E-03   0.2483377E-03
 44.00    32.00   40  0.2831656E-01   0.6234663E-02   0.4379576E-03
 45.00    32.00   40  0.2747766E-01   0.1968022E-03   0.4390713E-03
 46.00    32.00   40  0.3840975E-01   0.4561924E-04   0.4253166E-03
 47.00    32.00   40  0.2788134E+00   0.9013995E-04   0.2311469E-03
 48.00    32.00   40  0.7904453E+00   0.6882726E-03  -0.1271075E-04
 49.00    32.00   40  0.9001135E+00   0.1972312E-01   0.1365021E-03
 53.00    32.00   40  0.7108592E+00   0.8819489E-04   0.2357074E-03
 54.00    32.00   40  0.7636959E+00   0.4232941E-03   0.2407846E-03
 45.00    33.00   40  0.6600223E-01   0.4327427E-03   0.3953249E-03
 46.00    33.00   40  0.2525407E-01   0.3923654E-04   0.4420811E-03
 47.00    33.00   40  0.7082897E-01   0.4309922E-04   0.3905291E-03
 48.00    33.00   40  0.4426344E+00   0.2861209E-03   0.1352984E-03
 49.00    33.00   40  0.8874833E+00   0.1382194E-02   0.1474800E-03
 50.00    33.00   40  0.1641354E-01   0.7839714E-04   0.4266422E-03
 52.00    33.00   40  0.1537506E+00   0.1507442E-04   0.2916493E-03
 53.00    33.00   40  0.7490873E+00   0.6125210E-04   0.2446610E-03
 54.00    33.00   40  0.7841628E+00   0.4600909E-03   0.2266801E-03
 45.00    34.00   40  0.3842032E-01   0.8247516E-03   0.4253040E-03
 46.00    34.00   40  0.2921938E-01   0.4541328E-04   0.4367714E-03
 47.00    34.00   40  0.4049272E-01   0.3046011E-04   0.4228524E-03
 48.00    34.00   40  0.4822744E+00   0.2241556E-03   0.1146159E-03
 49.00    34.00   40  0.8021907E+00   0.1962525E-03   0.2138977E-03
 50.00    34.00   40  0.7303155E+00   0.5748435E-04   0.2430613E-03
 51.00    34.00   40  0.3558764E+00   0.1917797E-04   0.2227862E-03
 52.00    34.00   40  0.6480112E+00   0.2124905E-04   0.2219614E-03
 53.00    34.00   40  0.7614509E+00   0.5724318E-04   0.2422724E-03
 54.00    34.00   40  0.7895327E+00   0.7484872E-03   0.2229093E-03
 45.00    35.00   40  0.1125758E-01   0.3883057E-02   0.4639152E-03
 46.00    35.00   40  0.2670648E-01   0.7701810E-04   0.4401054E-03
 47.00    35.00   40  0.3448631E-01   0.2996210E-04   0.4300810E-03
 48.00    35.00   40  0.8011425E+00   0.2396460E-03  -0.1579319E-04
 49.00    35.00   40  0.7747064E+00   0.6106502E-04   0.2332483E-03
 50.00    35.00   40  0.7523653E+00   0.2558881E-04   0.2470790E-03
 51.00    35.00   40  0.7199568E+00   0.1978780E-04   0.2325407E-03
 52.00    35.00   40  0.7451415E+00   0.2249510E-04   0.2397906E-03
 53.00    35.00   40  0.7684680E+00   0.6369995E-04   0.2375325E-03
 54.00    35.00   40  0.8099267E+00   0.4650174E-02   0.2083009E-03
 45.00    36.00   40  0.1838987E-02   0.2573276E-01   0.4867126E-03
 46.00    36.00   40  0.3136936E-01   0.3243599E-03   0.4339953E-03
 47.00    36.00   40  0.2483489E-01   0.3748734E-04   0.4426585E-03
 48.00    36.00   40  0.9725454E+00   0.2210960E-03  -0.3344339E-04
 49.00    36.00   40  0.7678055E+00   0.3466614E-04   0.2379853E-03
 50.00    36.00   40  0.7610389E+00   0.1855472E-04   0.2425737E-03
 51.00    36.00   40  0.7716092E+00   0.2598679E-04   0.2336943E-03
 52.00    36.00   40  0.7711365E+00   0.4002480E-04   0.2346105E-03
 53.00    36.00   40  0.7748491E+00   0.1496853E-03   0.2331499E-03
 54.00    36.00   40  0.8645836E+00   0.1228953E+00   0.1664835E-03
 46.00    37.00   40  0.1951397E-02   0.4046346E-03   0.4862847E-03
 47.00    37.00   40  0.1860022E-01   0.5935023E-04   0.4516975E-03
 48.00    37.00   40  0.9700449E+00   0.2779866E-03  -0.3423094E-04
 49.00    37.00   40  0.7768617E+00   0.3112648E-04   0.2317592E-03
 50.00    37.00   40  0.7766531E+00   0.1743025E-04   0.2319034E-03
 51.00    37.00   40  0.8029099E+00   0.4195475E-04   0.2133803E-03
 52.00    37.00   40  0.7992874E+00   0.1181446E-03   0.2159804E-03
 53.00    37.00   40  0.8139508E+00   0.9820350E-03   0.2053614E-03
 54.00    37.00   40  0.7499999E+00   0.6122839E+01   0.2500000E-03
 46.00    38.00   40  0.1435998E-03   0.1194024E-02   0.4964692E-03
 47.00    38.00   40  0.1405997E-01   0.1215000E-03   0.4589819E-03
 48.00    38.00   40  0.7184110E+00   0.4965012E-03   0.1095596E-04
 49.00    38.00   40  0.8342993E+00   0.5823213E-04   0.1901832E-03
 50.00    38.00   40  0.8101201E+00   0.2470807E-04   0.2081600E-03
 51.00    38.00   40  0.8480293E+00   0.8307523E-04   0.1796175E-03
 52.00    38.00   40  0.8506236E+00   0.6853369E-03   0.1775890E-03
 53.00    38.00   40  0.9964907E+00   0.3461783E-01  -0.1531653E-04
 47.00    39.00   40  0.3580677E-02   0.1525204E-03   0.4809667E-03
 48.00    39.00   40  0.3326605E+00   0.8069107E-03   0.1976558E-03
 49.00    39.00   40  0.9397006E+00   0.1444766E-03   0.9886618E-04
 50.00    39.00   40  0.8815973E+00   0.5450394E-04   0.1524677E-03
 51.00    39.00   40  0.9302484E+00   0.2997463E-03   0.1084094E-03
 52.00    39.00   40  0.9995679E+00   0.1816192E-01  -0.5784153E-05
 47.00    40.00   40  0.2329290E-03   0.9811210E-04   0.4954783E-03
 48.00    40.00   40  0.1254786E-01   0.5311916E-03   0.4615930E-03
 49.00    40.00   40  0.9970765E+00   0.5725547E-03  -0.1412391E-04
 50.00    40.00   40  0.9945505E+00   0.2397495E-03   0.2397699E-04
 51.00    40.00   40  0.9794486E+00   0.2565828E-02  -0.3068062E-04
 52.00    40.00   40  0.7882109E+00   0.2554170E+01  -0.1205114E-04
 48.00    41.00   40  0.9291004E-06   0.4931514E-04   0.4997213E-03
 49.00    41.00   40  0.6578563E+00   0.9442143E-02   0.3411647E-04
 50.00    41.00   40  0.9009645E+00   0.3383132E-02  -0.3671227E-04
 51.00    41.00   40  0.9006979E+00   0.6271107E-01  -0.3668224E-04
 50.00    42.00   40  0.5947950E+00   0.1157407E+01   0.6088277E-04
 51.00    42.00   40  0.7500001E+00   0.1757715E+02   0.2500000E-03
 45.00    21.00   41  0.8817278E-03   0.5122805E-04   0.4909910E-03
 46.00    21.00   41  0.1823486E-02   0.4179103E-04   0.4867724E-03
 47.00    21.00   41  0.8121080E-05   0.4063746E-05   0.4991733E-03
 48.00    21.00   41  0.1757623E-01   0.8498539E-03   0.4532785E-03
 49.00    21.00   41  0.7500002E+00   0.3427207E-01   0.2500000E-03
 44.00    22.00   41  0.9062645E-02   0.5166512E-03   0.4681122E-03
 45.00    22.00   41  0.7221250E+00   0.1512825E-02   0.9625102E-05
 46.00    22.00   41  0.9634824E+00   0.1153507E-02  -0.3588916E-04
 47.00    22.00   41  0.3063037E+00   0.2141178E-02   0.2137812E-03
 48.00    22.00   41  0.9768590E+00   0.7047358E-02   0.5497335E-04
 49.00    22.00   41  0.7500001E+00   0.5074927E-02   0.2500000E-03
 50.00    22.00   41  0.7500001E+00   0.5167340E+00   0.2500000E-03
 44.00    23.00   41  0.1682061E+00   0.7179579E-03   0.3079182E-03
 45.00    23.00   41  0.9633076E+00   0.5414499E-03   0.7261860E-04
 46.00    23.00   41  0.8008452E+00   0.3924141E-03   0.2148640E-03
 47.00    23.00   41  0.7722118E+00   0.1482493E-02   0.2349659E-03
 48.00    23.00   41  0.7597974E+00   0.3123316E-02   0.2434252E-03
 49.00    23.00   41  0.7500002E+00   0.6872432E-02   0.2500000E-03
 50.00    23.00   41  0.7499999E+00   0.4861058E+00   0.2500000E-03
 43.00    24.00   41  0.4184681E-05   0.6463853E-05   0.4994074E-03
 44.00    24.00   41  0.4071507E+00   0.7402429E-03   0.1545976E-03
 45.00    24.00   41  0.9996842E+00   0.3421367E-03   0.5287293E-05
 46.00    24.00   41  0.8070977E+00   0.2454910E-03   0.2103556E-03
 47.00    24.00   41  0.7556602E+00   0.6500214E-03   0.2462122E-03
 48.00    24.00   41  0.7500000E+00   0.3275218E-02   0.2500000E-03
 49.00    24.00   41  0.7500001E+00   0.3413294E-01   0.2500000E-03
 43.00    25.00   41  0.8137419E-06   0.2399539E-05   0.4997392E-03
 44.00    25.00   41  0.2533080E-01   0.1466566E-03   0.4419757E-03
 45.00    25.00   41  0.6950167E+00   0.2916087E-03   0.1958551E-04
 46.00    25.00   41  0.9870700E+00   0.2187355E-03   0.3907751E-04
 47.00    25.00   41  0.8262400E+00   0.4384685E-03   0.1962599E-03
 48.00    25.00   41  0.7500001E+00   0.1123475E-01   0.2500000E-03
 49.00    25.00   41  0.7499999E+00   0.7075859E+00   0.2500000E-03
 44.00    26.00   41  0.4440062E-04   0.8143663E-05   0.4980543E-03
 45.00    26.00   41  0.2964827E+00   0.2141515E-03   0.2199189E-03
 46.00    26.00   41  0.8264363E+00   0.2152560E-03  -0.2254918E-04
 47.00    26.00   41  0.9311566E+00   0.5605929E-03   0.1075108E-03
 48.00    26.00   41  0.7499999E+00   0.5352222E+00   0.2500001E-03
 45.00    27.00   41  0.3744064E-01   0.9132977E-04   0.4264779E-03
 46.00    27.00   41  0.6987004E+00   0.2035302E-03   0.1819909E-04
 47.00    27.00   41  0.9996162E+00   0.1293330E-02  -0.5462847E-05
 45.00    28.00   41  0.2000877E-02   0.3055249E-04   0.4860997E-03
 46.00    28.00   41  0.3798062E+00   0.1271761E-03   0.1699918E-03
 47.00    28.00   41  0.9990007E+00   0.1014523E-02  -0.8621311E-05
 44.00    29.00   41  0.5839545E-02   0.2725656E-01   0.4750851E-03
 45.00    29.00   41  0.9871520E-03   0.4601377E-04   0.4904410E-03
 46.00    29.00   41  0.1258096E+00   0.6178625E-04   0.3413606E-03
 47.00    29.00   41  0.7664457E+00   0.6197112E-03  -0.5358947E-05
 48.00    29.00   41  0.7526950E+00   0.3896046E+00   0.2482001E-03
 44.00    30.00   41  0.4399724E-01   0.2716288E-01   0.4187973E-03
 45.00    30.00   41  0.9639661E-01   0.1124060E-02   0.3666038E-03
 46.00    30.00   41  0.8266507E-01   0.5533615E-04   0.3791735E-03
 47.00    30.00   41  0.4976976E+00   0.3507348E-03   0.1068152E-03
 48.00    30.00   41  0.9766867E+00   0.4903060E-01  -0.3190350E-04
 44.00    31.00   41  0.9968610E-05   0.3742169E-03   0.4990836E-03
 45.00    31.00   41  0.8073156E-01   0.1264845E-02   0.3809927E-03
 46.00    31.00   41  0.9455576E-01   0.8264244E-04   0.3682557E-03
 47.00    31.00   41  0.4409957E+00   0.2416650E-03   0.1361731E-03
 48.00    31.00   41  0.9906622E+00   0.9175221E-02  -0.2309593E-04
 53.00    31.00   41  0.7001497E+00   0.8516156E-03   0.2332971E-03
 54.00    31.00   41  0.6556026E+00   0.4740351E-02   0.2161943E-03
 44.00    32.00   41  0.3465112E-01   0.3484604E-01   0.4298773E-03
 45.00    32.00   41  0.1805056E-01   0.4739738E-03   0.4525422E-03
 46.00    32.00   41  0.5324572E-01   0.7517730E-04   0.4085629E-03
 47.00    32.00   41  0.4911510E+00   0.1854769E-03   0.1101096E-03
 48.00    32.00   41  0.9966816E+00   0.2036119E-02   0.1826067E-04
 49.00    32.00   41  0.7712662E+00   0.1161677E+00   0.2356155E-03
 53.00    32.00   41  0.7372298E+00   0.1565725E-03   0.2388816E-03
 54.00    32.00   41  0.7817640E+00   0.1300443E-02   0.2281783E-03
 44.00    33.00   41  0.1094174E+00   0.4954854E+00   0.3551778E-03
 45.00    33.00   41  0.3921419E-01   0.9176104E-03   0.4243599E-03
 46.00    33.00   41  0.2756793E-01   0.6403215E-04   0.4389509E-03
 47.00    33.00   41  0.2950567E+00   0.9336881E-04   0.2208161E-03
 48.00    33.00   41  0.8863273E+00   0.4733264E-03  -0.3479299E-04
 49.00    33.00   41  0.9572664E+00   0.8666983E-02   0.7975291E-04
 53.00    33.00   41  0.7418904E+00   0.7991040E-04   0.2412938E-03
 54.00    33.00   41  0.7912638E+00   0.7917502E-03   0.2216874E-03
 45.00    34.00   41  0.1199925E+00   0.2741442E-02   0.3461980E-03
 46.00    34.00   41  0.3683574E-01   0.8448955E-04   0.4272078E-03
 47.00    34.00   41  0.6446822E-01   0.3915489E-04   0.3968716E-03
 48.00    34.00   41  0.3708672E+00   0.1695974E-03   0.1751257E-03
 49.00    34.00   41  0.9390969E+00   0.1376060E-02   0.9948897E-04
 50.00    34.00   41  0.3133589E+00   0.4132164E-03   0.2320080E-03
 52.00    34.00   41  0.2049603E+00   0.1696585E-04   0.2666031E-03
 53.00    34.00   41  0.7552631E+00   0.6208184E-04   0.2444478E-03
 54.00    34.00   41  0.7922191E+00   0.7606983E-03   0.2210113E-03
 45.00    35.00   41  0.3189787E-01   0.2674867E-02   0.4333227E-03
 46.00    35.00   41  0.4468936E-01   0.1149833E-03   0.4180090E-03
 47.00    35.00   41  0.2821564E-01   0.2795649E-04   0.4380909E-03
 48.00    35.00   41  0.2212579E+00   0.1174811E-03   0.2695438E-03
 49.00    35.00   41  0.8764583E+00   0.3080136E-03   0.1567617E-03
 50.00    35.00   41  0.7445164E+00   0.6820545E-04   0.2460614E-03
 51.00    35.00   41  0.4079095E+00   0.2176243E-04   0.2152774E-03
 52.00    35.00   41  0.6391477E+00   0.2052839E-04   0.2197789E-03
 53.00    35.00   41  0.7646517E+00   0.5583740E-04   0.2401230E-03
 54.00    35.00   41  0.7745659E+00   0.1471260E-02   0.2333451E-03
 45.00    36.00   41  0.6686804E-01   0.2595890E-01   0.3944569E-03
 46.00    36.00   41  0.6340677E-01   0.2177564E-03   0.3979485E-03
 47.00    36.00   41  0.2421051E-01   0.2766638E-04   0.4435248E-03
 48.00    36.00   41  0.2219678E+00   0.1069158E-03   0.2690515E-03
 49.00    36.00   41  0.8223586E+00   0.9904974E-04   0.1991554E-03
 50.00    36.00   41  0.7543271E+00   0.2871541E-04   0.2460446E-03
 51.00    36.00   41  0.7246475E+00   0.2042046E-04   0.2331727E-03
 52.00    36.00   41  0.7433103E+00   0.2283921E-04   0.2372396E-03
 53.00    36.00   41  0.7694455E+00   0.6802662E-04   0.2368636E-03
 54.00    36.00   41  0.8374510E+00   0.1036911E-01   0.1877823E-03
 45.00    37.00   41  0.1248492E-02   0.1583118E+00   0.4891821E-03
 46.00    37.00   41  0.4792200E-01   0.5414212E-03   0.4143777E-03
 47.00    37.00   41  0.4428142E-01   0.5071673E-04   0.4184732E-03
 48.00    37.00   41  0.3488290E+00   0.1365366E-03   0.1880030E-03
 49.00    37.00   41  0.7977414E+00   0.5266148E-04   0.2170855E-03
 50.00    37.00   41  0.7628228E+00   0.1979714E-04   0.2413490E-03
 51.00    37.00   41  0.7738045E+00   0.2535121E-04   0.2328480E-03
 52.00    37.00   41  0.7757142E+00   0.4250073E-04   0.2311320E-03
 53.00    37.00   41  0.7870313E+00   0.1686299E-03   0.2246696E-03
 54.00    37.00   41  0.8200108E+00   0.6332129E-01   0.2008975E-03
 46.00    38.00   41  0.5139291E-01   0.5460680E-02   0.4105647E-03
 47.00    38.00   41  0.3696575E-01   0.9971015E-04   0.4270506E-03
 48.00    38.00   41  0.2936701E+00   0.1597364E-03   0.2216900E-03
 49.00    38.00   41  0.8047980E+00   0.4657973E-04   0.2120191E-03
 50.00    38.00   41  0.7710841E+00   0.1781506E-04   0.2357405E-03
 51.00    38.00   41  0.7994429E+00   0.3452280E-04   0.2158692E-03
 52.00    38.00   41  0.8037387E+00   0.1297445E-03   0.2127833E-03
 53.00    38.00   41  0.8431085E+00   0.1452199E-02   0.1834366E-03
 54.00    38.00   41  0.7500000E+00   0.1075261E+02   0.2500000E-03
 47.00    39.00   41  0.2499939E-01   0.2042584E-03   0.4424315E-03
 48.00    39.00   41  0.9051070E-01   0.1344867E-03   0.3719203E-03
 49.00    39.00   41  0.8602073E+00   0.9250110E-04   0.1700008E-03
 50.00    39.00   41  0.8000835E+00   0.2692950E-04   0.2154104E-03
 51.00    39.00   41  0.8470063E+00   0.5767484E-04   0.1804144E-03
 52.00    39.00   41  0.8365496E+00   0.5795117E-03   0.1884705E-03
 53.00    39.00   41  0.8252605E+00   0.2237946E-01   0.1969924E-03
 47.00    40.00   41  0.6308175E-01   0.9251272E-03   0.3982793E-03
 48.00    40.00   41  0.4486854E-01   0.1980552E-03   0.4178056E-03
 49.00    40.00   41  0.9738435E+00   0.2831431E-03   0.5915112E-04
 50.00    40.00   41  0.8850775E+00   0.6161835E-04   0.1495281E-03
 51.00    40.00   41  0.9229994E+00   0.1464151E-03   0.1154588E-03
 52.00    40.00   41  0.9773015E+00   0.7773326E-02   0.5434474E-04
 53.00    40.00   41  0.1094290E-04   0.3218774E-02   0.4990396E-03
 47.00    41.00   41  0.7005235E-01   0.3349665E-02   0.3912938E-03
 48.00    41.00   41  0.2183215E-01   0.3832890E-03   0.4468983E-03
 49.00    41.00   41  0.9726890E+00   0.1297003E-02  -0.3339513E-04
 50.00    41.00   41  0.9772379E+00   0.2508445E-03   0.5443525E-04
 51.00    41.00   41  0.9974455E+00   0.7510429E-03   0.1584843E-04
 52.00    41.00   41  0.8829800E+00   0.1697620E+00   0.1513029E-03
 49.00    42.00   41  0.9030796E+00   0.5459801E-01  -0.3694411E-04
 50.00    42.00   41  0.9772639E+00   0.4093530E-02  -0.3166206E-04
 51.00    42.00   41  0.8724312E+00   0.1251122E-01  -0.3252021E-04
 45.00    21.00   42  0.1156629E-06   0.4746522E-06   0.4999018E-03
 46.00    21.00   42  0.1627504E-07   0.1208749E-06   0.4999632E-03
 44.00    22.00   42  0.1271891E-03   0.1882645E-03   0.4966810E-03
 45.00    22.00   42  0.1124473E+00   0.6771614E-03   0.3525793E-03
 46.00    22.00   42  0.2088532E+00   0.6783344E-03   0.2782300E-03
 47.00    22.00   42  0.5328748E-02   0.1709924E-03   0.4763191E-03
 48.00    22.00   42  0.7805301E+00   0.1762598E-01  -0.9744021E-05
 49.00    22.00   42  0.7500001E+00   0.1379223E-01   0.2500000E-03
 44.00    23.00   42  0.5953465E-01   0.7783040E-03   0.4019256E-03
 45.00    23.00   42  0.9833602E+00   0.8628602E-03   0.4524627E-04
 46.00    23.00   42  0.8967671E+00   0.7959329E-03   0.1394494E-03
 47.00    23.00   42  0.9749641E+00   0.4121650E-02   0.5761872E-04
 48.00    23.00   42  0.8412176E+00   0.7668465E-02   0.1848942E-03
 49.00    23.00   42  0.7500001E+00   0.6023429E-02   0.2500000E-03
 44.00    24.00   42  0.3854406E+00   0.9914313E-03   0.1667818E-03
 45.00    24.00   42  0.9380079E+00   0.3837139E-03   0.1006076E-03
 46.00    24.00   42  0.7844397E+00   0.4105329E-03   0.2264864E-03
 47.00    24.00   42  0.7505435E+00   0.1216325E-02   0.2496375E-03
 48.00    24.00   42  0.7500001E+00   0.2283913E-02   0.2500000E-03
 49.00    24.00   42  0.7500000E+00   0.1407670E-01   0.2500000E-03
 44.00    25.00   42  0.1151685E+00   0.5029847E-03   0.3502634E-03
 45.00    25.00   42  0.9915815E+00   0.4347365E-03  -0.2216606E-04
 46.00    25.00   42  0.8835379E+00   0.2554637E-03   0.1508316E-03
 47.00    25.00   42  0.7727301E+00   0.4885301E-03   0.2346096E-03
 48.00    25.00   42  0.7500000E+00   0.3905347E-02   0.2500000E-03
 49.00    25.00   42  0.7500001E+00   0.2756656E+01   0.2500000E-03
 44.00    26.00   42  0.7989399E-03   0.4076868E-04   0.4914443E-03
 45.00    26.00   42  0.5134735E+00   0.3924100E-03   0.9897808E-04
 46.00    26.00   42  0.9726117E+00   0.2569873E-03  -0.3342109E-04
 47.00    26.00   42  0.9091821E+00   0.4667083E-03   0.1283597E-03
 48.00    26.00   42  0.7500000E+00   0.4866752E-01   0.2500000E-03
 45.00    27.00   42  0.3364273E-01   0.1499840E-03   0.4311283E-03
 46.00    27.00   42  0.7104013E+00   0.2597974E-03   0.1386326E-04
 47.00    27.00   42  0.9999031E+00   0.6527656E-03   0.2890476E-05
 48.00    27.00   42  0.7500002E+00   0.1307545E+01   0.2500000E-03
 45.00    28.00   42  0.8228221E-04   0.8405202E-05   0.4973405E-03
 46.00    28.00   42  0.4417792E+00   0.2198023E-03   0.1357547E-03
 47.00    28.00   42  0.9738480E+00   0.6564963E-03  -0.3299292E-04
 45.00    29.00   42  0.1371008E-05   0.2887797E-05   0.4996613E-03
 46.00    29.00   42  0.1868109E+00   0.1278063E-03   0.2940807E-03
 47.00    29.00   42  0.8559343E+00   0.4728249E-03  -0.2933718E-04
 48.00    29.00   42  0.9109326E+00   0.1193355E+01   0.1267602E-03
 45.00    30.00   42  0.2105093E-05   0.1182692E-04   0.4995801E-03
 46.00    30.00   42  0.7022477E-01   0.7415535E-04   0.3911238E-03
 47.00    30.00   42  0.4157350E+00   0.2297853E-03   0.1498595E-03
 48.00    30.00   42  0.9752809E+00   0.5381514E-01   0.5718134E-04
 45.00    31.00   42  0.1247379E-03   0.2376032E-03   0.4967137E-03
 46.00    31.00   42  0.4700588E-01   0.6407452E-04   0.4153986E-03
 47.00    31.00   42  0.3094404E+00   0.1635784E-03   0.2118360E-03
 48.00    31.00   42  0.9951892E+00   0.1140940E-01   0.2237962E-04
 53.00    31.00   42  0.1175367E+00   0.2372167E-02   0.3138371E-03
 45.00    32.00   42  0.2357560E-04   0.1737294E-03   0.4985866E-03
 46.00    32.00   42  0.4057725E-01   0.9154268E-04   0.4227533E-03
 47.00    32.00   42  0.3366065E+00   0.1612522E-03   0.1952836E-03
 48.00    32.00   42  0.9999990E+00   0.3364261E-02  -0.2888264E-06
 49.00    32.00   42  0.2204678E+00   0.5703421E+01   0.2606525E-03
 53.00    32.00   42  0.7719887E+00   0.3479155E-03   0.2330414E-03
 54.00    32.00   42  0.6963138E+00   0.5164490E-02   0.1827661E-03
 45.00    33.00   42  0.1733734E-02   0.7930578E-03   0.4871237E-03
 46.00    33.00   42  0.3975174E-01   0.1540939E-03   0.4237241E-03
 47.00    33.00   42  0.3051142E+00   0.1381367E-03   0.2145208E-03
 48.00    33.00   42  0.9822744E+00   0.1316619E-02  -0.2922863E-04
 49.00    33.00   42  0.9995733E+00   0.7668797E-01   0.6176240E-05
 53.00    33.00   42  0.7571757E+00   0.1324014E-03   0.2365495E-03
 54.00    33.00   42  0.8188277E+00   0.2056427E-02   0.2017726E-03
 45.00    34.00   42  0.1201363E-02   0.5736117E-03   0.4893997E-03
 46.00    34.00   42  0.3857296E-01   0.1869396E-03   0.4251220E-03
 47.00    34.00   42  0.2330940E+00   0.1007154E-03   0.2614007E-03
 48.00    34.00   42  0.8450300E+00   0.3595187E-03  -0.2697966E-04
 49.00    34.00   42  0.9550390E+00   0.5087355E-02   0.8229946E-04
 53.00    34.00   42  0.7514423E+00   0.7980734E-04   0.2425948E-03
 54.00    34.00   42  0.8179484E+00   0.1069839E-02   0.2024218E-03
 45.00    35.00   42  0.4601552E-01   0.1082589E-01   0.4165094E-03
 46.00    35.00   42  0.4730095E-01   0.2101378E-03   0.4150691E-03
 47.00    35.00   42  0.8293264E-01   0.5475945E-04   0.3789228E-03
 48.00    35.00   42  0.3240856E+00   0.1165920E-03   0.2028480E-03
 49.00    35.00   42  0.9987806E+00   0.1089850E-02  -0.9463518E-05
 50.00    35.00   42  0.4998625E+00   0.8445792E-03   0.2069575E-03
 52.00    35.00   42  0.2398283E+00   0.1674235E-04   0.2528850E-03
 53.00    35.00   42  0.7599007E+00   0.6032075E-04   0.2425258E-03
 54.00    35.00   42  0.7559603E+00   0.7539315E-03   0.2460105E-03
 45.00    36.00   42  0.1555641E-02   0.5272557E-02   0.4878452E-03
 46.00    36.00   42  0.2002916E-01   0.1521515E-03   0.4495421E-03
 47.00    36.00   42  0.2835400E-01   0.3512925E-04   0.4379081E-03
 48.00    36.00   42  0.1221163E+00   0.6786210E-04   0.3444239E-03
 49.00    36.00   42  0.9869629E+00   0.5389312E-03  -0.2622692E-04
 50.00    36.00   42  0.7541047E+00   0.9751225E-04   0.2437357E-03
 51.00    36.00   42  0.4888268E+00   0.2560115E-04   0.2102061E-03
 52.00    36.00   42  0.6250389E+00   0.1792642E-04   0.2171507E-03
 53.00    36.00   42  0.7667307E+00   0.4929310E-04   0.2387048E-03
 54.00    36.00   42  0.8198443E+00   0.2552694E-02   0.2010207E-03
 46.00    37.00   42  0.2845695E-01   0.3111363E-03   0.4377723E-03
 47.00    37.00   42  0.2349884E-01   0.3390416E-04   0.4445217E-03
 48.00    37.00   42  0.6156443E-01   0.4513290E-04   0.3998310E-03
 49.00    37.00   42  0.9854260E+00   0.2416559E-03   0.4188187E-04
 50.00    37.00   42  0.7564687E+00   0.3665946E-04   0.2454387E-03
 51.00    37.00   42  0.7350456E+00   0.2123280E-04   0.2369247E-03
 52.00    37.00   42  0.7371739E+00   0.2196450E-04   0.2350484E-03
 53.00    37.00   42  0.7674928E+00   0.6011178E-04   0.2381988E-03
 54.00    37.00   42  0.8050426E+00   0.6657839E-02   0.2118426E-03
 46.00    38.00   42  0.3014127E-01   0.7947286E-03   0.4355729E-03
 47.00    38.00   42  0.2620853E-01   0.4531167E-04   0.4407785E-03
 48.00    38.00   42  0.6419267E-01   0.4729839E-04   0.3971506E-03
 49.00    38.00   42  0.9230026E+00   0.1159175E-03   0.1154557E-03
 50.00    38.00   42  0.7612609E+00   0.2361801E-04   0.2424355E-03
 51.00    38.00   42  0.7726609E+00   0.2232749E-04   0.2340983E-03
 52.00    38.00   42  0.7784566E+00   0.4230729E-04   0.2296684E-03
 53.00    38.00   42  0.7732079E+00   0.1808970E-03   0.2342808E-03
 54.00    38.00   42  0.7699920E+00   0.3918257E-01   0.2364894E-03
 46.00    39.00   42  0.1916249E-01   0.2628435E-02   0.4508426E-03
 47.00    39.00   42  0.3034580E-01   0.1052854E-03   0.4353087E-03
 48.00    39.00   42  0.5541527E-01   0.5896185E-04   0.4062467E-03
 49.00    39.00   42  0.9204606E+00   0.1054378E-03   0.1178792E-03
 50.00    39.00   42  0.7682341E+00   0.2083591E-04   0.2376924E-03
 51.00    39.00   42  0.7944764E+00   0.2386210E-04   0.2194108E-03
 52.00    39.00   42  0.8275039E+00   0.1034992E-03   0.1953127E-03
 53.00    39.00   42  0.8298475E+00   0.9685286E-03   0.1935508E-03
 54.00    39.00   42  0.7500002E+00   0.1692682E+02   0.2500000E-03
 46.00    40.00   42  0.4562679E+00   0.3095655E+00   0.1280816E-03
 47.00    40.00   42  0.4848838E-02   0.1501987E-03   0.4775229E-03
 48.00    40.00   42  0.2102787E-01   0.6004780E-04   0.4480678E-03
 49.00    40.00   42  0.9682287E+00   0.2048115E-03   0.6651675E-04
 50.00    40.00   42  0.8010848E+00   0.3429777E-04   0.2146921E-03
 51.00    40.00   42  0.8282921E+00   0.3324069E-04   0.1947210E-03
 52.00    40.00   42  0.8661774E+00   0.2507564E-03   0.1651940E-03
 53.00    40.00   42  0.8970416E+00   0.8012270E-02   0.1392088E-03
 47.00    41.00   42  0.3583506E-01   0.2779111E-02   0.4284239E-03
 48.00    41.00   42  0.2340559E-01   0.1346254E-03   0.4446530E-03
 49.00    41.00   42  0.9530265E+00   0.6578594E-03  -0.3759173E-04
 50.00    41.00   42  0.8947437E+00   0.8813612E-04   0.1412177E-03
 51.00    41.00   42  0.9046891E+00   0.7862430E-04   0.1324232E-03
 52.00    41.00   42  0.9832609E+00   0.1411127E-02   0.4540433E-04
 53.00    41.00   42  0.2511675E-01   0.9806602E-01   0.4422698E-03
 47.00    42.00   42  0.8592840E-02   0.5378351E-02   0.4690593E-03
 48.00    42.00   42  0.3165194E-02   0.1562613E-03   0.4822023E-03
 49.00    42.00   42  0.4404669E+00   0.2742852E-02   0.1364558E-03
 50.00    42.00   42  0.9988042E+00   0.4337292E-03   0.1057418E-04
 51.00    42.00   42  0.9999961E+00   0.4406302E-03   0.5833572E-06
 52.00    42.00   42  0.8377765E+00   0.1360084E-01  -0.2531003E-04
 49.00    43.00   42  0.3696010E-01   0.1255034E-01   0.4270574E-03
 50.00    43.00   42  0.8969715E+00   0.7542982E-02  -0.3624189E-04
 51.00    43.00   42  0.8361762E+00   0.7713063E-02  -0.2493127E-04
 52.00    43.00   42  0.9780556E+00   0.8233352E+00  -0.3131939E-04
 45.00    22.00   43  0.1888319E-02   0.8802387E-04   0.4865234E-03
 46.00    22.00   43  0.2241645E-02   0.8364308E-04   0.4852269E-03
 47.00    22.00   43  0.4222568E-06   0.1346596E-05   0.4998122E-03
 48.00    22.00   43  0.3204915E-03   0.2232748E-03   0.4946727E-03
 49.00    22.00   43  0.7500001E+00   0.2813603E+00   0.2500000E-03
 44.00    23.00   43  0.3389486E-01   0.2315745E-02   0.4308143E-03
 45.00    23.00   43  0.8424498E+00   0.1927491E-02  -0.2639467E-04
 46.00    23.00   43  0.8979975E+00   0.2280458E-02  -0.3636669E-04
 47.00    23.00   43  0.4016013E-01   0.1348156E-02   0.4232430E-03
 48.00    23.00   43  0.9018579E+00   0.1623824E-01   0.1349539E-03
 49.00    23.00   43  0.7500002E+00   0.9136682E-02   0.2500000E-03
 44.00    24.00   43  0.1465938E+00   0.1782220E-02   0.3245986E-03
 45.00    24.00   43  0.9166685E+00   0.6728563E-03   0.1214505E-03
 46.00    24.00   43  0.8044751E+00   0.8465516E-03   0.2122522E-03
 47.00    24.00   43  0.8285899E+00   0.4838369E-02   0.1944971E-03
 48.00    24.00   43  0.7566850E+00   0.3893494E-02   0.2455233E-03
 49.00    24.00   43  0.7500002E+00   0.1541837E-01   0.2500000E-03
 44.00    25.00   43  0.7885487E-01   0.7016371E-03   0.3827711E-03
 45.00    25.00   43  0.9286158E+00   0.6305648E-03   0.1100160E-03
 46.00    25.00   43  0.7966892E+00   0.4792640E-03   0.2178361E-03
 47.00    25.00   43  0.7576476E+00   0.1033825E-02   0.2448753E-03
 48.00    25.00   43  0.7500001E+00   0.7736627E-02   0.2500000E-03
 49.00    25.00   43  0.7500001E+00   0.3139827E+02   0.2500000E-03
 44.00    26.00   43  0.5087431E-02   0.2234185E-03   0.4769186E-03
 45.00    26.00   43  0.8269617E+00   0.9792923E-03  -0.2268102E-04
 46.00    26.00   43  0.9634916E+00   0.3205531E-03   0.7239569E-04
 47.00    26.00   43  0.8336180E+00   0.4964314E-03   0.1907003E-03
 48.00    26.00   43  0.7499999E+00   0.2309476E-01   0.2500001E-03
 45.00    27.00   43  0.4719994E-01   0.4857983E-03   0.4151818E-03
 46.00    27.00   43  0.7525104E+00   0.5296457E-03  -0.8339994E-06
 47.00    27.00   43  0.9729601E+00   0.5318922E-03   0.6034313E-04
 48.00    27.00   43  0.7500000E+00   0.7983360E-01   0.2500000E-03
 45.00    28.00   43  0.5202014E-06   0.2166240E-05   0.4997916E-03
 46.00    28.00   43  0.4059957E+00   0.5414560E-03   0.1552385E-03
 47.00    28.00   43  0.9996606E+00   0.6080150E-03   0.5488284E-05
 48.00    28.00   43  0.7500002E+00   0.3594794E-01   0.2500000E-03
 46.00    29.00   43  0.1256033E+00   0.2682602E-03   0.3415309E-03
 47.00    29.00   43  0.9758841E+00   0.4630198E-03  -0.3222760E-04
 48.00    29.00   43  0.7904676E+00   0.1631482E-01   0.2222498E-03
 46.00    30.00   43  0.2723056E-01   0.8366999E-04   0.4394015E-03
 47.00    30.00   43  0.4281521E+00   0.2047880E-03   0.1430843E-03
 48.00    30.00   43  0.9663853E+00   0.6272012E-02   0.6883682E-04
 46.00    31.00   43  0.1230913E-01   0.6547453E-04   0.4620157E-03
 47.00    31.00   43  0.3529080E+00   0.1440568E-03   0.1855956E-03
 48.00    31.00   43  0.9666888E+00   0.2071845E-02   0.6845765E-04
 46.00    32.00   43  0.1018394E-01   0.8894237E-04   0.4659250E-03
 47.00    32.00   43  0.1041742E+00   0.6810883E-04   0.3597266E-03
 48.00    32.00   43  0.8348743E+00   0.2002256E-02  -0.2462056E-04
 53.00    32.00   43  0.7643086E+00   0.1325481E-02   0.2216074E-03
 46.00    33.00   43  0.1582819E-01   0.2458037E-03   0.4560562E-03
 47.00    33.00   43  0.1105248E+00   0.8388350E-04   0.3542257E-03
 48.00    33.00   43  0.6075962E+00   0.1001392E-02   0.5524594E-04
 49.00    33.00   43  0.7916802E+00   0.5655537E+00   0.2213929E-03
 53.00    33.00   43  0.7781137E+00   0.2583647E-03   0.2298718E-03
 54.00    33.00   43  0.7732793E+00   0.1043171E-01   0.2327329E-03
 46.00    34.00   43  0.1562611E-01   0.3409783E-03   0.4563844E-03
 47.00    34.00   43  0.1977507E+00   0.1362600E-03   0.2861444E-03
 48.00    34.00   43  0.5101999E+00   0.4043272E-03   0.1005925E-03
 49.00    34.00   43  0.9981680E+00   0.2914282E-01  -0.1142826E-04
 53.00    34.00   43  0.7543315E+00   0.1221238E-03   0.2423776E-03
 54.00    34.00   43  0.8976523E+00   0.3908611E-02   0.1386727E-03
 45.00    35.00   43  0.5750222E-01   0.2088156E+00   0.4040454E-03
 46.00    35.00   43  0.6017716E-01   0.9927106E-03   0.4012602E-03
 47.00    35.00   43  0.1689568E+00   0.1453369E-03   0.3073511E-03
 48.00    35.00   43  0.5663034E+00   0.2076878E-03   0.7378543E-04
 49.00    35.00   43  0.9995689E+00   0.3120284E-02  -0.5778100E-05
 53.00    35.00   43  0.7468624E+00   0.7899251E-04   0.2460156E-03
 54.00    35.00   43  0.7653017E+00   0.1116385E-02   0.2396926E-03
 45.00    36.00   43  0.9456984E-03   0.1278580E-01   0.4906540E-03
 46.00    36.00   43  0.4714260E-01   0.7701387E-03   0.4152458E-03
 47.00    36.00   43  0.4722473E-01   0.7376636E-04   0.4151541E-03
 48.00    36.00   43  0.1571095E+00   0.6183149E-04   0.3163952E-03
 49.00    36.00   43  0.8551005E+00   0.5581366E-03  -0.2916373E-04
 50.00    36.00   43  0.7976410E+00   0.1293261E-02   0.2096272E-03
 52.00    36.00   43  0.2652710E+00   0.1634297E-04   0.2446346E-03
 53.00    36.00   43  0.7617454E+00   0.5340195E-04   0.2405030E-03
 54.00    36.00   43  0.7904572E+00   0.1354316E-02   0.2222570E-03
 46.00    37.00   43  0.1226760E-01   0.4612775E-03   0.4620895E-03
 47.00    37.00   43  0.2098583E-01   0.5700827E-04   0.4481293E-03
 48.00    37.00   43  0.4417561E-01   0.3532651E-04   0.4185938E-03
 49.00    37.00   43  0.5320984E+00   0.2642625E-03   0.8991099E-04
 50.00    37.00   43  0.7735563E+00   0.1380766E-03   0.2335874E-03
 51.00    37.00   43  0.6149921E+00   0.3516814E-04   0.2164806E-03
 52.00    37.00   43  0.6213569E+00   0.1768311E-04   0.2155333E-03
 53.00    37.00   43  0.7593970E+00   0.4181844E-04   0.2424090E-03
 54.00    37.00   43  0.8570869E+00   0.3008476E-02   0.1724882E-03
 46.00    38.00   43  0.8586868E-02   0.5468047E-03   0.4690715E-03
 47.00    38.00   43  0.1256602E-01   0.4330452E-04   0.4615610E-03
 48.00    38.00   43  0.3786356E-01   0.3201881E-04   0.4259699E-03
 49.00    38.00   43  0.3735236E+00   0.1690628E-03   0.1735947E-03
 50.00    38.00   43  0.7747415E+00   0.5235618E-04   0.2332240E-03
 51.00    38.00   43  0.7528841E+00   0.2316173E-04   0.2429909E-03
 52.00    38.00   43  0.7464467E+00   0.2302177E-04   0.2370464E-03
 53.00    38.00   43  0.7557182E+00   0.5720510E-04   0.2455244E-03
 54.00    38.00   43  0.7499998E+00   0.3222904E-02   0.2500000E-03
 46.00    39.00   43  0.2578369E-01   0.2966940E-02   0.4413562E-03
 47.00    39.00   43  0.1725087E-01   0.6048150E-04   0.4537877E-03
 48.00    39.00   43  0.2997577E-01   0.2761715E-04   0.4357871E-03
 49.00    39.00   43  0.6354693E+00   0.1897106E-03   0.4332646E-04
 50.00    39.00   43  0.7844923E+00   0.3774549E-04   0.2264496E-03
 51.00    39.00   43  0.7635111E+00   0.1830691E-04   0.2408150E-03
 52.00    39.00   43  0.7835225E+00   0.3580252E-04   0.2267126E-03
 53.00    39.00   43  0.7917713E+00   0.1565347E-03   0.2213273E-03
 54.00    39.00   43  0.7687153E+00   0.2847891E-01   0.2373633E-03
 46.00    40.00   43  0.3452501E+00   0.1263400E+00   0.1901245E-03
 47.00    40.00   43  0.8039385E-02   0.1059133E-03   0.4702012E-03
 48.00    40.00   43  0.1213492E-01   0.2670939E-04   0.4623260E-03
 49.00    40.00   43  0.6835656E+00   0.2291766E-03   0.2395886E-04
 50.00    40.00   43  0.7861687E+00   0.3422692E-04   0.2252752E-03
 51.00    40.00   43  0.7713727E+00   0.1706319E-04   0.2355424E-03
 52.00    40.00   43  0.8226289E+00   0.5578511E-04   0.1989544E-03
 53.00    40.00   43  0.8694338E+00   0.5237556E-03   0.1625451E-03
 54.00    40.00   43  0.9702776E+00   0.2100419E+00   0.6388407E-04
 47.00    41.00   43  0.5369419E-05   0.1394493E-04   0.4993284E-03
 48.00    41.00   43  0.3917315E-02   0.4085130E-04   0.4800091E-03
 49.00    41.00   43  0.5378376E+00   0.4616085E-03   0.8715753E-04
 50.00    41.00   43  0.8408607E+00   0.7332503E-04   0.1851688E-03
 51.00    41.00   43  0.8108798E+00   0.3002960E-04   0.2076064E-03
 52.00    41.00   43  0.8781802E+00   0.1150998E-03   0.1553291E-03
 53.00    41.00   43  0.9761935E+00   0.4981611E-02   0.5591064E-04
 49.00    42.00   43  0.2335712E-01   0.1483119E-03   0.4447214E-03
 50.00    42.00   43  0.9510642E+00   0.2540169E-03   0.8674487E-04
 51.00    42.00   43  0.9309430E+00   0.9149020E-04   0.1077224E-03
 52.00    42.00   43  0.9835030E+00   0.4052245E-03   0.4501900E-04
 53.00    42.00   43  0.4857738E+00   0.1252868E+00   0.1128340E-03
 49.00    43.00   43  0.1876799E-04   0.1671554E-04   0.4987401E-03
 50.00    43.00   43  0.9942329E+00   0.2152615E-02   0.2474285E-04
 51.00    43.00   43  0.9938198E+00   0.5451514E-03  -0.1953385E-04
 52.00    43.00   43  0.8357887E+00   0.3628680E-02  -0.2483901E-04
 53.00    43.00   43  0.7500000E+00   0.1647893E+02   0.2500000E-03
 50.00    44.00   43  0.9999920E+00   0.1990871E+00   0.8198549E-06
 51.00    44.00   43  0.2924811E+00   0.7706959E-02   0.2224405E-03
 52.00    44.00   43  0.4448659E+00   0.7178163E-01   0.1341096E-03
 45.00    22.00   44  0.3214677E-04   0.8289396E-05   0.4983472E-03
 46.00    22.00   44  0.1977806E-03   0.2918407E-04   0.4958418E-03
 44.00    23.00   44  0.5025294E-03   0.1786822E-03   0.4932791E-03
 45.00    23.00   44  0.3212459E+00   0.1397456E-02   0.2045788E-03
 46.00    23.00   44  0.2274963E+00   0.1844073E-02   0.2652347E-03
 47.00    23.00   44  0.5929919E-01   0.1987039E-02   0.4021700E-03
 48.00    23.00   44  0.8423132E+00   0.2467224E-01   0.1840501E-03
 49.00    23.00   44  0.7500000E+00   0.9965660E-01   0.2500000E-03
 44.00    24.00   44  0.1680443E+00   0.4032765E-02   0.3080406E-03
 45.00    24.00   44  0.9758117E+00   0.1009616E-02   0.5644423E-04
 46.00    24.00   44  0.9767178E+00   0.2121613E-02   0.5517277E-04
 47.00    24.00   44  0.4557996E+00   0.1109032E-01   0.1283277E-03
 48.00    24.00   44  0.7526084E+00   0.7610307E-02   0.2482581E-03
 49.00    24.00   44  0.7499999E+00   0.2257879E-01   0.2500000E-03
 44.00    25.00   44  0.1467979E+00   0.2523077E-02   0.3244377E-03
 45.00    25.00   44  0.9328349E+00   0.7032674E-03   0.1058402E-03
 46.00    25.00   44  0.7924241E+00   0.9627232E-03   0.2208663E-03
 47.00    25.00   44  0.7547402E+00   0.3430891E-02   0.2468297E-03
 48.00    25.00   44  0.7500001E+00   0.5853851E-02   0.2500000E-03
 49.00    25.00   44  0.7500001E+00   0.7939333E-01   0.2500000E-03
 44.00    26.00   44  0.4527347E-01   0.2122389E-02   0.4173468E-03
 45.00    26.00   44  0.9619665E+00   0.8678295E-03   0.7423374E-04
 46.00    26.00   44  0.8852733E+00   0.3813567E-03   0.1493619E-03
 47.00    26.00   44  0.8054630E+00   0.5734405E-03   0.2115388E-03
 48.00    26.00   44  0.7500000E+00   0.1252169E-01   0.2500000E-03
 49.00    26.00   44  0.7500001E+00   0.3239650E+01   0.2500000E-03
 44.00    27.00   44  0.1444636E-03   0.4059440E-03   0.4964584E-03
 45.00    27.00   44  0.4044357E+00   0.2334618E-02   0.1561054E-03
 46.00    27.00   44  0.9723246E+00   0.6558643E-03  -0.3351673E-04
 47.00    27.00   44  0.9519507E+00   0.4628304E-03   0.8576360E-04
 48.00    27.00   44  0.7566252E+00   0.1403097E-01   0.2455636E-03
 45.00    28.00   44  0.4646375E-03   0.8537139E-04   0.4935466E-03
 46.00    28.00   44  0.3267540E+00   0.7963094E-03   0.2012267E-03
 47.00    28.00   44  0.9914930E+00   0.6006418E-03  -0.2225838E-04
 48.00    28.00   44  0.8024026E+00   0.6551091E-02   0.2137454E-03
 46.00    29.00   44  0.4457237E-01   0.3355777E-03   0.4181420E-03
 47.00    29.00   44  0.9690150E+00   0.5433682E-03  -0.3452832E-04
 48.00    29.00   44  0.8810711E+00   0.3593436E-02   0.1529102E-03
 46.00    30.00   44  0.3966415E-01   0.2392946E-03   0.4238275E-03
 47.00    30.00   44  0.5265204E+00   0.2805316E-03   0.9260539E-04
 48.00    30.00   44  0.9950275E+00   0.2065571E-02  -0.1781917E-04
 46.00    31.00   44  0.1337352E-01   0.1082177E-03   0.4601537E-03
 47.00    31.00   44  0.2015184E+00   0.1131064E-03   0.2834433E-03
 48.00    31.00   44  0.8490034E+00   0.9762648E-03  -0.2786057E-04
 46.00    32.00   44  0.5360431E-02   0.1087950E-03   0.4762412E-03
 47.00    32.00   44  0.1145593E+00   0.7692698E-04   0.3507804E-03
 48.00    32.00   44  0.7796233E+00   0.6159071E-03  -0.9467651E-05
 49.00    32.00   44  0.7500001E+00   0.2179617E+02   0.2500000E-03
 46.00    33.00   44  0.1016359E-01   0.4628783E-03   0.4659638E-03
 47.00    33.00   44  0.5810342E-01   0.6200436E-04   0.4034160E-03
 48.00    33.00   44  0.3198249E+00   0.3199656E-03   0.2054470E-03
 49.00    33.00   44  0.8240365E+00   0.4090691E-01   0.1979062E-03
 53.00    33.00   44  0.7934341E+00   0.5976656E-03   0.2179640E-03
 46.00    34.00   44  0.1252804E-04   0.2350349E-04   0.4989720E-03
 47.00    34.00   44  0.6204392E-01   0.9480012E-04   0.3993394E-03
 48.00    34.00   44  0.2834003E+00   0.2571147E-03   0.2282087E-03
 49.00    34.00   44  0.8904899E+00   0.1913111E-01  -0.3539195E-04
 53.00    34.00   44  0.7648510E+00   0.2086819E-03   0.2333789E-03
 54.00    34.00   44  0.8178371E+00   0.9005516E-02   0.2025039E-03
 45.00    35.00   44  0.7500000E+00   0.1543599E+01   0.2500000E-03
 46.00    35.00   44  0.4132263E-02   0.5382453E-03   0.4794155E-03
 47.00    35.00   44  0.9761965E-01   0.1715215E-03   0.3655115E-03
 48.00    35.00   44  0.4519853E+00   0.2231221E-03   0.1303368E-03
 49.00    35.00   44  0.9177185E+00   0.4728166E-02  -0.3818522E-04
 53.00    35.00   44  0.7400271E+00   0.1046387E-03   0.2414912E-03
 54.00    35.00   44  0.8579338E+00   0.2962361E-02   0.1718146E-03
 45.00    36.00   44  0.2495853E-01   0.9481719E+00   0.4424878E-03
 46.00    36.00   44  0.6300413E-04   0.1220764E-03   0.4976772E-03
 47.00    36.00   44  0.4806263E-01   0.1908065E-03   0.4142215E-03
 48.00    36.00   44  0.3146066E+00   0.1144230E-03   0.2086478E-03
 49.00    36.00   44  0.7892559E+00   0.8123640E-03  -0.1236034E-04
 50.00    36.00   44  0.3128245E-01   0.2647096E-02   0.3891656E-03
 53.00    36.00   44  0.7393332E+00   0.6541026E-04   0.2407824E-03
 54.00    36.00   44  0.7534772E+00   0.1066565E-02   0.2476765E-03
 46.00    37.00   44  0.7680381E-03   0.2888547E-03   0.4916189E-03
 47.00    37.00   44  0.3879699E-01   0.1428498E-03   0.4248552E-03
 48.00    37.00   44  0.7613843E-01   0.4596429E-04   0.3853685E-03
 49.00    37.00   44  0.4150686E+00   0.1902692E-03   0.1502257E-03
 50.00    37.00   44  0.9127954E+00   0.8881702E-03   0.1249632E-03
 51.00    37.00   44  0.3241155E-01   0.2605185E-04   0.3977309E-03
 52.00    37.00   44  0.3309800E+00   0.1691048E-04   0.2274528E-03
 53.00    37.00   44  0.7562532E+00   0.4319680E-04   0.2366223E-03
 54.00    37.00   44  0.8362557E+00   0.1671473E-02   0.1886947E-03
 46.00    38.00   44  0.9590038E-02   0.8913644E-03   0.4670713E-03
 47.00    38.00   44  0.5157016E-01   0.1402124E-03   0.4103722E-03
 48.00    38.00   44  0.4287142E-01   0.4197751E-04   0.4200882E-03
 49.00    38.00   44  0.2893342E+00   0.1329973E-03   0.2244322E-03
 50.00    38.00   44  0.8596957E+00   0.1779053E-03   0.1704097E-03
 51.00    38.00   44  0.7152919E+00   0.3714368E-04   0.2363891E-03
 52.00    38.00   44  0.6475760E+00   0.1961940E-04   0.2175387E-03
 53.00    38.00   44  0.7479298E+00   0.3674430E-04   0.2414371E-03
 54.00    38.00   44  0.7708345E+00   0.1129334E-02   0.2359118E-03
 46.00    39.00   44  0.1759495E-02   0.1439190E-02   0.4870221E-03
 47.00    39.00   44  0.1811961E-01   0.1148148E-03   0.4524356E-03
 48.00    39.00   44  0.3283978E-01   0.3633976E-04   0.4321333E-03
 49.00    39.00   44  0.9022015E-01   0.5663260E-04   0.3721854E-03
 50.00    39.00   44  0.8780662E+00   0.1010081E-03   0.1554241E-03
 51.00    39.00   44  0.7542534E+00   0.2412994E-04   0.2428899E-03
 52.00    39.00   44  0.7417236E+00   0.2412878E-04   0.2332567E-03
 53.00    39.00   44  0.7586994E+00   0.5966701E-04   0.2399283E-03
 54.00    39.00   44  0.7623031E+00   0.1963050E-02   0.2417295E-03
 47.00    40.00   44  0.2989436E-01   0.3070000E-03   0.4358927E-03
 48.00    40.00   44  0.2324851E-01   0.3554475E-04   0.4448748E-03
 49.00    40.00   44  0.7912637E-01   0.5466148E-04   0.3825130E-03
 50.00    40.00   44  0.8621446E+00   0.7766041E-04   0.1684479E-03
 51.00    40.00   44  0.7627198E+00   0.1839151E-04   0.2413090E-03
 52.00    40.00   44  0.7849128E+00   0.2738235E-04   0.2254309E-03
 53.00    40.00   44  0.8310907E+00   0.1376078E-03   0.1926009E-03
 54.00    40.00   44  0.8977814E+00   0.5441796E-02   0.1385593E-03
 47.00    41.00   44  0.3557259E-02   0.5144077E-03   0.4810347E-03
 48.00    41.00   44  0.9799036E-02   0.5093776E-04   0.4666649E-03
 49.00    41.00   44  0.4452757E-01   0.6242607E-04   0.4181929E-03
 50.00    41.00   44  0.9066395E+00   0.1104357E-03   0.1306666E-03
 51.00    41.00   44  0.7748291E+00   0.2245796E-04   0.2331635E-03
 52.00    41.00   44  0.8088931E+00   0.3464800E-04   0.2090527E-03
 53.00    41.00   44  0.8832474E+00   0.3685364E-03   0.1510770E-03
 54.00    41.00   44  0.9480225E+00   0.2840691E-01  -0.3809179E-04
 48.00    42.00   44  0.4746472E-02   0.2370339E-03   0.4777859E-03
 49.00    42.00   44  0.3470554E-01   0.1298006E-03   0.4298102E-03
 50.00    42.00   44  0.9641827E+00   0.3061921E-03   0.7155436E-04
 51.00    42.00   44  0.8401468E+00   0.5522925E-04   0.1857173E-03
 52.00    42.00   44  0.8721031E+00   0.6907803E-04   0.1603588E-03
 53.00    42.00   44  0.9372042E+00   0.1548827E-02   0.1014291E-03
 54.00    42.00   44  0.3692486E-02   0.8066718E-01   0.4806446E-03
 48.00    43.00   44  0.2234437E-01   0.2997121E-02   0.4461614E-03
 49.00    43.00   44  0.6138105E-01   0.4793441E-03   0.4000194E-03
 50.00    43.00   44  0.8934402E+00   0.1347726E-02  -0.3579160E-04
 51.00    43.00   44  0.9609864E+00   0.2154361E-03   0.7540200E-04
 52.00    43.00   44  0.9993987E+00   0.2973519E-03   0.7376890E-05
 53.00    43.00   44  0.9808852E+00   0.1069147E-01  -0.2997037E-04
 48.00    44.00   44  0.2185163E-03   0.1005723E-02   0.4956240E-03
 49.00    44.00   44  0.1229715E+00   0.2950789E-02   0.3437121E-03
 50.00    44.00   44  0.3711432E+00   0.4244167E-02   0.1749663E-03
 51.00    44.00   44  0.9599335E+00   0.1704903E-02  -0.3658031E-04
 52.00    44.00   44  0.9616298E+00   0.1808733E-02  -0.3626611E-04
 53.00    44.00   44  0.9991550E+00   0.7168842E-01   0.8809322E-05
 50.00    45.00   44  0.1311962E-03   0.8718717E-03   0.4966281E-03
 51.00    45.00   44  0.7940119E+00   0.1707710E-01  -0.1375249E-04
 52.00    45.00   44  0.8656896E+00   0.1308239E-01  -0.3127888E-04
 53.00    45.00   44  0.7500000E+00   0.2896169E+00   0.2500000E-03
 51.00    46.00   44  0.3953569E+00   0.1062178E+01   0.1611804E-03
 52.00    46.00   44  0.8403299E-01   0.1854656E+00   0.3778943E-03
 45.00    22.00   45  0.1010894E-04   0.5675761E-05   0.4990771E-03
 46.00    22.00   45  0.3374293E-04   0.1042993E-04   0.4983063E-03
 44.00    23.00   45  0.6158735E-06   0.1215284E-05   0.4997732E-03
 45.00    23.00   45  0.8577090E-02   0.1290374E-03   0.4690914E-03
 46.00    23.00   45  0.9900138E-02   0.3180991E-03   0.4664695E-03
 44.00    24.00   45  0.2280137E-03   0.6437316E-04   0.4955275E-03
 45.00    24.00   45  0.7117230E+00   0.1642203E-02   0.1337999E-04
 46.00    24.00   45  0.3178827E+00   0.2292140E-02   0.2066361E-03
 47.00    24.00   45  0.9287821E-01   0.7301436E-02   0.3697696E-03
 48.00    24.00   45  0.7500000E+00   0.1615313E+00   0.2500000E-03
 49.00    24.00   45  0.7500000E+00   0.9390658E+00   0.2500000E-03
 44.00    25.00   45  0.1884417E-01   0.1100093E-02   0.4513255E-03
 45.00    25.00   45  0.9790689E+00   0.1661870E-02  -0.3085926E-04
 46.00    25.00   45  0.9823489E+00   0.3807703E-02  -0.2918707E-04
 47.00    25.00   45  0.8732498E+00   0.7953255E-02   0.1594153E-03
 48.00    25.00   45  0.7500000E+00   0.1061930E-01   0.2500000E-03
 49.00    25.00   45  0.7500001E+00   0.4046098E+00   0.2500000E-03
 44.00    26.00   45  0.1436839E-02   0.6544152E-03   0.4883470E-03
 45.00    26.00   45  0.9649335E+00   0.2084685E-02  -0.3556797E-04
 46.00    26.00   45  0.9008248E+00   0.8085396E-03   0.1358719E-03
 47.00    26.00   45  0.7958983E+00   0.8053012E-03   0.2183995E-03
 48.00    26.00   45  0.7500000E+00   0.7903189E-02   0.2500000E-03
 44.00    27.00   45  0.1549751E-03   0.1513353E-02   0.4963291E-03
 45.00    27.00   45  0.2923320E+00   0.2787823E-02   0.2225347E-03
 46.00    27.00   45  0.9990326E+00   0.7821515E-03   0.9457406E-05
 47.00    27.00   45  0.9221566E+00   0.4009549E-03   0.1162650E-03
 48.00    27.00   45  0.7579969E+00   0.5942963E-02   0.2446400E-03
 45.00    28.00   45  0.8546836E-02   0.9932002E-03   0.4691531E-03
 46.00    28.00   45  0.3896950E+00   0.1365438E-02   0.1643711E-03
 47.00    28.00   45  0.9780650E+00   0.5691004E-03  -0.3131502E-04
 48.00    28.00   45  0.8427129E+00   0.3095148E-02   0.1837419E-03
 46.00    29.00   45  0.1505825E-01   0.2924645E-03   0.4573147E-03
 47.00    29.00   45  0.8936008E+00   0.7773773E-03  -0.3581273E-04
 48.00    29.00   45  0.9547029E+00   0.2948796E-02   0.8268005E-04
 46.00    30.00   45  0.7286266E-03   0.3141443E-04   0.4918463E-03
 47.00    30.00   45  0.6172966E+00   0.4482008E-03   0.5104207E-04
 48.00    30.00   45  0.9991396E+00   0.1201700E-02   0.8893490E-05
 46.00    31.00   45  0.3143953E-02   0.7887617E-04   0.4822672E-03
 47.00    31.00   45  0.2548988E+00   0.2152594E-03   0.2467447E-03
 48.00    31.00   45  0.6496500E+00   0.6688079E-03   0.3745401E-04
 49.00    31.00   45  0.8487117E+00   0.4223428E+02   0.1790850E-03
 46.00    32.00   45  0.9713063E-03   0.5443583E-04   0.4905220E-03
 47.00    32.00   45  0.9574355E-01   0.1053489E-03   0.3671887E-03
 48.00    32.00   45  0.6325609E+00   0.3690423E-03   0.4454714E-04
 49.00    32.00   45  0.7731858E+00   0.5706564E-01   0.2342960E-03
 46.00    33.00   45  0.3985923E-02   0.4256448E-03   0.4798181E-03
 47.00    33.00   45  0.4681896E-01   0.8677936E-04   0.4156077E-03
 48.00    33.00   45  0.3497843E+00   0.2227537E-03   0.1874382E-03
 49.00    33.00   45  0.9847477E+00   0.2661011E-01   0.4300498E-04
 53.00    33.00   45  0.7759206E+00   0.2161574E-02   0.1997392E-03
 46.00    34.00   45  0.1783661E-05   0.2334615E-04   0.4996136E-03
 47.00    34.00   45  0.2724042E-01   0.8931423E-04   0.4393884E-03
 48.00    34.00   45  0.1697160E+00   0.1324554E-03   0.3067783E-03
 49.00    34.00   45  0.9996359E+00   0.6581492E-02   0.5690206E-05
 53.00    34.00   45  0.7727230E+00   0.3803362E-03   0.2203489E-03
 54.00    34.00   45  0.7681757E+00   0.1743636E-01   0.2347650E-03
 46.00    35.00   45  0.8086117E-04   0.6003111E-03   0.4973639E-03
 47.00    35.00   45  0.3357871E-01   0.1731714E-03   0.4312081E-03
 48.00    35.00   45  0.1482766E+00   0.1213788E-03   0.3232741E-03
 49.00    35.00   45  0.8962637E+00   0.3458299E-02  -0.3615412E-04
 53.00    35.00   45  0.7146952E+00   0.1478077E-03   0.2270605E-03
 54.00    35.00   45  0.8087630E+00   0.3960887E-02   0.2091474E-03
 46.00    36.00   45  0.1570526E+00   0.2344325E-01   0.3164392E-03
 47.00    36.00   45  0.8594543E-01   0.3419260E-03   0.3761164E-03
 48.00    36.00   45  0.2841402E+00   0.1675008E-03   0.2277363E-03
 49.00    36.00   45  0.7210683E+00   0.1266943E-02   0.1000258E-04
 53.00    36.00   45  0.6734922E+00   0.7931559E-04   0.2278525E-03
 54.00    36.00   45  0.7690470E+00   0.1370879E-02   0.2371365E-03
 46.00    37.00   45  0.1814764E-01   0.3345556E-02   0.4523923E-03
 47.00    37.00   45  0.4296429E-01   0.1551281E-03   0.4199813E-03
 48.00    37.00   45  0.1461868E+00   0.8100544E-04   0.3249196E-03
 49.00    37.00   45  0.4413652E+00   0.2748992E-03   0.1359757E-03
 50.00    37.00   45  0.9290802E+00   0.7961825E-02   0.1073139E-03
 53.00    37.00   45  0.6917769E+00   0.4761757E-04   0.2251141E-03
 54.00    37.00   45  0.7688233E+00   0.8679262E-03   0.2372896E-03
 46.00    38.00   45  0.5614603E-02   0.1974786E-02   0.4756229E-03
 47.00    38.00   45  0.5346122E-01   0.1338575E-03   0.4083315E-03
 48.00    38.00   45  0.6575141E-01   0.5187921E-04   0.3955771E-03
 49.00    38.00   45  0.2182814E+00   0.9621729E-04   0.2716135E-03
 50.00    38.00   45  0.9952585E+00   0.8097261E-03   0.2220133E-04
 51.00    38.00   45  0.4264559E+00   0.1160557E-03   0.2123962E-03
 52.00    38.00   45  0.3114856E+00   0.1814756E-04   0.2312748E-03
 53.00    38.00   45  0.6956591E+00   0.3358313E-04   0.2256286E-03
 54.00    38.00   45  0.7822419E+00   0.6419485E-03   0.2280216E-03
 46.00    39.00   45  0.1430032E-01   0.2086036E-01   0.4585767E-03
 47.00    39.00   45  0.9371188E-01   0.3345885E-03   0.3690162E-03
 48.00    39.00   45  0.7317670E-01   0.7232757E-04   0.3882330E-03
 49.00    39.00   45  0.8644135E-01   0.5510799E-04   0.3756574E-03
 50.00    39.00   45  0.9998151E+00   0.3215505E-03  -0.3833440E-05
 51.00    39.00   45  0.7391951E+00   0.4441130E-04   0.2407742E-03
 52.00    39.00   45  0.6264720E+00   0.2299983E-04   0.2128330E-03
 53.00    39.00   45  0.7117181E+00   0.3358080E-04   0.2327726E-03
 54.00    39.00   45  0.7586848E+00   0.3757135E-03   0.2441762E-03
 55.00    39.00   45  0.7532483E+00   0.2212501E+00   0.2478298E-03
 47.00    40.00   45  0.2003580E-01   0.3403765E-03   0.4495322E-03
 48.00    40.00   45  0.3255076E-01   0.5815414E-04   0.4324970E-03
 49.00    40.00   45  0.4688844E-01   0.3544623E-04   0.4155299E-03
 50.00    40.00   45  0.9890734E+00   0.2249711E-03  -0.2454675E-04
 51.00    40.00   45  0.7630800E+00   0.3283461E-04   0.2383438E-03
 52.00    40.00   45  0.7283370E+00   0.2324616E-04   0.2278420E-03
 53.00    40.00   45  0.7469693E+00   0.5112953E-04   0.2311194E-03
 54.00    40.00   45  0.7644017E+00   0.5294741E-03   0.2403049E-03
 55.00    40.00   45  0.7573875E+00   0.1825099E+00   0.2450504E-03
 47.00    41.00   45  0.2458911E-01   0.1727149E-02   0.4429986E-03
 48.00    41.00   45  0.2760934E-01   0.9055019E-04   0.4388957E-03
 49.00    41.00   45  0.2529281E-01   0.3156997E-04   0.4420279E-03
 50.00    41.00   45  0.8492204E+00   0.2290784E-03  -0.2790801E-04
 51.00    41.00   45  0.7756649E+00   0.2783585E-04   0.2325714E-03
 52.00    41.00   45  0.7758691E+00   0.2074638E-04   0.2311245E-03
 53.00    41.00   45  0.8104415E+00   0.8775419E-04   0.2045027E-03
 54.00    41.00   45  0.8146994E+00   0.1645720E-02   0.2048126E-03
 55.00    41.00   45  0.7500001E+00   0.3815557E+01   0.2500000E-03
 47.00    42.00   45  0.5707634E-03   0.1906922E-02   0.4928200E-03
 48.00    42.00   45  0.3231037E-02   0.1109312E-03   0.4820021E-03
 49.00    42.00   45  0.1304635E-01   0.4720743E-04   0.4607200E-03
 50.00    42.00   45  0.4727224E+00   0.2686963E-03   0.1195162E-03
 51.00    42.00   45  0.8217825E+00   0.5288333E-04   0.1995835E-03
 52.00    42.00   45  0.7997925E+00   0.2888993E-04   0.2156188E-03
 53.00    42.00   45  0.8550844E+00   0.1671691E-03   0.1740760E-03
 54.00    42.00   45  0.9311887E+00   0.1313560E-01   0.1074788E-03
 47.00    43.00   45  0.9513308E+00   0.6245918E+01   0.8645043E-04
 48.00    43.00   45  0.2040904E-02   0.1514404E-02   0.4859516E-03
 49.00    43.00   45  0.3256005E-01   0.2504639E-03   0.4324853E-03
 50.00    43.00   45  0.1995246E+00   0.3298003E-03   0.2848707E-03
 51.00    43.00   45  0.8911859E+00   0.1603467E-03   0.1443022E-03
 52.00    43.00   45  0.8799782E+00   0.7207307E-04   0.1538266E-03
 53.00    43.00   45  0.9372907E+00   0.3522605E-03   0.1013409E-03
 54.00    43.00   45  0.8533872E+00   0.5994563E-01   0.1754165E-03
 49.00    44.00   45  0.1312179E-01   0.5461642E-03   0.4605890E-03
 50.00    44.00   45  0.6671356E-01   0.4266064E-03   0.3946115E-03
 51.00    44.00   45  0.9434554E+00   0.7697529E-03  -0.3840314E-04
 52.00    44.00   45  0.9689134E+00   0.2245476E-03   0.6564346E-04
 53.00    44.00   45  0.9751951E+00   0.6828615E-03   0.5730012E-04
 54.00    44.00   45  0.8901037E+00   0.1003288E+00   0.1452345E-03
 49.00    45.00   45  0.1730422E-02   0.9242552E-03   0.4871368E-03
 50.00    45.00   45  0.1014278E-01   0.4037276E-03   0.4660036E-03
 51.00    45.00   45  0.9999305E+00   0.1561099E-02  -0.2370216E-05
 52.00    45.00   45  0.9654688E+00   0.4486631E-03   0.6997472E-04
 53.00    45.00   45  0.9961304E+00   0.1404188E-02   0.1985737E-04
 54.00    45.00   45  0.9798594E-02   0.2311842E-01   0.4666657E-03
 50.00    46.00   45  0.4220909E-02   0.1346813E-02   0.4791744E-03
 51.00    46.00   45  0.9983639E+00   0.7244685E-02   0.1248484E-04
 52.00    46.00   45  0.9848855E+00   0.1472055E-02   0.4277792E-04
 53.00    46.00   45  0.8523293E+00   0.6394079E-02  -0.2857891E-04
 51.00    47.00   45  0.8984545E+00   0.2298740E+00   0.1379671E-03
 52.00    47.00   45  0.9257892E+00   0.4385777E-01   0.1127711E-03
 53.00    47.00   45  0.9941770E+00   0.1791163E+00   0.2487533E-04
 45.00    22.00   46  0.1936899E-05   0.2464898E-05   0.4995973E-03
 46.00    22.00   46  0.2799417E-05   0.2888295E-05   0.4995156E-03
 45.00    23.00   46  0.1087223E-02   0.4934269E-04   0.4899431E-03
 46.00    23.00   46  0.3877007E-02   0.1717725E-03   0.4801219E-03
 44.00    24.00   46  0.3250990E-05   0.2270747E-05   0.4994779E-03
 45.00    24.00   46  0.1255721E+00   0.7512675E-03   0.3415567E-03
 46.00    24.00   46  0.6475843E-01   0.1094401E-02   0.3965781E-03
 44.00    25.00   46  0.8672923E-03   0.7333363E-04   0.4910686E-03
 45.00    25.00   46  0.9550788E+00   0.1828245E-02  -0.3733305E-04
 46.00    25.00   46  0.7044603E+00   0.4321821E-02   0.1605169E-04
 47.00    25.00   46  0.9590796E+00   0.3054543E-01  -0.3672804E-04
 48.00    25.00   46  0.7671559E+00   0.2148690E-01   0.2384289E-03
 49.00    25.00   46  0.7499998E+00   0.1795558E+01   0.2500001E-03
 44.00    26.00   46  0.9918734E-03   0.3777096E-03   0.4904171E-03
 45.00    26.00   46  0.9499413E+00   0.2350861E-02  -0.3792084E-04
 46.00    26.00   46  0.9687995E+00   0.2182782E-02   0.6578883E-04
 47.00    26.00   46  0.8010299E+00   0.2992463E-02   0.2147316E-03
 48.00    26.00   46  0.7500000E+00   0.7131773E-02   0.2500000E-03
 49.00    26.00   46  0.7500002E+00   0.2326112E+01   0.2500000E-03
 45.00    27.00   46  0.4608891E+00   0.4636262E-02   0.1256601E-03
 46.00    27.00   46  0.9725358E+00   0.9153676E-03   0.6091068E-04
 47.00    27.00   46  0.8644713E+00   0.5645280E-03   0.1665743E-03
 48.00    27.00   46  0.7579194E+00   0.4614297E-02   0.2446921E-03
 45.00    28.00   46  0.1874218E+00   0.3934772E-02   0.2936337E-03
 46.00    28.00   46  0.9752486E+00   0.1142404E-02  -0.3247475E-04
 47.00    28.00   46  0.9496977E+00   0.5856689E-03   0.8824616E-04
 48.00    28.00   46  0.8137357E+00   0.3275788E-02   0.2055190E-03
 45.00    29.00   46  0.2928110E-01   0.8943333E-03   0.4366908E-03
 46.00    29.00   46  0.7943861E+00   0.1156428E-02  -0.1386093E-04
 47.00    29.00   46  0.9978542E+00   0.5414666E-03   0.1443160E-04
 48.00    29.00   46  0.9471892E+00   0.2256986E-02   0.9096926E-04
 49.00    29.00   46  0.7499999E+00   0.1635038E+00   0.2500000E-03
 45.00    30.00   46  0.6910792E-03   0.1062121E-03   0.4920683E-03
 46.00    30.00   46  0.1836420E+00   0.7286189E-03   0.2964064E-03
 47.00    30.00   46  0.9399150E+00   0.5690937E-03  -0.3855949E-04
 48.00    30.00   46  0.9964994E+00   0.1337464E-02   0.1880058E-04
 49.00    30.00   46  0.9984916E+00   0.2479443E+00   0.1195786E-04
 45.00    31.00   46  0.1428223E-03   0.5934750E-04   0.4964789E-03
 46.00    31.00   46  0.5268170E-02   0.1192670E-03   0.4764685E-03
 47.00    31.00   46  0.5725765E+00   0.4928841E-03   0.7090281E-04
 48.00    31.00   46  0.9383233E+00   0.9490494E-03  -0.3860740E-04
 49.00    31.00   46  0.8372211E+00   0.1433437E+00  -0.2517900E-04
 46.00    32.00   46  0.3212560E-04   0.1480267E-04   0.4983478E-03
 47.00    32.00   46  0.1627231E+00   0.2685030E-03   0.3120848E-03
 48.00    32.00   46  0.5852515E+00   0.5368832E-03   0.6515018E-04
 49.00    32.00   46  0.9388471E+00   0.3737631E-01  -0.3859319E-04
 47.00    33.00   46  0.1453107E+00   0.2879553E-03   0.3256116E-03
 48.00    33.00   46  0.6560246E+00   0.4380287E-03   0.3485742E-04
 49.00    33.00   46  0.9776024E+00   0.9406467E-02  -0.4095142E-04
 47.00    34.00   46  0.1028277E+00   0.3243837E-03   0.3609057E-03
 48.00    34.00   46  0.3621533E+00   0.2881860E-03   0.1801795E-03
 49.00    34.00   46  0.8880479E+00   0.1081338E-01  -0.1277555E-02
 53.00    34.00   46  0.5493953E+00   0.2097353E-02   0.2048815E-03
 47.00    35.00   46  0.1048710E+00   0.3648407E-03   0.3591181E-03
 48.00    35.00   46  0.2357207E+00   0.1929427E-03   0.2596119E-03
 53.00    35.00   46  0.6579420E+00   0.4932662E-03   0.2171008E-03
 54.00    35.00   46  0.6969886E+00   0.9007594E-02   0.2333074E-03
 47.00    36.00   46  0.9559483E-01   0.3693838E-03   0.3673221E-03
 48.00    36.00   46  0.1915548E+00   0.1730096E-03   0.2906218E-03
 53.00    36.00   46  0.6031335E+00   0.1878819E-03   0.2162794E-03
 54.00    36.00   46  0.7605688E+00   0.2666573E-02   0.2429038E-03
 46.00    37.00   46  0.2608755E-03   0.2211418E-02   0.4952076E-03
 47.00    37.00   46  0.5893377E-01   0.2727866E-03   0.4025500E-03
 48.00    37.00   46  0.1986160E+00   0.2080513E-03   0.2855227E-03
 49.00    37.00   46  0.4836032E+00   0.1487316E-02  -0.5450536E-04
 53.00    37.00   46  0.6513668E+00   0.7077771E-04   0.2240626E-03
 54.00    37.00   46  0.7516021E+00   0.7918031E-03   0.2489309E-03
 46.00    38.00   46  0.1156226E-04   0.4740695E-03   0.4990126E-03
 47.00    38.00   46  0.1235840E+00   0.4317409E-03   0.3432032E-03
 48.00    38.00   46  0.2255656E+00   0.2338287E-03   0.2665642E-03
 49.00    38.00   46  0.4132491E+00   0.5503102E-03   0.1504574E-03
 53.00    38.00   46  0.5817985E+00   0.5153602E-04   0.2107532E-03
 54.00    38.00   46  0.7809381E+00   0.5411059E-03   0.2286493E-03
 47.00    39.00   46  0.1428832E+00   0.4747864E-03   0.3275355E-03
 48.00    39.00   46  0.1726033E+00   0.1773772E-03   0.3046069E-03
 49.00    39.00   46  0.1949254E+00   0.1986542E-03   0.2881807E-03
 50.00    39.00   46  0.7197845E+00   0.1625667E-02  -0.1065007E-03
 53.00    39.00   46  0.5214216E+00   0.3943582E-04   0.2072143E-03
 54.00    39.00   46  0.7626086E+00   0.2835343E-03   0.2389559E-03
 55.00    39.00   46  0.7548757E+00   0.2064274E-01   0.2467390E-03
 46.00    40.00   46  0.7537647E+00   0.3846222E+00   0.2474840E-03
 47.00    40.00   46  0.5787113E-01   0.5212851E-03   0.4036589E-03
 48.00    40.00   46  0.8537079E-01   0.1102871E-03   0.3766494E-03
 49.00    40.00   46  0.1315439E+00   0.1058308E-03   0.3366575E-03
 50.00    40.00   46  0.3727345E+00   0.3357744E-03   0.1740488E-03
 51.00    40.00   46  0.7681151E+00   0.2168426E-03   0.2018857E-03
 52.00    40.00   46  0.3085987E+00   0.4318067E-04   0.2294509E-03
 53.00    40.00   46  0.5940933E+00   0.3556632E-04   0.2127328E-03
 54.00    40.00   46  0.7651607E+00   0.1346693E-03   0.2385252E-03
 55.00    40.00   46  0.7998258E+00   0.5306131E-02   0.2155948E-03
 46.00    41.00   46  0.8524492E+00   0.4995513E+00   0.1761552E-03
 47.00    41.00   46  0.1564415E+00   0.2949332E-02   0.3169113E-03
 48.00    41.00   46  0.7886843E-01   0.1751281E-03   0.3827582E-03
 49.00    41.00   46  0.1190641E+00   0.9687152E-04   0.3469765E-03
 50.00    41.00   46  0.2172132E+00   0.1555134E-03   0.2723585E-03
 51.00    41.00   46  0.8730134E+00   0.1622623E-03   0.1595465E-03
 52.00    41.00   46  0.7290947E+00   0.4060242E-04   0.2330632E-03
 53.00    41.00   46  0.7169988E+00   0.3957712E-04   0.2282834E-03
 54.00    41.00   46  0.7593672E+00   0.1804077E-03   0.2424894E-03
 55.00    41.00   46  0.7724006E+00   0.1610639E-01   0.2348362E-03
 47.00    42.00   46  0.1539907E-01   0.2473509E-02   0.4567548E-03
 48.00    42.00   46  0.2204802E-01   0.1436564E-03   0.4465870E-03
 49.00    42.00   46  0.3526691E-01   0.5932448E-04   0.4291194E-03
 50.00    42.00   46  0.6860554E-01   0.7339008E-04   0.3927253E-03
 51.00    42.00   46  0.9664733E+00   0.1994104E-03   0.6872707E-04
 52.00    42.00   46  0.7666380E+00   0.3947050E-04   0.2364661E-03
 53.00    42.00   46  0.7651483E+00   0.4357849E-04   0.2309277E-03
 54.00    42.00   46  0.7796293E+00   0.2213285E-03   0.2287294E-03
 55.00    42.00   46  0.7612996E+00   0.5719305E-01   0.2424094E-03
 47.00    43.00   46  0.8304440E-03   0.1328104E-02   0.4912694E-03
 48.00    43.00   46  0.1304157E-01   0.3040588E-03   0.4607283E-03
 49.00    43.00   46  0.2216901E-01   0.9666035E-04   0.4464130E-03
 50.00    43.00   46  0.4497334E-01   0.7762809E-04   0.4176867E-03
 51.00    43.00   46  0.9944267E+00   0.3294660E-03  -0.1870451E-04
 52.00    43.00   46  0.7908714E+00   0.5561586E-04   0.2218401E-03
 53.00    43.00   46  0.7936952E+00   0.4913029E-04   0.2194356E-03
 54.00    43.00   46  0.8098153E+00   0.3022226E-03   0.2083414E-03
 55.00    43.00   46  0.8594457E+00   0.4428140E-01   0.1706094E-03
 47.00    44.00   46  0.7500000E+00   0.2200809E+01   0.2500000E-03
 48.00    44.00   46  0.8246214E-01   0.5568711E-02   0.3793638E-03
 49.00    44.00   46  0.7269022E-01   0.7580119E-03   0.3887069E-03
 50.00    44.00   46  0.4776606E-01   0.1577950E-03   0.4145510E-03
 51.00    44.00   46  0.9570721E+00   0.5024768E-03  -0.3704900E-04
 52.00    44.00   46  0.8136466E+00   0.8112202E-04   0.2055844E-03
 53.00    44.00   46  0.8223862E+00   0.6120402E-04   0.1991350E-03
 54.00    44.00   46  0.8535934E+00   0.3709676E-03   0.1752538E-03
 55.00    44.00   46  0.8198680E+00   0.6751308E-01   0.2010032E-03
 49.00    45.00   46  0.1419795E-03   0.2031490E-03   0.4964896E-03
 50.00    45.00   46  0.6145508E-02   0.9880117E-04   0.4743667E-03
 51.00    45.00   46  0.8461285E+00   0.8839317E-03  -0.2722559E-04
 52.00    45.00   46  0.8537335E+00   0.1396204E-03   0.1751433E-03
 53.00    45.00   46  0.8581457E+00   0.9464151E-04   0.1716461E-03
 54.00    45.00   46  0.9326490E+00   0.6014060E-03   0.1060257E-03
 55.00    45.00   46  0.6147575E+00   0.8390655E-01   0.5213675E-04
 50.00    46.00   46  0.1841669E-03   0.3955172E-04   0.4959907E-03
 51.00    46.00   46  0.7409538E+00   0.2262432E-02   0.3051362E-05
 52.00    46.00   46  0.9008259E+00   0.2830798E-03   0.1358708E-03
 53.00    46.00   46  0.9099191E+00   0.1926576E-03   0.1276874E-03
 54.00    46.00   46  0.9588432E+00   0.1549890E-02   0.7792437E-04
 55.00    46.00   46  0.9699348E+00   0.4966041E+00   0.6432887E-04
 50.00    47.00   46  0.9869991E-03   0.4352446E-03   0.4904418E-03
 51.00    47.00   46  0.7915844E+00   0.9009680E-02  -0.1304498E-04
 52.00    47.00   46  0.9679294E+00   0.1030237E-02   0.6689632E-04
 53.00    47.00   46  0.9785141E+00   0.8917490E-03   0.5259967E-04
 54.00    47.00   46  0.9780701E+00   0.1193978E-01   0.5324295E-04
 51.00    48.00   46  0.9534200E+00   0.4640835E+00  -0.3754464E-04
 52.00    48.00   46  0.9522327E+00   0.1640453E-01   0.8545059E-04
 53.00    48.00   46  0.9997883E+00   0.1157202E-01   0.4304631E-05
 54.00    48.00   46  0.4427418E+00   0.9897357E-01   0.1352412E-03
 45.00    23.00   47  0.1191301E-04   0.6152014E-05   0.4989977E-03
 46.00    23.00   47  0.5574997E-05   0.4650415E-05   0.4993156E-03
 45.00    24.00   47  0.3359533E-03   0.3176125E-04   0.4945418E-03
 46.00    24.00   47  0.4496397E-03   0.9552832E-04   0.4936553E-03
 45.00    25.00   47  0.4791389E-01   0.4144022E-03   0.4143867E-03
 46.00    25.00   47  0.1374130E+00   0.2138808E-02   0.3319076E-03
 45.00    26.00   47  0.2702411E+00   0.1121836E-02   0.2366834E-03
 46.00    26.00   47  0.8533087E+00   0.2609010E-02  -0.2878701E-04
 47.00    26.00   47  0.2532400E+00   0.8214575E-02   0.2478447E-03
 48.00    26.00   47  0.7500002E+00   0.2162607E-01   0.2500000E-03
 49.00    26.00   47  0.7500000E+00   0.5934691E+00   0.2500000E-03
 45.00    27.00   47  0.1340371E+00   0.1331350E-02   0.3346321E-03
 46.00    27.00   47  0.9921888E+00   0.1378199E-02   0.2931932E-04
 47.00    27.00   47  0.8625844E+00   0.1767667E-02   0.1680945E-03
 48.00    27.00   47  0.7519079E+00   0.5186334E-02   0.2487264E-03
 49.00    27.00   47  0.7500000E+00   0.4953398E+00   0.2500000E-03
 45.00    28.00   47  0.8222398E-01   0.4600218E-02   0.3795873E-03
 46.00    28.00   47  0.9905937E+00   0.1419416E-02   0.3256870E-04
 47.00    28.00   47  0.8518347E+00   0.6640738E-03   0.1766386E-03
 48.00    28.00   47  0.7863213E+00   0.3022115E-02   0.2251680E-03
 49.00    28.00   47  0.7500000E+00   0.3025103E+00   0.2500000E-03
 45.00    29.00   47  0.8393385E-01   0.5067018E-02   0.3779868E-03
 46.00    29.00   47  0.9979483E+00   0.1515582E-02  -0.1203647E-04
 47.00    29.00   47  0.8812739E+00   0.5510573E-03   0.1527397E-03
 48.00    29.00   47  0.8575798E+00   0.2192791E-02   0.1720965E-03
 49.00    29.00   47  0.7507401E+00   0.1169045E+00   0.2495064E-03
 45.00    30.00   47  0.3217927E-01   0.1644884E-02   0.4329662E-03
 46.00    30.00   47  0.8385446E+00   0.1677125E-02  -0.2549047E-04
 47.00    30.00   47  0.9935876E+00   0.5533593E-03   0.2624851E-04
 48.00    30.00   47  0.9237469E+00   0.7171881E-03   0.1147418E-03
 49.00    30.00   47  0.8412077E+00   0.7011338E-02   0.1849019E-03
 45.00    31.00   47  0.1595521E-03   0.6611238E-04   0.4962742E-03
 46.00    31.00   47  0.4050421E+00   0.1496241E-02   0.1557683E-03
 47.00    31.00   47  0.7663160E+00   0.6378695E-03  -0.5317677E-05
 48.00    31.00   47  0.9904075E+00   0.5179574E-03   0.3293366E-04
 49.00    31.00   47  0.9532633E+00   0.3662200E-02   0.8430018E-04
 50.00    31.00   47  0.7499998E+00   0.7581936E+01   0.2500000E-03
 45.00    32.00   47  0.1712513E-06   0.7140497E-05   0.4998805E-03
 46.00    32.00   47  0.2258677E-01   0.4127019E-03   0.4458147E-03
 47.00    32.00   47  0.2087582E+00   0.4187713E-03   0.2782973E-03
 48.00    32.00   47  0.9295963E+00   0.5036650E-03  -0.3864884E-04
 49.00    32.00   47  0.9995845E+00   0.3368625E-02  -0.5675072E-05
 46.00    33.00   47  0.1506255E-03   0.1005207E-03   0.4963821E-03
 47.00    33.00   47  0.4124372E-01   0.2386404E-03   0.4219741E-03
 48.00    33.00   47  0.4395646E+00   0.3695705E-03   0.1369384E-03
 49.00    33.00   47  0.8904208E+00   0.2957471E-02  -0.3538223E-04
 47.00    34.00   47  0.5037544E-01   0.3622991E-03   0.4116737E-03
 48.00    34.00   47  0.3154761E+00   0.2825769E-03   0.2081131E-03
 49.00    34.00   47  0.8312107E+00   0.2037065E-02  -0.2389011E-04
 47.00    35.00   47  0.5359355E-01   0.4221857E-03   0.4081896E-03
 48.00    35.00   47  0.3134881E+00   0.2957195E-03   0.2093364E-03
 49.00    35.00   47  0.8187065E+00   0.1714900E-02  -0.1201984E-03
 54.00    35.00   47  0.7163927E-01   0.5919495E-02   0.3511074E-03
 47.00    36.00   47  0.1551701E+00   0.8073951E-03   0.3178953E-03
 48.00    36.00   47  0.2893518E+00   0.3157207E-03   0.2244211E-03
 49.00    36.00   47  0.1763050E+00   0.9998780E-03  -0.6841146E-06
 53.00    36.00   47  0.4038662E+00   0.4621532E-03   0.2127266E-03
 54.00    36.00   47  0.7616622E+00   0.5339115E-02   0.2421638E-03
 47.00    37.00   47  0.3263753E+00   0.1406949E-02   0.2014565E-03
 48.00    37.00   47  0.3585108E+00   0.4050917E-03   0.1823067E-03
 49.00    37.00   47  0.3909981E+00   0.1024212E-02   0.5633858E-04
 53.00    37.00   47  0.4962214E+00   0.1594902E-03   0.2058459E-03
 54.00    37.00   47  0.7581398E+00   0.1284735E-02   0.2445438E-03
 47.00    38.00   47  0.2882862E+00   0.1351152E-02   0.2250972E-03
 48.00    38.00   47  0.3808186E+00   0.4247208E-03   0.1694135E-03
 49.00    38.00   47  0.5162462E+00   0.8640241E-03   0.9376206E-04
 53.00    38.00   47  0.4173723E+00   0.7499464E-04   0.2110428E-03
 54.00    38.00   47  0.7681777E+00   0.4733228E-03   0.2366313E-03
 47.00    39.00   47  0.1020215E+00   0.7337713E-03   0.3616140E-03
 48.00    39.00   47  0.2109852E+00   0.2712194E-03   0.2767257E-03
 49.00    39.00   47  0.4763045E+00   0.7862357E-03   0.1176723E-03
 53.00    39.00   47  0.1285202E+00   0.2877938E-04   0.3046086E-03
 54.00    39.00   47  0.7622986E+00   0.2251033E-03   0.2313916E-03
 55.00    39.00   47  0.7500000E+00   0.2619931E-01   0.2500000E-03
 46.00    40.00   47  0.7500000E+00   0.1804330E+01   0.2500000E-03
 47.00    40.00   47  0.3788674E-01   0.4284542E-03   0.4259421E-03
 48.00    40.00   47  0.1689926E+00   0.1966531E-03   0.3073241E-03
 49.00    40.00   47  0.2140244E+00   0.2522625E-03   0.2745895E-03
 50.00    40.00   47  0.3905017E+00   0.9492925E-03   0.1595104E-03
 53.00    40.00   47  0.4657920E-01   0.1225811E-04   0.3777390E-03
 54.00    40.00   47  0.7246704E+00   0.9465121E-04   0.2335359E-03
 55.00    40.00   47  0.7720869E+00   0.2769249E-02   0.2350518E-03
 46.00    41.00   47  0.7500002E+00   0.5196915E+00   0.2500000E-03
 47.00    41.00   47  0.8506184E-01   0.1279036E-02   0.3769363E-03
 48.00    41.00   47  0.1629217E+00   0.2051982E-03   0.3119331E-03
 49.00    41.00   47  0.2538186E+00   0.1921933E-03   0.2474608E-03
 50.00    41.00   47  0.3358383E+00   0.2865231E-03   0.1957446E-03
 51.00    41.00   47  0.7771113E+00   0.1019221E-02  -0.2010155E-04
 52.00    41.00   47  0.1355536E+00   0.9669456E-04   0.2968780E-03
 53.00    41.00   47  0.2666292E+00   0.2826740E-04   0.2420964E-03
 54.00    41.00   47  0.7070701E+00   0.5760405E-04   0.2318714E-03
 55.00    41.00   47  0.7842207E+00   0.1439860E-02   0.2266396E-03
 46.00    42.00   47  0.7500001E+00   0.3461446E+01   0.2500000E-03
 47.00    42.00   47  0.8504512E-01   0.5791880E-02   0.3769519E-03
 48.00    42.00   47  0.3906398E-01   0.1588778E-03   0.4245380E-03
 49.00    42.00   47  0.2662848E+00   0.1682712E-03   0.2392589E-03
 50.00    42.00   47  0.3094362E+00   0.1708681E-03   0.2118386E-03
 51.00    42.00   47  0.5135253E+00   0.3626141E-03   0.9895259E-04
 52.00    42.00   47  0.7869965E+00   0.1357203E-03   0.2076578E-03
 53.00    42.00   47  0.6442526E+00   0.3719242E-04   0.2160139E-03
 54.00    42.00   47  0.7219373E+00   0.5090040E-04   0.2292253E-03
 55.00    42.00   47  0.7756841E+00   0.1184828E-02   0.2325733E-03
 47.00    43.00   47  0.3181075E-02   0.3695513E-02   0.4821538E-03
 48.00    43.00   47  0.9539795E-02   0.2382876E-03   0.4671695E-03
 49.00    43.00   47  0.7219590E-01   0.1176175E-03   0.3891895E-03
 50.00    43.00   47  0.9110775E-01   0.7241153E-04   0.3713763E-03
 51.00    43.00   47  0.2303893E+00   0.1668933E-03   0.2632494E-03
 52.00    43.00   47  0.8455128E+00   0.1347587E-03   0.1811576E-03
 53.00    43.00   47  0.7550833E+00   0.3635884E-04   0.2327599E-03
 54.00    43.00   47  0.7701494E+00   0.5438766E-04   0.2238795E-03
 55.00    43.00   47  0.7996649E+00   0.8430472E-03   0.2157101E-03
 56.00    43.00   47  0.7500001E+00   0.1521253E+02   0.2500000E-03
 48.00    44.00   47  0.8074237E-02   0.1032238E-02   0.4701284E-03
 49.00    44.00   47  0.1859376E-01   0.1259855E-03   0.4517074E-03
 50.00    44.00   47  0.4016118E-01   0.6589256E-04   0.4232418E-03
 51.00    44.00   47  0.1830454E+00   0.1359821E-03   0.2968456E-03
 52.00    44.00   47  0.8813279E+00   0.1300409E-03   0.1526926E-03
 53.00    44.00   47  0.7752802E+00   0.3829648E-04   0.2320805E-03
 54.00    44.00   47  0.7907103E+00   0.5808362E-04   0.2213228E-03
 55.00    44.00   47  0.7963634E+00   0.7521327E-03   0.2180684E-03
 56.00    44.00   47  0.7500000E+00   0.1755738E+01   0.2500000E-03
 48.00    45.00   47  0.1074650E-03   0.1115533E-02   0.4969539E-03
 49.00    45.00   47  0.2565292E-01   0.6564914E-03   0.4415347E-03
 50.00    45.00   47  0.5478114E-01   0.1604357E-03   0.4069207E-03
 51.00    45.00   47  0.1420187E+00   0.1493496E-03   0.3282230E-03
 52.00    45.00   47  0.8634289E+00   0.1238378E-03   0.1674149E-03
 53.00    45.00   47  0.7818405E+00   0.4117137E-04   0.2281846E-03
 54.00    45.00   47  0.8109511E+00   0.6741352E-04   0.2074314E-03
 55.00    45.00   47  0.8001629E+00   0.6735016E-03   0.2153533E-03
 56.00    45.00   47  0.7500001E+00   0.2498914E+01   0.2500000E-03
 49.00    46.00   47  0.6221663E-02   0.2529046E-02   0.4741902E-03
 50.00    46.00   47  0.3233087E-01   0.4181299E-03   0.4327745E-03
 51.00    46.00   47  0.4033798E-01   0.1058652E-03   0.4230340E-03
 52.00    46.00   47  0.9015974E+00   0.1927514E-03   0.1351855E-03
 53.00    46.00   47  0.7990334E+00   0.5042509E-04   0.2161621E-03
 54.00    46.00   47  0.8406304E+00   0.9565808E-04   0.1853458E-03
 55.00    46.00   47  0.8784187E+00   0.1809250E-02   0.1551301E-03
 56.00    46.00   47  0.7500001E+00   0.1499716E+01   0.2500000E-03
 50.00    47.00   47  0.1019253E-02   0.1968523E-03   0.4902789E-03
 51.00    47.00   47  0.2290036E-01   0.2027413E-03   0.4453681E-03
 52.00    47.00   47  0.9586691E+00   0.4191565E-03   0.7812763E-04
 53.00    47.00   47  0.8572819E+00   0.9754302E-04   0.1723335E-03
 54.00    47.00   47  0.8798223E+00   0.1766595E-03   0.1539572E-03
 55.00    47.00   47  0.9749337E+00   0.6052883E-02   0.5766086E-04
 56.00    47.00   47  0.7500000E+00   0.1269763E+02   0.2500000E-03
 50.00    48.00   47  0.8356887E-03   0.6605607E-03   0.4912406E-03
 51.00    48.00   47  0.3967129E-01   0.1718950E-02   0.4238191E-03
 52.00    48.00   47  0.9864036E+00   0.1777267E-02  -0.2663274E-04
 53.00    48.00   47  0.9660936E+00   0.3314896E-03   0.6920009E-04
 54.00    48.00   47  0.9828783E+00   0.5841772E-03   0.4600937E-04
 55.00    48.00   47  0.9840267E+00   0.2548178E-01  -0.2820510E-04
 51.00    49.00   47  0.5980975E-01   0.2955268E+00   0.4016405E-03
 52.00    49.00   47  0.9234684E+00   0.4177883E-01  -0.3847753E-04
 53.00    49.00   47  0.9850407E+00   0.2994522E-02  -0.2756255E-04
 54.00    49.00   47  0.9941728E+00   0.3968448E-02   0.2488552E-04
 55.00    49.00   47  0.8698511E+00   0.2783470E+00   0.1622043E-03
 53.00    50.00   47  0.9164909E+00   0.2527973E+00   0.1216167E-03
 54.00    50.00   47  0.9116995E+00   0.2171292E+00   0.1260564E-03
 55.00    50.00   47  0.7500000E+00   0.1944584E+02   0.2500000E-03
 45.00    25.00   48  0.9237969E-03   0.5460036E-04   0.4907682E-03
 46.00    25.00   48  0.5827420E-02   0.4263209E-03   0.4751139E-03
 45.00    26.00   48  0.1408248E-01   0.1923270E-03   0.4589439E-03
 46.00    26.00   48  0.1535875E+00   0.1402976E-02   0.3191236E-03
 47.00    26.00   48  0.3577572E-02   0.8821986E-03   0.4809757E-03
 48.00    26.00   48  0.9989645E+00   0.2172917E+00   0.9801530E-05
 45.00    27.00   48  0.1689093E-01   0.2625604E-03   0.4543551E-03
 46.00    27.00   48  0.9516249E+00   0.1736481E-02  -0.3774982E-04
 47.00    27.00   48  0.9768578E+00   0.8273038E-02  -0.3183261E-04
 48.00    27.00   48  0.7525822E+00   0.2735101E-01   0.2482755E-03
 45.00    28.00   48  0.8118541E-02   0.5380842E-03   0.4700361E-03
 46.00    28.00   48  0.9728872E+00   0.1942163E-02  -0.3332802E-04
 47.00    28.00   48  0.9326720E+00   0.1864957E-02   0.1060028E-03
 48.00    28.00   48  0.7837691E+00   0.7780728E-02   0.2269554E-03
 49.00    28.00   48  0.7500000E+00   0.5657495E+00   0.2500000E-03
 45.00    29.00   48  0.3717797E-01   0.6527192E-02   0.4267944E-03
 46.00    29.00   48  0.9724510E+00   0.2226664E-02  -0.3347493E-04
 47.00    29.00   48  0.9076971E+00   0.7374950E-03   0.1297094E-03
 48.00    29.00   48  0.8418866E+00   0.1714522E-02   0.1843790E-03
 49.00    29.00   48  0.7506112E+00   0.3341942E-01   0.2495923E-03
 50.00    29.00   48  0.7499999E+00   0.8134849E+03   0.2500000E-03
 45.00    30.00   48  0.2739838E-01   0.9508627E-02   0.4391771E-03
 46.00    30.00   48  0.9828658E+00   0.3176435E-02  -0.2889481E-04
 47.00    30.00   48  0.8997825E+00   0.5566040E-03   0.1367949E-03
 48.00    30.00   48  0.8636017E+00   0.9412510E-03   0.1672756E-03
 49.00    30.00   48  0.8239216E+00   0.1041888E-01   0.1979918E-03
 50.00    30.00   48  0.7500001E+00   0.6991254E+00   0.2500000E-03
 45.00    31.00   48  0.1367572E-01   0.5603053E-02   0.4596352E-03
 46.00    31.00   48  0.9056788E+00   0.4904451E-02  -0.3721198E-04
 47.00    31.00   48  0.9999938E+00   0.7275423E-03  -0.7077469E-06
 48.00    31.00   48  0.9375997E+00   0.4783879E-03   0.1010253E-03
 49.00    31.00   48  0.8642736E+00   0.1646999E-02   0.1667337E-03
 50.00    31.00   48  0.7510675E+00   0.1511480E+00   0.2492878E-03
 45.00    32.00   48  0.1806181E-06   0.1245744E-04   0.4998773E-03
 46.00    32.00   48  0.3073206E+00   0.3245878E-02   0.2131498E-03
 47.00    32.00   48  0.6832412E+00   0.9275433E-03   0.2408415E-04
 48.00    32.00   48  0.9716774E+00   0.4337747E-03  -0.3372785E-04
 49.00    32.00   48  0.9998151E+00   0.1143786E-02   0.4016154E-05
 50.00    32.00   48  0.7884732E+00   0.3516916E-01   0.2236557E-03
 46.00    33.00   48  0.4494618E-02   0.2903952E-03   0.4784429E-03
 47.00    33.00   48  0.1101618E+00   0.5520981E-03   0.3545375E-03
 48.00    33.00   48  0.6691306E+00   0.4729651E-03   0.2960552E-04
 49.00    33.00   48  0.9682757E+00   0.9078059E-03  -0.3473251E-04
 50.00    33.00   48  0.9200236E+00   0.3064889E-01   0.1182933E-03
 46.00    34.00   48  0.1434936E-03   0.1144817E-03   0.4964705E-03
 47.00    34.00   48  0.3365728E-02   0.1288091E-03   0.4815979E-03
 48.00    34.00   48  0.2937243E+00   0.3499885E-03   0.2216558E-03
 49.00    34.00   48  0.7703408E+00   0.7063841E-03  -0.6591144E-05
 50.00    34.00   48  0.9264482E+00   0.2455904E-01   0.9915311E-04
 47.00    35.00   48  0.2286477E-04   0.1427641E-04   0.4986082E-03
 48.00    35.00   48  0.2258090E+00   0.3014662E-03   0.2663964E-03
 49.00    35.00   48  0.6673506E+00   0.5932869E-03   0.3031193E-04
 47.00    36.00   48  0.2853676E-02   0.3483115E-03   0.4831742E-03
 48.00    36.00   48  0.2605782E+00   0.2878610E-03   0.2429969E-03
 49.00    36.00   48  0.5074001E+00   0.4554018E-03   0.1017993E-03
 54.00    36.00   48  0.8116621E+00   0.1291090E-01   0.1682927E-03
 47.00    37.00   48  0.1951854E-01   0.1215637E-02   0.4503058E-03
 48.00    37.00   48  0.3045696E+00   0.3536689E-03   0.2148597E-03
 49.00    37.00   48  0.5356874E+00   0.5322697E-03   0.8538991E-04
 53.00    37.00   48  0.3014762E-01   0.9252734E-04   0.3980029E-03
 54.00    37.00   48  0.7878600E+00   0.2666345E-02   0.2240873E-03
 47.00    38.00   48  0.2493720E-01   0.1594551E-02   0.4425172E-03
 48.00    38.00   48  0.3387357E+00   0.4114875E-03   0.1940080E-03
 49.00    38.00   48  0.3087108E+00   0.4040397E-03   0.2108871E-03
 53.00    38.00   48  0.1631128E+00   0.7089059E-04   0.2836817E-03
 54.00    38.00   48  0.7643458E+00   0.6126637E-03   0.2385479E-03
 55.00    38.00   48  0.9866619E+00   0.1397781E+01   0.3978537E-04
 47.00    39.00   48  0.2694077E-01   0.1640635E-02   0.4397901E-03
 48.00    39.00   48  0.2489920E+00   0.3138634E-03   0.2506724E-03
 49.00    39.00   48  0.2640289E+00   0.3353708E-03   0.2407333E-03
 54.00    39.00   48  0.7254004E+00   0.1992991E-03   0.2353327E-03
 55.00    39.00   48  0.8035623E+00   0.4267383E-01   0.2129105E-03
 47.00    40.00   48  0.8844588E-02   0.9532176E-03   0.4685494E-03
 48.00    40.00   48  0.1734774E+00   0.2370296E-03   0.3039517E-03
 49.00    40.00   48  0.2265817E+00   0.2844057E-03   0.2658641E-03
 50.00    40.00   48  0.4976574E+00   0.1797981E-02   0.3558584E-05
 54.00    40.00   48  0.6240932E+00   0.7185404E-04   0.2157652E-03
 55.00    40.00   48  0.7574067E+00   0.2256843E-02   0.2449841E-03
 47.00    41.00   48  0.1723905E-01   0.1599095E-02   0.4538063E-03
 48.00    41.00   48  0.1593042E+00   0.2035665E-03   0.3147045E-03
 49.00    41.00   48  0.2448187E+00   0.2289859E-03   0.2534662E-03
 50.00    41.00   48  0.4047140E+00   0.5052548E-03   0.1559506E-03
 51.00    41.00   48  0.9714122E+00   0.4873858E-02  -0.1031911E-02
 54.00    41.00   48  0.4585102E+00   0.3309403E-04   0.2084405E-03
 55.00    41.00   48  0.7628158E+00   0.3508820E-03   0.2406980E-03
 56.00    41.00   48  0.6012091E+00   0.1162795E+01   0.5804579E-04
 47.00    42.00   48  0.4310034E-02   0.2278279E-02   0.4789341E-03
 48.00    42.00   48  0.1292392E+00   0.2278203E-03   0.3385402E-03
 49.00    42.00   48  0.2409373E+00   0.1457616E-03   0.2560788E-03
 50.00    42.00   48  0.4520638E+00   0.2665079E-03   0.1302954E-03
 51.00    42.00   48  0.5149324E+00   0.4107973E-03   0.9826067E-04
 52.00    42.00   48  0.9248304E+00   0.8081687E-03  -0.1012260E-04
 53.00    42.00   48  0.1514712E-01   0.1176275E-04   0.4288231E-03
 54.00    42.00   48  0.4725578E+00   0.2562998E-04   0.2074881E-03
 55.00    42.00   48  0.7577752E+00   0.1585088E-03   0.2417798E-03
 56.00    42.00   48  0.8737044E+00   0.7019020E+00   0.1590406E-03
 48.00    43.00   48  0.3357115E-01   0.3494481E-03   0.4312175E-03
 49.00    43.00   48  0.8547030E-01   0.9644073E-04   0.3765570E-03
 50.00    43.00   48  0.2694107E+00   0.1120393E-03   0.2372229E-03
 51.00    43.00   48  0.2529466E+00   0.1301996E-03   0.2480395E-03
 52.00    43.00   48  0.9507744E+00   0.4698166E-03  -0.3791309E-04
 53.00    43.00   48  0.6794142E+00   0.6580602E-04   0.2178263E-03
 54.00    43.00   48  0.6477820E+00   0.2611224E-04   0.2150377E-03
 55.00    43.00   48  0.7597016E+00   0.9910075E-04   0.2336400E-03
 56.00    43.00   48  0.7505581E+00   0.8870434E-01   0.2496279E-03
 48.00    44.00   48  0.6662181E-01   0.4093559E-02   0.3947034E-03
 49.00    44.00   48  0.4752945E-01   0.2169374E-03   0.4148143E-03
 50.00    44.00   48  0.4849346E-01   0.4978818E-04   0.4137440E-03
 51.00    44.00   48  0.5617015E-01   0.3893868E-04   0.4054475E-03
 52.00    44.00   48  0.8770815E+00   0.2595523E-03  -0.3332540E-04
 53.00    44.00   48  0.7788740E+00   0.5887318E-04   0.2239441E-03
 54.00    44.00   48  0.7467502E+00   0.2574230E-04   0.2342029E-03
 55.00    44.00   48  0.7734811E+00   0.8467347E-04   0.2299169E-03
 56.00    44.00   48  0.7745521E+00   0.1023071E-01   0.2333546E-03
 48.00    45.00   48  0.6285680E-02   0.1377033E-01   0.4740424E-03
 49.00    45.00   48  0.1795008E-01   0.4660095E-03   0.4526976E-03
 50.00    45.00   48  0.3304721E-01   0.8477135E-04   0.4318729E-03
 51.00    45.00   48  0.4306734E-01   0.4134206E-04   0.4198628E-03
 52.00    45.00   48  0.7495041E+00   0.2194752E-03   0.1654262E-06
 53.00    45.00   48  0.7955780E+00   0.4790743E-04   0.2183485E-03
 54.00    45.00   48  0.7689829E+00   0.2681214E-04   0.2362584E-03
 55.00    45.00   48  0.7893435E+00   0.8272495E-04   0.2227798E-03
 56.00    45.00   48  0.7953197E+00   0.4978537E-02   0.2188113E-03
 49.00    46.00   48  0.7168406E-01   0.7619795E-02   0.3896902E-03
 50.00    46.00   48  0.9562944E-01   0.5731864E-03   0.3672910E-03
 51.00    46.00   48  0.6458133E-01   0.9999688E-04   0.3967572E-03
 52.00    46.00   48  0.6219788E+00   0.2505359E-03   0.4903405E-04
 53.00    46.00   48  0.7992590E+00   0.4680372E-04   0.2160006E-03
 54.00    46.00   48  0.7812713E+00   0.2997563E-04   0.2286766E-03
 55.00    46.00   48  0.8032966E+00   0.1005600E-03   0.2130870E-03
 56.00    46.00   48  0.7874199E+00   0.3875327E-02   0.2243965E-03
 49.00    47.00   48  0.3488758E-08   0.1598588E-03   0.4999830E-03
 50.00    47.00   48  0.2859625E-01   0.3265000E-02   0.4375888E-03
 51.00    47.00   48  0.6765826E-01   0.2418847E-03   0.3936677E-03
 52.00    47.00   48  0.3490940E+00   0.2778097E-03   0.1878463E-03
 53.00    47.00   48  0.8217319E+00   0.6727815E-04   0.1996210E-03
 54.00    47.00   48  0.7996334E+00   0.3710043E-04   0.2157327E-03
 55.00    47.00   48  0.8338142E+00   0.1578954E-03   0.1905514E-03
 56.00    47.00   48  0.8505756E+00   0.7255409E-02   0.1776268E-03
 50.00    48.00   48  0.1554151E-01   0.2347152E-02   0.4565222E-03
 51.00    48.00   48  0.6441406E-01   0.6527347E-03   0.3969264E-03
 52.00    48.00   48  0.2330970E+00   0.4995234E-03   0.2613986E-03
 53.00    48.00   48  0.8806435E+00   0.1486029E-03   0.1532688E-03
 54.00    48.00   48  0.8320203E+00   0.5992328E-04   0.1919106E-03
 55.00    48.00   48  0.8931884E+00   0.2734331E-03   0.1425700E-03
 56.00    48.00   48  0.9877996E+00   0.3594514E-01  -0.2559047E-04
 50.00    49.00   48  0.5892492E-03   0.6043090E-03   0.4927000E-03
 51.00    49.00   48  0.2006067E-01   0.1251514E-02   0.4494952E-03
 52.00    49.00   48  0.1993601E+00   0.2264240E-02   0.2849887E-03
 53.00    49.00   48  0.9756652E+00   0.4388003E-03   0.5664842E-04
 54.00    49.00   48  0.9159521E+00   0.1558661E-03   0.1221196E-03
 55.00    49.00   48  0.9469774E+00   0.7485170E-03   0.9119732E-04
 56.00    49.00   48  0.7524127E+00   0.5670328E+00  -0.8016359E-06
 52.00    50.00   48  0.3127256E-02   0.5306850E-02   0.4823184E-03
 53.00    50.00   48  0.9958514E+00   0.4597847E-02  -0.1648051E-04
 54.00    50.00   48  0.9963092E+00   0.9999987E-03   0.1935073E-04
 55.00    50.00   48  0.9921268E+00   0.4742888E-02  -0.2157682E-04
 53.00    51.00   48  0.9968933E+00   0.1212293E+01   0.1761835E-04
 54.00    51.00   48  0.9743935E+00   0.1712777E-01   0.5840199E-04
 55.00    51.00   48  0.9921966E+00   0.3708955E-01  -0.2149935E-04
 56.00    51.00   48  0.7500000E+00   0.6901343E-01   0.2500000E-03
 57.00    51.00   48  0.7500000E+00   0.1225308E+02   0.2500000E-03
 54.00    52.00   48  0.7500000E+00   0.1094414E+02   0.2500001E-03
 55.00    52.00   48  0.7500000E+00   0.9410706E+00   0.2500000E-03
 56.00    52.00   48  0.7500000E+00   0.9565920E-01   0.2500000E-03
 57.00    52.00   48  0.7500002E+00   0.9070885E+01   0.2500000E-03
 45.00    26.00   49  0.4417042E-07   0.2924340E-06   0.4999393E-03
 46.00    26.00   49  0.7858400E-05   0.7864153E-05   0.4991869E-03
 47.00    26.00   49  0.5392080E-07   0.1499346E-05   0.4999330E-03
 45.00    27.00   49  0.1526238E-04   0.7077025E-05   0.4988646E-03
 46.00    27.00   49  0.8591910E-01   0.6519909E-03   0.3761408E-03
 47.00    27.00   49  0.9404404E-01   0.2520254E-02   0.3687166E-03
 48.00    27.00   49  0.1715266E+00   0.8021472E-01   0.3054153E-03
 45.00    28.00   49  0.2211642E-05   0.5359003E-05   0.4995696E-03
 46.00    28.00   49  0.3779669E+00   0.1224342E-02   0.1710440E-03
 47.00    28.00   49  0.9809155E+00   0.3720567E-02  -0.2995483E-04
 48.00    28.00   49  0.9174704E+00   0.2292488E-01   0.1206996E-03
 49.00    28.00   49  0.7500001E+00   0.1377675E+01   0.2500000E-03
 46.00    29.00   49  0.4880947E+00   0.2501438E-02   0.1116560E-03
 47.00    29.00   49  0.9645265E+00   0.1907233E-02   0.7113395E-04
 48.00    29.00   49  0.7862070E+00   0.3609282E-02   0.2252482E-03
 49.00    29.00   49  0.7499999E+00   0.6370049E-01   0.2500000E-03
 46.00    30.00   49  0.7679425E+00   0.6250214E-02  -0.5834154E-05
 47.00    30.00   49  0.9356779E+00   0.1057342E-02   0.1029806E-03
 48.00    30.00   49  0.8254431E+00   0.1170973E-02   0.1968560E-03
 49.00    30.00   49  0.7650204E+00   0.1400583E-01   0.2398841E-03
 50.00    30.00   49  0.7500000E+00   0.2522277E+04   0.2500000E-03
 45.00    31.00   49  0.7500001E+00   0.6272776E+02   0.2500000E-03
 46.00    31.00   49  0.7947380E+00   0.1135631E-01  -0.1396291E-04
 47.00    31.00   49  0.9851012E+00   0.1037241E-02   0.4242192E-04
 48.00    31.00   49  0.8992376E+00   0.8309333E-03   0.1372764E-03
 49.00    31.00   49  0.8088173E+00   0.3362298E-02   0.2091079E-03
 50.00    31.00   49  0.7500001E+00   0.3526995E+00   0.2500000E-03
 45.00    32.00   49  0.7499999E+00   0.5172849E+02   0.2500001E-03
 46.00    32.00   49  0.5100816E+00   0.1350566E-01   0.1006510E-03
 47.00    32.00   49  0.9865083E+00   0.1316299E-02  -0.2655800E-04
 48.00    32.00   49  0.9328835E+00   0.5218935E-03   0.1057915E-03
 49.00    32.00   49  0.9133165E+00   0.1072206E-02   0.1245665E-03
 50.00    32.00   49  0.8374433E+00   0.2818147E-01   0.1877880E-03
 51.00    32.00   49  0.7500000E+00   0.7839941E+01   0.2500000E-03
 46.00    33.00   49  0.1827334E+00   0.6182069E-02   0.2970755E-03
 47.00    33.00   49  0.8372543E+00   0.1997299E-02  -0.2518680E-04
 48.00    33.00   49  0.9996960E+00   0.5363689E-03  -0.4879665E-05
 49.00    33.00   49  0.9805160E+00   0.5116145E-03   0.4964243E-04
 50.00    33.00   49  0.9835647E+00   0.6062164E-02   0.4492048E-04
 51.00    33.00   49  0.2066488E-01   0.4707306E-01   0.4178663E-03
 46.00    34.00   49  0.4283364E-01   0.3186131E-02   0.4201317E-03
 47.00    34.00   49  0.2933766E+00   0.2056203E-02   0.2218752E-03
 48.00    34.00   49  0.5539294E+00   0.6282398E-03   0.7953975E-04
 49.00    34.00   49  0.9319574E+00   0.4454531E-03  -0.3867265E-04
 50.00    34.00   49  0.9771505E+00   0.4114105E-02   0.5455938E-04
 47.00    35.00   49  0.7772785E-02   0.2906377E-03   0.4707621E-03
 48.00    35.00   49  0.8589908E-01   0.2925066E-03   0.3761594E-03
 49.00    35.00   49  0.5819131E+00   0.3829759E-03   0.6665595E-04
 50.00    35.00   49  0.8941920E+00   0.3371758E-02  -0.3589003E-04
 47.00    36.00   49  0.1039298E-03   0.5472894E-04   0.4970053E-03
 48.00    36.00   49  0.2667317E-01   0.1738711E-03   0.4401503E-03
 49.00    36.00   49  0.4346646E+00   0.3176983E-03   0.1395677E-03
 50.00    36.00   49  0.8304755E+00   0.2803061E-02  -0.2827437E-04
 48.00    37.00   49  0.8093515E-01   0.4113651E-03   0.3808005E-03
 49.00    37.00   49  0.3927238E+00   0.2920811E-03   0.1626618E-03
 50.00    37.00   49  0.6858572E+00   0.7946283E-02  -0.2241112E-02
 54.00    37.00   49  0.7038398E+00   0.4412399E-02   0.1926002E-03
 48.00    38.00   49  0.9897345E-01   0.4284663E-03   0.3643073E-03
 49.00    38.00   49  0.2840955E+00   0.2596971E-03   0.2277649E-03
 54.00    38.00   49  0.7711120E+00   0.1128532E-02   0.2271525E-03
 55.00    38.00   49  0.3249032E+00   0.4520649E+00   0.2023506E-03
 48.00    39.00   49  0.1592278E+00   0.6299482E-03   0.3147632E-03
 49.00    39.00   49  0.2890442E+00   0.3270837E-03   0.2246161E-03
 54.00    39.00   49  0.7027101E+00   0.2658681E-03   0.2260156E-03
 55.00    39.00   49  0.7759248E+00   0.1528142E-01   0.2324071E-03
 48.00    40.00   49  0.2836236E+00   0.8562469E-03   0.2280661E-03
 49.00    40.00   49  0.2682129E+00   0.2970453E-03   0.2380020E-03
 50.00    40.00   49  0.1043558E+00   0.6122116E-03   0.2424887E-03
 54.00    40.00   49  0.4766249E+00   0.8072576E-04   0.2059523E-03
 55.00    40.00   49  0.7702777E+00   0.1406250E-02   0.2331673E-03
 56.00    40.00   49  0.7500000E+00   0.5110150E+01   0.2500000E-03
 48.00    41.00   49  0.1165474E+00   0.4858876E-03   0.3490961E-03
 49.00    41.00   49  0.1923382E+00   0.2370415E-03   0.2900533E-03
 50.00    41.00   49  0.2932698E+00   0.5367561E-03   0.2217703E-03
 54.00    41.00   49  0.1127386E+00   0.2123554E-04   0.3156773E-03
 55.00    41.00   49  0.7465463E+00   0.2138238E-03   0.2372125E-03
 56.00    41.00   49  0.7664965E+00   0.3982617E-01   0.2388787E-03
 48.00    42.00   49  0.6199358E-01   0.3463880E-03   0.3993910E-03
 49.00    42.00   49  0.2074394E+00   0.1934764E-03   0.2792304E-03
 50.00    42.00   49  0.2542429E+00   0.2826024E-03   0.2471794E-03
 51.00    42.00   49  0.3810970E+00   0.6525531E-03   0.1665937E-03
 54.00    42.00   49  0.8873008E-02   0.4361444E-05   0.4455507E-03
 55.00    42.00   49  0.6958124E+00   0.7038410E-04   0.2274649E-03
 56.00    42.00   49  0.7670324E+00   0.6504470E-02   0.2385130E-03
 48.00    43.00   49  0.4268800E-01   0.7443356E-03   0.4202996E-03
 49.00    43.00   49  0.1111417E+00   0.1316021E-03   0.3536964E-03
 50.00    43.00   49  0.3160915E+00   0.1957032E-03   0.2077350E-03
 51.00    43.00   49  0.3980619E+00   0.2495700E-03   0.1596631E-03
 52.00    43.00   49  0.4731976E+00   0.5070904E-03   0.1179886E-03
 53.00    43.00   49  0.4724281E+00   0.2519432E-03   0.1543243E-03
 54.00    43.00   49  0.2395839E+00   0.2482560E-04   0.2515168E-03
 55.00    43.00   49  0.6573107E+00   0.4055871E-04   0.2177067E-03
 56.00    43.00   49  0.7652532E+00   0.1523053E-02   0.2394088E-03
 48.00    44.00   49  0.1862161E+00   0.1482446E-01   0.2945162E-03
 49.00    44.00   49  0.5834717E-01   0.2680219E-03   0.4031613E-03
 50.00    44.00   49  0.1533813E+00   0.1191670E-03   0.3192839E-03
 51.00    44.00   49  0.1880126E+00   0.8346808E-04   0.2932019E-03
 52.00    44.00   49  0.2818555E+00   0.1627981E-03   0.2291964E-03
 53.00    44.00   49  0.9272641E+00   0.2350724E-03   0.1079044E-03
 54.00    44.00   49  0.6625283E+00   0.3464032E-04   0.2200905E-03
 55.00    44.00   49  0.6990724E+00   0.3275838E-04   0.2250061E-03
 56.00    44.00   49  0.7757540E+00   0.5587729E-03   0.2307600E-03
 49.00    45.00   49  0.5168468E-01   0.1860736E-02   0.4102480E-03
 50.00    45.00   49  0.4379157E-01   0.1285933E-03   0.4190324E-03
 51.00    45.00   49  0.3379028E-01   0.3692775E-04   0.4309445E-03
 52.00    45.00   49  0.9579223E-01   0.6288110E-04   0.3671451E-03
 53.00    45.00   49  0.9600893E+00   0.1654129E-03   0.7636700E-04
 54.00    45.00   49  0.7552974E+00   0.3314121E-04   0.2351842E-03
 55.00    45.00   49  0.7545704E+00   0.3021852E-04   0.2327771E-03
 56.00    45.00   49  0.7784511E+00   0.3404147E-03   0.2291749E-03
 57.00    45.00   49  0.7500001E+00   0.2639590E+01   0.2500000E-03
 49.00    46.00   49  0.1673799E+00   0.5922176E-01   0.3085434E-03
 50.00    46.00   49  0.3638826E-01   0.4890205E-03   0.4277502E-03
 51.00    46.00   49  0.3041968E-01   0.7034760E-04   0.4352134E-03
 52.00    46.00   49  0.5167339E-01   0.4586609E-04   0.4102603E-03
 53.00    46.00   49  0.9991854E+00   0.1658171E-03   0.8644711E-05
 54.00    46.00   49  0.7809095E+00   0.3431620E-04   0.2284653E-03
 55.00    46.00   49  0.7784671E+00   0.3428413E-04   0.2297977E-03
 56.00    46.00   49  0.8157214E+00   0.2808473E-03   0.2040187E-03
 57.00    46.00   49  0.7815490E+00   0.1996110E+00   0.2285047E-03
 50.00    47.00   49  0.3116309E-01   0.3292691E-02   0.4342587E-03
 51.00    47.00   49  0.4275135E-01   0.3104869E-03   0.4202265E-03
 52.00    47.00   49  0.3496587E-01   0.6424395E-04   0.4294894E-03
 53.00    47.00   49  0.9967147E+00   0.2187703E-03  -0.1487689E-04
 54.00    47.00   49  0.7838828E+00   0.3726993E-04   0.2268760E-03
 55.00    47.00   49  0.7872587E+00   0.3914568E-04   0.2245098E-03
 56.00    47.00   49  0.8191076E+00   0.2794092E-03   0.2015657E-03
 57.00    47.00   49  0.8593867E+00   0.1773796E+00   0.1706565E-03
 51.00    48.00   49  0.2214250E-01   0.1166625E-02   0.4464511E-03
 52.00    48.00   49  0.1256736E-01   0.7529403E-04   0.4615586E-03
 53.00    48.00   49  0.9423352E+00   0.4052800E-03  -0.3846025E-04
 54.00    48.00   49  0.7946725E+00   0.4882715E-04   0.2192713E-03
 55.00    48.00   49  0.8141995E+00   0.5003432E-04   0.2051792E-03
 56.00    48.00   49  0.8473364E+00   0.4948835E-03   0.1801576E-03
 57.00    48.00   49  0.8408524E+00   0.1608842E+00   0.1851752E-03
 51.00    49.00   49  0.4246293E-02   0.8285301E-03   0.4791057E-03
 52.00    49.00   49  0.1074633E-01   0.1864098E-03   0.4648627E-03
 53.00    49.00   49  0.8347709E+00   0.7221314E-03  -0.2459565E-04
 54.00    49.00   49  0.8498280E+00   0.8806500E-04   0.1782123E-03
 55.00    49.00   49  0.8586333E+00   0.7828389E-04   0.1712576E-03
 56.00    49.00   49  0.9571053E+00   0.1109107E-02   0.7993841E-04
 57.00    49.00   49  0.7798598E+00   0.5715214E+00   0.2296801E-03
 52.00    50.00   49  0.1067241E-01   0.1110784E-02   0.4650011E-03
 53.00    50.00   49  0.9775839E+00   0.2219725E-02  -0.3152533E-04
 54.00    50.00   49  0.9422002E+00   0.2169049E-03   0.9626630E-04
 55.00    50.00   49  0.9250231E+00   0.1908736E-03   0.1135124E-03
 56.00    50.00   49  0.9895656E+00   0.3358581E-02   0.3455073E-04
 57.00    50.00   49  0.7982263E+00   0.1070859E+02   0.2167390E-03
 53.00    51.00   49  0.7290126E+00   0.2841329E-01   0.7186376E-05
 54.00    51.00   49  0.9998882E+00   0.1364479E-02  -0.2997753E-05
 55.00    51.00   49  0.9749575E+00   0.8763821E-03   0.5762806E-04
 56.00    51.00   49  0.8564513E+00   0.6094355E-02   0.1729931E-03
 57.00    51.00   49  0.7500001E+00   0.5876348E+00   0.2500000E-03
 54.00    52.00   49  0.8052773E+00   0.3762346E-01  -0.1695036E-04
 55.00    52.00   49  0.9769907E+00   0.5766425E-02  -0.3177719E-04
 56.00    52.00   49  0.8014382E+00   0.6414324E-02   0.2144383E-03
 57.00    52.00   49  0.7500000E+00   0.1612187E+00   0.2500000E-03
 54.00    53.00   49  0.7518990E+00   0.2255108E+01   0.2487323E-03
 55.00    53.00   49  0.9027061E+00   0.3868583E-01   0.1341981E-03
 56.00    53.00   49  0.8605046E+00   0.9154470E-01   0.1697628E-03
 57.00    53.00   49  0.7500001E+00   0.1023849E+03   0.2500000E-03
 46.00    27.00   50  0.3257077E-04   0.9977675E-05   0.4983363E-03
 47.00    27.00   50  0.3626283E-04   0.2731627E-04   0.4982435E-03
 46.00    28.00   50  0.1317231E-01   0.2446377E-03   0.4605014E-03
 47.00    28.00   50  0.1844915E+00   0.2377452E-02   0.2957816E-03
 48.00    28.00   50  0.5833121E-07   0.1040345E-04   0.4999303E-03
 46.00    29.00   50  0.2619599E-01   0.3629185E-03   0.4407955E-03
 47.00    29.00   50  0.6210626E+00   0.2262321E-02   0.4942590E-04
 48.00    29.00   50  0.9746473E+00   0.2165643E-01  -0.3270176E-04
 49.00    29.00   50  0.7500001E+00   0.1600248E+00   0.2500000E-03
 46.00    30.00   50  0.1512986E-01   0.4410079E-03   0.4571967E-03
 47.00    30.00   50  0.9142801E+00   0.2158803E-02  -0.3795465E-04
 48.00    30.00   50  0.9210747E+00   0.4378781E-02   0.1172958E-03
 49.00    30.00   50  0.7500001E+00   0.3070887E-01   0.2500000E-03
 46.00    31.00   50  0.2077013E-01   0.1528185E-02   0.4484458E-03
 47.00    31.00   50  0.9676742E+00   0.1816658E-02   0.6721914E-04
 48.00    31.00   50  0.8704707E+00   0.1326487E-02   0.1616974E-03
 49.00    31.00   50  0.8064831E+00   0.6458681E-02   0.2108008E-03
 50.00    31.00   50  0.7500002E+00   0.7530587E+00   0.2500000E-03
 46.00    32.00   50  0.1306373E+00   0.3926094E-01   0.3373969E-03
 47.00    32.00   50  0.9569044E+00   0.1946935E-02   0.8016953E-04
 48.00    32.00   50  0.8858433E+00   0.7082650E-03   0.1488775E-03
 49.00    32.00   50  0.8536878E+00   0.2356173E-02   0.1751793E-03
 50.00    32.00   50  0.7500000E+00   0.3730130E+00   0.2500000E-03
 46.00    33.00   50  0.4625480E+00   0.8709443E-01   0.1247939E-03
 47.00    33.00   50  0.9498799E+00   0.2585226E-02  -0.3792671E-04
 48.00    33.00   50  0.9581752E+00   0.6081958E-03   0.7870176E-04
 49.00    33.00   50  0.8933996E+00   0.7446574E-03   0.1423867E-03
 50.00    33.00   50  0.8559424E+00   0.5783957E-02   0.1733966E-03
 46.00    34.00   50  0.3660944E+00   0.5637033E-01   0.1778877E-03
 47.00    34.00   50  0.7986065E+00   0.3420593E-02  -0.1507386E-04
 48.00    34.00   50  0.9989197E+00   0.6921437E-03  -0.8942501E-05
 49.00    34.00   50  0.9674041E+00   0.4045639E-03   0.6756006E-04
 50.00    34.00   50  0.9244053E+00   0.1546267E-02   0.1141081E-03
 51.00    34.00   50  0.7500000E+00   0.3674075E+00   0.2500000E-03
 46.00    35.00   50  0.2800080E-02   0.2783326E-02   0.4833459E-03
 47.00    35.00   50  0.4039715E+00   0.4248464E-02   0.1563637E-03
 48.00    35.00   50  0.8002243E+00   0.1217520E-02  -0.1553359E-04
 49.00    35.00   50  0.9706913E+00   0.4224701E-03  -0.3403664E-04
 50.00    35.00   50  0.9979193E+00   0.1064554E-02   0.1419490E-04
 51.00    35.00   50  0.7334769E+00   0.7010242E-01   0.2447298E-03
 47.00    36.00   50  0.4548471E-01   0.1198829E-02   0.4171079E-03
 48.00    36.00   50  0.8518773E-01   0.5830743E-03   0.3768193E-03
 49.00    36.00   50  0.4047551E+00   0.3515340E-03   0.1559278E-03
 50.00    36.00   50  0.8036073E+00   0.9560885E-03  -0.1648534E-04
 47.00    37.00   50  0.7316753E-02   0.8513386E-03   0.4717394E-03
 48.00    37.00   50  0.8372098E-02   0.2084061E-03   0.4695112E-03
 49.00    37.00   50  0.2031636E+00   0.2682084E-03   0.2822688E-03
 50.00    37.00   50  0.6426439E+00   0.7006178E-03   0.4033884E-04
 47.00    38.00   50  0.8514236E-02   0.1198436E-01   0.4692197E-03
 48.00    38.00   50  0.2508696E-03   0.5974161E-04   0.4953029E-03
 49.00    38.00   50  0.1867894E+00   0.2345135E-03   0.2940964E-03
 50.00    38.00   50  0.6028090E+00   0.5578313E-03   0.5723245E-04
 54.00    38.00   50  0.4452097E-01   0.5705541E-03   0.3784270E-03
 55.00    38.00   50  0.7500000E+00   0.2711978E+00   0.2500000E-03
 48.00    39.00   50  0.1605996E-01   0.1157270E-02   0.4556818E-03
 49.00    39.00   50  0.2053576E+00   0.2854869E-03   0.2807072E-03
 50.00    39.00   50  0.4485988E+00   0.5316242E-03   0.1142493E-03
 54.00    39.00   50  0.6092706E+00   0.4413830E-03   0.2070655E-03
 55.00    39.00   50  0.7569616E+00   0.1304216E-01   0.2453372E-03
 48.00    40.00   50  0.1826191E-01   0.1528346E-02   0.4522163E-03
 49.00    40.00   50  0.3137850E+00   0.4185463E-03   0.2091536E-03
 50.00    40.00   50  0.3475780E+00   0.4273885E-03   0.1728638E-03
 54.00    40.00   50  0.4108775E+00   0.1117189E-03   0.2086045E-03
 55.00    40.00   50  0.8003602E+00   0.1294854E-02   0.2104456E-03
 48.00    41.00   50  0.6643771E-01   0.3719552E-02   0.3948879E-03
 49.00    41.00   50  0.3428017E+00   0.4588242E-03   0.1915807E-03
 50.00    41.00   50  0.2859271E+00   0.4040224E-03   0.2265226E-03
 55.00    41.00   50  0.7020258E+00   0.1903940E-03   0.2212450E-03
 56.00    41.00   50  0.7500000E+00   0.2227190E-01   0.2500000E-03
 48.00    42.00   50  0.5078233E-01   0.4187200E-02   0.4112294E-03
 49.00    42.00   50  0.1668249E+00   0.2785380E-03   0.3089638E-03
 50.00    42.00   50  0.2067629E+00   0.2736451E-03   0.2797098E-03
 51.00    42.00   50  0.6076006E+00   0.1496327E-02  -0.2716313E-04
 55.00    42.00   50  0.5196820E+00   0.5641281E-04   0.2061134E-03
 56.00    42.00   50  0.7695608E+00   0.1297588E-02   0.2367472E-03
 48.00    43.00   50  0.1672196E-02   0.1165120E-02   0.4873692E-03
 49.00    43.00   50  0.1606735E+00   0.2813127E-03   0.3136532E-03
 50.00    43.00   50  0.3357844E+00   0.2398818E-03   0.1957769E-03
 51.00    43.00   50  0.4533942E+00   0.4366584E-03   0.1295937E-03
 52.00    43.00   50  0.5864293E+00   0.1256589E-02  -0.2093730E-06
 55.00    43.00   50  0.3413874E+00   0.2706151E-04   0.2238138E-03
 56.00    43.00   50  0.7539712E+00   0.2400104E-03   0.2403801E-03
 57.00    43.00   50  0.7500000E+00   0.6327720E+02   0.2500000E-03
 48.00    44.00   50  0.9999942E+00   0.1464634E+00   0.7014023E-06
 49.00    44.00   50  0.7991147E-01   0.4351548E-03   0.3817683E-03
 50.00    44.00   50  0.1784430E+00   0.1503899E-03   0.3002490E-03
 51.00    44.00   50  0.2765872E+00   0.1771218E-03   0.2325790E-03
 52.00    44.00   50  0.3177529E+00   0.2311466E-03   0.2067156E-03
 53.00    44.00   50  0.6702621E+00   0.7689622E-03   0.1430299E-04
 54.00    44.00   50  0.2292124E+00   0.8453690E-04   0.2502725E-03
 55.00    44.00   50  0.4514116E+00   0.2716279E-04   0.2091161E-03
 56.00    44.00   50  0.7318612E+00   0.1110193E-03   0.2326491E-03
 57.00    44.00   50  0.7500000E+00   0.2537755E+00   0.2500000E-03
 48.00    45.00   50  0.8707669E+00   0.5902913E+00   0.1614548E-03
 49.00    45.00   50  0.2169110E+00   0.1144425E-01   0.2725695E-03
 50.00    45.00   50  0.5106473E-01   0.2078493E-03   0.4109217E-03
 51.00    45.00   50  0.1394871E+00   0.1087479E-03   0.3302438E-03
 52.00    45.00   50  0.1953069E+00   0.9686553E-04   0.2879051E-03
 53.00    45.00   50  0.4633991E+00   0.2593206E-03   0.1243501E-03
 54.00    45.00   50  0.7955655E+00   0.1120089E-03   0.1905387E-03
 55.00    45.00   50  0.6712020E+00   0.2778696E-04   0.2190405E-03
 56.00    45.00   50  0.7393321E+00   0.6997070E-04   0.2260098E-03
 57.00    45.00   50  0.7780098E+00   0.1268181E-01   0.2309641E-03
 49.00    46.00   50  0.4719903E-01   0.1582410E+00   0.4151828E-03
 50.00    46.00   50  0.7428776E-02   0.5435307E-03   0.4714972E-03
 51.00    46.00   50  0.2037591E-01   0.7600483E-04   0.4490273E-03
 52.00    46.00   50  0.2925710E-01   0.3338137E-04   0.4367221E-03
 53.00    46.00   50  0.2172113E+00   0.1154884E-03   0.2723598E-03
 54.00    46.00   50  0.8602244E+00   0.9574151E-04   0.1672728E-03
 55.00    46.00   50  0.7583699E+00   0.2780922E-04   0.2341634E-03
 56.00    46.00   50  0.7692151E+00   0.5533342E-04   0.2295108E-03
 57.00    46.00   50  0.7819594E+00   0.2715563E-02   0.2282186E-03
 50.00    47.00   50  0.9724811E-06   0.9030675E-04   0.4997149E-03
 51.00    47.00   50  0.6566518E-01   0.6027934E-03   0.3956638E-03
 52.00    47.00   50  0.6115499E-01   0.9253211E-04   0.4002518E-03
 53.00    47.00   50  0.1568300E+00   0.1017370E-03   0.3166111E-03
 54.00    47.00   50  0.8936953E+00   0.9414116E-04   0.1421288E-03
 55.00    47.00   50  0.7720499E+00   0.2924383E-04   0.2345012E-03
 56.00    47.00   50  0.7894865E+00   0.5374620E-04   0.2225684E-03
 57.00    47.00   50  0.8589609E+00   0.1603288E-02   0.1709964E-03
 51.00    48.00   50  0.1824303E-01   0.2036217E-02   0.4522454E-03
 52.00    48.00   50  0.2334052E-01   0.1544125E-03   0.4447449E-03
 53.00    48.00   50  0.5564763E-01   0.7308956E-04   0.4060003E-03
 54.00    48.00   50  0.9125461E+00   0.1151032E-03   0.1252772E-03
 55.00    48.00   50  0.7826423E+00   0.3219340E-04   0.2276821E-03
 56.00    48.00   50  0.8079056E+00   0.6626919E-04   0.2097494E-03
 57.00    48.00   50  0.8360161E+00   0.1407830E-02   0.1888771E-03
 51.00    49.00   50  0.1138601E-03   0.8051174E-03   0.4968630E-03
 52.00    49.00   50  0.5570262E-01   0.8906899E-03   0.4059421E-03
 53.00    49.00   50  0.4314612E-01   0.1214928E-03   0.4197722E-03
 54.00    49.00   50  0.9230330E+00   0.1726786E-03   0.1154268E-03
 55.00    49.00   50  0.7912025E+00   0.3958828E-04   0.2217305E-03
 56.00    49.00   50  0.8311273E+00   0.9027155E-04   0.1925853E-03
 57.00    49.00   50  0.8580751E+00   0.2392707E-02   0.1717024E-03
 51.00    50.00   50  0.4014917E-04   0.2374857E-03   0.4981508E-03
 52.00    50.00   50  0.1376481E+00   0.2497081E-02   0.3317186E-03
 53.00    50.00   50  0.1014648E+00   0.4794298E-03   0.3621041E-03
 54.00    50.00   50  0.9450325E+00   0.2967072E-03   0.9327757E-04
 55.00    50.00   50  0.8264878E+00   0.6223864E-04   0.1960742E-03
 56.00    50.00   50  0.8705677E+00   0.1471676E-03   0.1616179E-03
 57.00    50.00   50  0.9771686E+00   0.8049668E-02   0.5453423E-04
 52.00    51.00   50  0.2153045E-02   0.1322574E-02   0.4855431E-03
 53.00    51.00   50  0.8279173E-01   0.2161431E-02   0.3790547E-03
 54.00    51.00   50  0.9998410E+00   0.6248917E-03   0.3718538E-05
 55.00    51.00   50  0.9226243E+00   0.1414007E-03   0.1158179E-03
 56.00    51.00   50  0.9245575E+00   0.3673426E-03   0.1139615E-03
 57.00    51.00   50  0.9763277E+00   0.4565665E-01   0.5572243E-04
 53.00    52.00   50  0.3797977E-01   0.3328598E-01   0.4258307E-03
 54.00    52.00   50  0.9747615E+00   0.2767447E-02  -0.3265904E-04
 55.00    52.00   50  0.9934373E+00   0.5726247E-03   0.2659022E-04
 56.00    52.00   50  0.9369531E+00   0.1483159E-02   0.1016851E-03
 57.00    52.00   50  0.7982594E+00   0.1427314E+00   0.2167155E-03
 54.00    53.00   50  0.9952792E+00   0.4803835E-01  -0.1742714E-04
 55.00    53.00   50  0.9813553E+00   0.4340224E-02  -0.2972572E-04
 56.00    53.00   50  0.9924003E+00   0.8110848E-02   0.2886943E-04
 57.00    53.00   50  0.7499999E+00   0.7032619E-01   0.2500000E-03
 55.00    54.00   50  0.9593546E+00   0.6856946E+00   0.7732661E-04
 56.00    54.00   50  0.7789665E+00   0.8805767E-01   0.2303005E-03
 57.00    54.00   50  0.7499999E+00   0.1278491E+00   0.2500000E-03
 47.00    29.00   51  0.1692318E-03   0.8196518E-04   0.4961604E-03
 48.00    29.00   51  0.2752402E-02   0.4331250E-02   0.4834998E-03
 46.00    30.00   51  0.3624431E-04   0.2106885E-04   0.4982440E-03
 47.00    30.00   51  0.9697320E-01   0.8606169E-03   0.3660883E-03
 48.00    30.00   51  0.4055437E+00   0.9265785E-02   0.1554895E-03
 49.00    30.00   51  0.7500000E+00   0.1697867E+01   0.2500000E-03
 46.00    31.00   51  0.2493639E-03   0.7738901E-04   0.4953174E-03
 47.00    31.00   51  0.6056752E+00   0.3653162E-02   0.5608538E-04
 48.00    31.00   51  0.9250896E+00   0.5675860E-02   0.1134479E-03
 49.00    31.00   51  0.7500001E+00   0.6944959E-02   0.2500000E-03
 50.00    31.00   51  0.7500001E+00   0.2021782E+02   0.2500000E-03
 46.00    32.00   51  0.4317639E-04   0.8669070E-04   0.4980816E-03
 47.00    32.00   51  0.8737012E+00   0.4830049E-02  -0.3274443E-04
 48.00    32.00   51  0.8996068E+00   0.1650431E-02   0.1369504E-03
 49.00    32.00   51  0.7499999E+00   0.2562908E-02   0.2500000E-03
 50.00    32.00   51  0.7500000E+00   0.9188182E+01   0.2500000E-03
 47.00    33.00   51  0.9936470E+00   0.5972190E-02   0.2611219E-04
 48.00    33.00   51  0.8666906E+00   0.9183069E-03   0.1647778E-03
 49.00    33.00   51  0.8048497E+00   0.1248660E-02   0.2119818E-03
 50.00    33.00   51  0.9718806E+00   0.5819648E-01   0.6178176E-04
 47.00    34.00   51  0.9518975E+00   0.8926649E-02  -0.3772025E-04
 48.00    34.00   51  0.9657406E+00   0.8920394E-03   0.6963831E-04
 49.00    34.00   51  0.9422603E+00   0.8135819E-03   0.9620350E-04
 50.00    34.00   51  0.8264493E+00   0.1590401E-02   0.1961032E-03
 51.00    34.00   51  0.7500000E+00   0.1408103E+01   0.2500000E-03
 47.00    35.00   51  0.4403841E+00   0.1181898E-01   0.1365000E-03
 48.00    35.00   51  0.9784828E+00   0.1016757E-02   0.5264554E-04
 49.00    35.00   51  0.9388090E+00   0.3358099E-03   0.9978557E-04
 50.00    35.00   51  0.9024869E+00   0.6372546E-03   0.1343935E-03
 51.00    35.00   51  0.7508452E+00   0.1051796E+00   0.2494362E-03
 47.00    36.00   51  0.9065605E+00   0.2102967E-01   0.1307379E-03
 48.00    36.00   51  0.9670303E+00   0.2040487E-02  -0.3506022E-04
 49.00    36.00   51  0.9665262E+00   0.4713962E-03  -0.3518705E-04
 50.00    36.00   51  0.9994403E+00   0.5621202E-03  -0.6548129E-05
 51.00    36.00   51  0.8861284E+00   0.2674887E-01   0.1486351E-03
 47.00    37.00   51  0.6112990E-01   0.3074184E-02   0.4002776E-03
 48.00    37.00   51  0.2887661E+00   0.1703795E-02   0.2247926E-03
 49.00    37.00   51  0.1727783E+00   0.3398433E-03   0.3044756E-03
 50.00    37.00   51  0.5138992E+00   0.4143403E-03   0.9876868E-04
 51.00    37.00   51  0.8409904E+00   0.8315746E-02  -0.2605940E-04
 47.00    38.00   51  0.3180366E-01   0.3714755E-02   0.4334423E-03
 48.00    38.00   51  0.3025487E-01   0.4413009E-03   0.4354261E-03
 49.00    38.00   51  0.4796145E-01   0.1934259E-03   0.4143338E-03
 50.00    38.00   51  0.3311111E+00   0.2859773E-03   0.1985902E-03
 51.00    38.00   51  0.3266341E+00   0.1938395E-02   0.1997619E-03
 49.00    39.00   51  0.4443221E-01   0.2312968E-03   0.4183014E-03
 50.00    39.00   51  0.3402934E+00   0.2506853E-03   0.1930768E-03
 55.00    39.00   51  0.5880400E-02   0.9982347E-03   0.4558570E-03
 49.00    40.00   51  0.7376651E-01   0.3675310E-03   0.3876598E-03
 50.00    40.00   51  0.2534544E+00   0.2296954E-03   0.2477024E-03
 55.00    40.00   51  0.7439644E+00   0.1348896E-02   0.2480202E-03
 56.00    40.00   51  0.7500001E+00   0.3663648E+03   0.2500000E-03
 49.00    41.00   51  0.4465209E+00   0.1286449E-02   0.1332300E-03
 50.00    41.00   51  0.4992801E+00   0.4066885E-03   0.1060225E-03
 55.00    41.00   51  0.6199605E+00   0.1437295E-03   0.2180203E-03
 56.00    41.00   51  0.7507229E+00   0.1270190E-01   0.2495179E-03
 49.00    42.00   51  0.2759942E+00   0.1187313E-02   0.2329612E-03
 50.00    42.00   51  0.6007267E+00   0.5401557E-03   0.5825827E-04
 51.00    42.00   51  0.3815670E+00   0.6556648E-03   0.1485771E-03
 55.00    42.00   51  0.1978532E+00   0.4145620E-04   0.2631503E-03
 56.00    42.00   51  0.7657410E+00   0.5845304E-03   0.2310515E-03
 49.00    43.00   51  0.6996991E-01   0.5288912E-03   0.3913751E-03
 50.00    43.00   51  0.2064337E+00   0.2202355E-03   0.2799433E-03
 51.00    43.00   51  0.3193719E+00   0.3587364E-03   0.2057241E-03
 52.00    43.00   51  0.7392145E+00   0.3160189E-02  -0.2546082E-03
 55.00    43.00   51  0.3799094E-05   0.1188661E-06   0.4988699E-03
 56.00    43.00   51  0.6926323E+00   0.1262332E-03   0.2260182E-03
 57.00    43.00   51  0.7499999E+00   0.3895149E-01   0.2500000E-03
 49.00    44.00   51  0.5734884E-01   0.1104434E-02   0.4042063E-03
 50.00    44.00   51  0.3831367E+00   0.3321938E-03   0.1680919E-03
 51.00    44.00   51  0.2222214E+00   0.1998086E-03   0.2688758E-03
 52.00    44.00   51  0.2312643E+00   0.3627896E-03   0.2626506E-03
 53.00    44.00   51  0.2053260E+00   0.7772653E-03   0.2482927E-03
 55.00    44.00   51  0.3343846E-03   0.1236584E-05   0.4894218E-03
 56.00    44.00   51  0.5847737E+00   0.5607423E-04   0.2093421E-03
 57.00    44.00   51  0.7648571E+00   0.4432721E-02   0.2399951E-03
 49.00    45.00   51  0.8509557E+00   0.2207037E-01   0.1773286E-03
 50.00    45.00   51  0.1793162E+00   0.6092920E-03   0.2996013E-03
 51.00    45.00   51  0.1507712E+00   0.1587692E-03   0.3213191E-03
 52.00    45.00   51  0.2996776E+00   0.2205112E-03   0.2179143E-03
 53.00    45.00   51  0.3035236E+00   0.2728791E-03   0.2155113E-03
 54.00    45.00   51  0.9997870E+00   0.7619921E-03  -0.2161978E-04
 55.00    45.00   51  0.5003387E+00   0.5948658E-04   0.2046470E-03
 56.00    45.00   51  0.6281515E+00   0.4211487E-04   0.2098287E-03
 57.00    45.00   51  0.7836722E+00   0.9499448E-03   0.2221976E-03
 50.00    46.00   51  0.1040865E-01   0.2931254E-02   0.4654979E-03
 51.00    46.00   51  0.5122384E-01   0.2220270E-03   0.4107485E-03
 52.00    46.00   51  0.1438351E+00   0.1128732E-03   0.3267799E-03
 53.00    46.00   51  0.1142777E+00   0.8067329E-04   0.3510197E-03
 54.00    46.00   51  0.7584813E+00   0.3912184E-03  -0.2794783E-05
 55.00    46.00   51  0.7550398E+00   0.6703194E-04   0.2156688E-03
 56.00    46.00   51  0.7232282E+00   0.3686704E-04   0.2253882E-03
 57.00    46.00   51  0.7794929E+00   0.3287226E-03   0.2238272E-03
 50.00    47.00   51  0.3536993E-02   0.4943943E-01   0.4810937E-03
 51.00    47.00   51  0.5529689E-01   0.1075246E-02   0.4063723E-03
 52.00    47.00   51  0.5487758E-01   0.1298573E-03   0.4068180E-03
 53.00    47.00   51  0.4097411E-01   0.4561400E-04   0.4222888E-03
 54.00    47.00   51  0.5183744E+00   0.2142169E-03   0.9657277E-04
 55.00    47.00   51  0.8086901E+00   0.6566288E-04   0.2058179E-03
 56.00    47.00   51  0.7630227E+00   0.3256918E-04   0.2349407E-03
 57.00    47.00   51  0.7867062E+00   0.1839469E-03   0.2238333E-03
 58.00    47.00   51  0.6811038E+00   0.4948761E+00   0.2491134E-04
 51.00    48.00   51  0.9981741E+00   0.5075144E-01   0.1323642E-04
 52.00    48.00   51  0.5294348E-01   0.3629530E-03   0.4088879E-03
 53.00    48.00   51  0.2908375E-01   0.4928010E-04   0.4369488E-03
 54.00    48.00   51  0.3221694E+00   0.1544552E-03   0.2040153E-03
 55.00    48.00   51  0.8232983E+00   0.6816237E-04   0.1983838E-03
 56.00    48.00   51  0.7730306E+00   0.3678046E-04   0.2340617E-03
 57.00    48.00   51  0.7941847E+00   0.1573204E-03   0.2195881E-03
 58.00    48.00   51  0.8486853E+00   0.5055221E-01   0.1791057E-03
 52.00    49.00   51  0.1941183E-01   0.1192600E-02   0.4504664E-03
 53.00    49.00   51  0.2454839E-01   0.1035192E-03   0.4430550E-03
 54.00    49.00   51  0.2689447E+00   0.2070257E-03   0.2375259E-03
 55.00    49.00   51  0.8117059E+00   0.7194194E-04   0.2070038E-03
 56.00    49.00   51  0.7840961E+00   0.4280833E-04   0.2267267E-03
 57.00    49.00   51  0.7902613E+00   0.1857530E-03   0.2223953E-03
 58.00    49.00   51  0.8577115E+00   0.1981683E-01   0.1719917E-03
 52.00    50.00   51  0.1162726E+00   0.2411528E-01   0.3493285E-03
 53.00    50.00   51  0.7374103E-01   0.4749777E-03   0.3876845E-03
 54.00    50.00   51  0.1912415E+00   0.2629255E-03   0.2908495E-03
 55.00    50.00   51  0.8310427E+00   0.9467533E-04   0.1926494E-03
 56.00    50.00   51  0.8009029E+00   0.5344323E-04   0.2148228E-03
 57.00    50.00   51  0.8348792E+00   0.2796946E-03   0.1897425E-03
 58.00    50.00   51  0.9789010E+00   0.3330616E-01   0.5203654E-04
 52.00    51.00   51  0.2119849E-02   0.9595947E-03   0.4856631E-03
 53.00    51.00   51  0.4684201E-01   0.6836628E-03   0.4155819E-03
 54.00    51.00   51  0.7539967E+00   0.1073211E-02  -0.1325039E-05
 55.00    51.00   51  0.8724135E+00   0.1438316E-03   0.1601037E-03
 56.00    51.00   51  0.8421814E+00   0.8117012E-04   0.1841519E-03
 57.00    51.00   51  0.8962072E+00   0.5612524E-03   0.1399398E-03
 58.00    51.00   51  0.8115051E+00   0.8237810E-01   0.2071503E-03
 53.00    52.00   51  0.5030376E-03   0.2659184E-03   0.4932756E-03
 54.00    52.00   51  0.9753283E+00   0.2116145E-02  -0.3244425E-04
 55.00    52.00   51  0.9493161E+00   0.2334104E-03   0.8866325E-04
 56.00    52.00   51  0.8948088E+00   0.1603769E-03   0.1411610E-03
 57.00    52.00   51  0.9486378E+00   0.1691409E-02   0.8940182E-04
 58.00    52.00   51  0.7500001E+00   0.1440111E+01   0.2500000E-03
 54.00    53.00   51  0.9112140E+00   0.8035872E-02  -0.3771618E-04
 55.00    53.00   51  0.9887981E+00   0.7596771E-03   0.3598290E-04
 56.00    53.00   51  0.9209191E+00   0.5646090E-03   0.1174439E-03
 57.00    53.00   51  0.8304162E+00   0.4900020E-02   0.1931221E-03
 58.00    53.00   51  0.7499999E+00   0.3143117E+01   0.2500000E-03
 54.00    54.00   51  0.2438558E+00   0.1175714E+00   0.2541130E-03
 55.00    54.00   51  0.9810666E+00   0.7908824E-02  -0.2987671E-04
 56.00    54.00   51  0.9411801E+00   0.3358154E-02   0.9733156E-04
 57.00    54.00   51  0.7583708E+00   0.8288232E-02   0.2443881E-03
 58.00    54.00   51  0.7499999E+00   0.1032011E+02   0.2500000E-03
 55.00    55.00   51  0.6328741E-01   0.2353776E-01   0.3980699E-03
 56.00    55.00   51  0.9932198E+00   0.3753579E-01  -0.2029940E-04
 57.00    55.00   51  0.7834227E+00   0.1648437E+00   0.2271974E-03
 47.00    30.00   52  0.5014327E-03   0.1046423E-03   0.4932867E-03
 48.00    30.00   52  0.1255314E-01   0.3779533E-02   0.4615837E-03
 47.00    31.00   52  0.2799661E-01   0.4880447E-03   0.4383810E-03
 48.00    31.00   52  0.2027888E+00   0.3420961E-02   0.2825361E-03
 47.00    32.00   52  0.6402262E-01   0.8994391E-03   0.3973230E-03
 48.00    32.00   52  0.6587693E+00   0.7118695E-02   0.3374790E-04
 49.00    32.00   52  0.8215264E+00   0.2364002E-01   0.1997737E-03
 50.00    32.00   52  0.7499999E+00   0.2864050E+00   0.2500000E-03
 47.00    33.00   52  0.7423006E-01   0.1383962E-02   0.3872103E-03
 48.00    33.00   52  0.9972950E+00   0.2722257E-02   0.1634646E-04
 49.00    33.00   52  0.7812809E+00   0.2080077E-02   0.2286914E-03
 50.00    33.00   52  0.7523341E+00   0.4425628E-01   0.2484414E-03
 47.00    34.00   52  0.3780231E+00   0.9663980E-02   0.1710118E-03
 48.00    34.00   52  0.8794884E+00   0.1051077E-02   0.1542367E-03
 49.00    34.00   52  0.8297749E+00   0.1012378E-02   0.1936054E-03
 50.00    34.00   52  0.9334368E+00   0.7483762E-02   0.1052379E-03
 51.00    34.00   52  0.7500001E+00   0.6103775E+00   0.2500000E-03
 47.00    35.00   52  0.5911628E+00   0.5202249E-01   0.6250036E-04
 48.00    35.00   52  0.9645662E+00   0.1190966E-02   0.7108544E-04
 49.00    35.00   52  0.9471597E+00   0.6769523E-03   0.9100087E-04
 50.00    35.00   52  0.8678256E+00   0.8700399E-03   0.1638558E-03
 51.00    35.00   52  0.7509372E+00   0.1338425E-01   0.2493749E-03
 47.00    36.00   52  0.8852189E+00   0.1380134E+00  -0.3462686E-04
 48.00    36.00   52  0.9999743E+00   0.2199008E-02  -0.1454144E-05
 49.00    36.00   52  0.9529500E+00   0.4183886E-03   0.8465076E-04
 50.00    36.00   52  0.9475445E+00   0.3930279E-03   0.9058620E-04
 51.00    36.00   52  0.9042702E+00   0.6076490E-02   0.1327989E-03
 47.00    37.00   52  0.9282303E+00   0.4606156E-01   0.1103936E-03
 48.00    37.00   52  0.9735530E+00   0.4507215E-02  -0.3309746E-04
 49.00    37.00   52  0.8516243E+00   0.8134539E-03  -0.2842804E-04
 50.00    37.00   52  0.9930621E+00   0.4714421E-03  -0.2049265E-04
 51.00    37.00   52  0.9968644E+00   0.3321184E-02  -0.1457136E-04
 47.00    38.00   52  0.7269386E+00   0.9026521E-01   0.7916708E-05
 48.00    38.00   52  0.2573660E+00   0.3209108E-02   0.2451132E-03
 49.00    38.00   52  0.1346816E+00   0.7265186E-03   0.3341104E-03
 50.00    38.00   52  0.6114846E+00   0.5019217E-03   0.5355373E-04
 51.00    38.00   52  0.8005615E+00   0.1476386E-02  -0.1562905E-04
 47.00    39.00   52  0.1136767E-04   0.3536610E-03   0.4990210E-03
 48.00    39.00   52  0.2553090E-01   0.1736596E-02   0.4417016E-03
 49.00    39.00   52  0.1090918E-01   0.2882820E-03   0.4645591E-03
 50.00    39.00   52  0.2577231E+00   0.4204609E-03   0.2448775E-03
 51.00    39.00   52  0.7323360E+00   0.9768152E-03   0.6023503E-05
 49.00    40.00   52  0.9994397E-04   0.5196359E-04   0.4970643E-03
 50.00    40.00   52  0.2085204E+00   0.3813450E-03   0.2784653E-03
 51.00    40.00   52  0.6506388E+00   0.6687841E-03   0.2980608E-04
 49.00    41.00   52  0.6426741E-02   0.6414407E-03   0.4737189E-03
 50.00    41.00   52  0.3950862E+00   0.4430717E-03   0.1613325E-03
 51.00    41.00   52  0.2859322E+00   0.3141222E-03   0.2132198E-03
 55.00    41.00   52  0.6166561E+00   0.2140984E-03   0.2189527E-03
 56.00    41.00   52  0.7501960E+00   0.5214428E-02   0.2498694E-03
 49.00    42.00   52  0.1555394E+00   0.8099800E-02   0.3176092E-03
 50.00    42.00   52  0.5961373E+00   0.7236603E-03   0.6028695E-04
 51.00    42.00   52  0.4641021E+00   0.4962558E-03   0.1224259E-03
 55.00    42.00   52  0.3774313E-01   0.2096797E-04   0.3880441E-03
 56.00    42.00   52  0.7301921E+00   0.3986003E-03   0.2250983E-03
 57.00    42.00   52  0.7500001E+00   0.2059372E+00   0.2500000E-03
 49.00    43.00   52  0.3409507E+00   0.2409548E-01   0.1926843E-03
 50.00    43.00   52  0.2185678E+00   0.3952454E-03   0.2714140E-03
 51.00    43.00   52  0.3293509E+00   0.3343974E-03   0.1996538E-03
 52.00    43.00   52  0.5120389E+00   0.1397550E-02  -0.6789045E-04
 56.00    43.00   52  0.5561562E+00   0.1096343E-03   0.2019124E-03
 57.00    43.00   52  0.7500000E+00   0.7608811E-02   0.2500000E-03
 49.00    44.00   52  0.3631027E-01   0.2822859E-01   0.4278450E-03
 50.00    44.00   52  0.1518735E+00   0.4161425E-03   0.3204583E-03
 51.00    44.00   52  0.2741179E+00   0.2373778E-03   0.2341721E-03
 52.00    44.00   52  0.2265466E+00   0.3541017E-03   0.2658882E-03
 53.00    44.00   52  0.1691923E+00   0.1085042E-02   0.2528566E-03
 56.00    44.00   52  0.3325780E+00   0.4169728E-04   0.2269480E-03
 57.00    44.00   52  0.7508339E+00   0.7001451E-03   0.2391892E-03
 49.00    45.00   52  0.7969021E+00   0.8318389E-01   0.2176844E-03
 50.00    45.00   52  0.7423368E+00   0.4234936E-02   0.2580287E-05
 51.00    45.00   52  0.3153066E+00   0.3032696E-03   0.2082172E-03
 52.00    45.00   52  0.2792510E+00   0.2973667E-03   0.2308658E-03
 53.00    45.00   52  0.2677880E+00   0.4817507E-03   0.2382788E-03
 54.00    45.00   52  0.5836107E+00   0.2276137E-02  -0.7118681E-05
 56.00    45.00   52  0.2204908E+00   0.3534559E-04   0.2564302E-03
 57.00    45.00   52  0.7305351E+00   0.2539901E-03   0.2211903E-03
 58.00    45.00   52  0.7500001E+00   0.7779222E+01   0.2500000E-03
 49.00    46.00   52  0.7500000E+00   0.2803280E+04   0.2500000E-03
 50.00    46.00   52  0.7248544E+00   0.1953641E+00   0.8654082E-05
 51.00    46.00   52  0.5442463E-01   0.5633002E-03   0.4073007E-03
 52.00    46.00   52  0.1623244E+00   0.2332518E-03   0.3123894E-03
 53.00    46.00   52  0.3133274E+00   0.2531695E-03   0.2094355E-03
 54.00    46.00   52  0.3033675E+00   0.4047138E-03   0.2156087E-03
 55.00    46.00   52  0.8616511E+00   0.4296333E-03   0.8346862E-04
 56.00    46.00   52  0.5606993E+00   0.5606367E-04   0.2033048E-03
 57.00    46.00   52  0.6922159E+00   0.1308679E-03   0.2170285E-03
 58.00    46.00   52  0.7538580E+00   0.5114751E-01   0.2474214E-03
 51.00    47.00   52  0.9677729E-03   0.6004774E-03   0.4905401E-03
 52.00    47.00   52  0.5576636E-01   0.2185318E-03   0.4058746E-03
 53.00    47.00   52  0.1197826E+00   0.1091368E-03   0.3463739E-03
 54.00    47.00   52  0.9561119E-01   0.1078410E-03   0.3673074E-03
 55.00    47.00   52  0.9997876E+00   0.4041317E-03  -0.5399575E-05
 56.00    47.00   52  0.7279095E+00   0.6006931E-04   0.2291544E-03
 57.00    47.00   52  0.7310266E+00   0.7465856E-04   0.2307815E-03
 58.00    47.00   52  0.7739326E+00   0.3980223E-02   0.2331849E-03
 52.00    48.00   52  0.3944910E-01   0.7479470E-03   0.4240817E-03
 53.00    48.00   52  0.2205932E-01   0.6856076E-04   0.4465708E-03
 54.00    48.00   52  0.3378269E-01   0.5319749E-04   0.4309539E-03
 55.00    48.00   52  0.8991309E+00   0.3814928E-03  -0.3654644E-04
 56.00    48.00   52  0.7769457E+00   0.6522264E-04   0.2267642E-03
 57.00    48.00   52  0.7675085E+00   0.6016735E-04   0.2315094E-03
 58.00    48.00   52  0.7916279E+00   0.1203626E-02   0.2209532E-03
 52.00    49.00   52  0.3601126E-01   0.4900950E-02   0.4282090E-03
 53.00    49.00   52  0.3144122E-01   0.1897200E-03   0.4339036E-03
 54.00    49.00   52  0.2289071E-01   0.5195455E-04   0.4453818E-03
 55.00    49.00   52  0.8594961E+00   0.3692363E-03  -0.3006519E-04
 56.00    49.00   52  0.7844779E+00   0.6878751E-04   0.2261065E-03
 57.00    49.00   52  0.7775552E+00   0.5974234E-04   0.2305230E-03
 58.00    49.00   52  0.8288789E+00   0.7605274E-03   0.1942798E-03
 52.00    50.00   52  0.2236046E-06   0.1618259E-03   0.4998634E-03
 53.00    50.00   52  0.1130567E-01   0.6326266E-03   0.4638269E-03
 54.00    50.00   52  0.2802481E-01   0.1294558E-03   0.4383436E-03
 55.00    50.00   52  0.9202114E+00   0.4969016E-03  -0.3832678E-04
 56.00    50.00   52  0.7853813E+00   0.7125198E-04   0.2258264E-03
 57.00    50.00   52  0.7898928E+00   0.6924836E-04   0.2226543E-03
 58.00    50.00   52  0.8317762E+00   0.6691125E-03   0.1920951E-03
 59.00    50.00   52  0.7500000E+00   0.4887137E+00   0.2500000E-03
 53.00    51.00   52  0.1090438E+00   0.8219367E-02   0.3554998E-03
 54.00    51.00   52  0.2191768E-01   0.2011692E-03   0.4467749E-03
 55.00    51.00   52  0.9330086E+00   0.7139496E-03  -0.3867515E-04
 56.00    51.00   52  0.7971230E+00   0.8404938E-04   0.2175269E-03
 57.00    51.00   52  0.8147228E+00   0.8926273E-04   0.2047953E-03
 58.00    51.00   52  0.8479132E+00   0.8877222E-03   0.1797081E-03
 59.00    51.00   52  0.7499999E+00   0.2706101E+00   0.2500000E-03
 53.00    52.00   52  0.3045756E-01   0.2540086E-02   0.4351645E-03
 54.00    52.00   52  0.4603066E-01   0.5837894E-03   0.4164924E-03
 55.00    52.00   52  0.9916666E+00   0.8098888E-03  -0.2207566E-04
 56.00    52.00   52  0.8122590E+00   0.1035051E-03   0.2065996E-03
 57.00    52.00   52  0.8412890E+00   0.1278968E-03   0.1848393E-03
 58.00    52.00   52  0.9258766E+00   0.2068200E-02   0.1126865E-03
 53.00    53.00   52  0.1714322E-05   0.1786400E-04   0.4996212E-03
 54.00    53.00   52  0.9078398E-01   0.3073719E-02   0.3716712E-03
 55.00    53.00   52  0.9998163E+00   0.9046564E-03   0.4004280E-05
 56.00    53.00   52  0.8653286E+00   0.1588399E-03   0.1658814E-03
 57.00    53.00   52  0.8806209E+00   0.2470945E-03   0.1532879E-03
 58.00    53.00   52  0.9131854E+00   0.5100110E-02   0.1246876E-03
 54.00    54.00   52  0.8878930E+00   0.7251018E-01  -0.3502297E-04
 55.00    54.00   52  0.9982930E+00   0.1822199E-02  -0.1106272E-04
 56.00    54.00   52  0.9486236E+00   0.4320348E-03   0.8941736E-04
 57.00    54.00   52  0.9314185E+00   0.9663614E-03   0.1072508E-03
 58.00    54.00   52  0.9570376E+00   0.4470703E-01   0.8001662E-04
 55.00    55.00   52  0.9008680E+00   0.1267887E-01  -0.3670139E-04
 56.00    55.00   52  0.9632373E+00   0.2290711E-02   0.7270402E-04
 57.00    55.00   52  0.8861238E+00   0.6467651E-02   0.1486388E-03
 58.00    55.00   52  0.7499999E+00   0.8488470E-01   0.2500000E-03
 55.00    56.00   52  0.6524529E-01   0.7548907E-01   0.3960867E-03
 56.00    56.00   52  0.9575642E+00   0.4254966E-01  -0.3697356E-04
 57.00    56.00   52  0.7850327E+00   0.3862979E-01   0.2260713E-03
 58.00    56.00   52  0.7500000E+00   0.1052743E+00   0.2500000E-03
 47.00    31.00   53  0.2161760E-03   0.5657914E-04   0.4956480E-03
 48.00    31.00   53  0.1245822E-01   0.1577036E-02   0.4617514E-03
 47.00    32.00   53  0.3935262E-02   0.1930786E-03   0.4799590E-03
 48.00    32.00   53  0.2736390E+00   0.3308663E-02   0.2344817E-03
 49.00    32.00   53  0.1995328E-01   0.1475321E-01   0.4496551E-03
 50.00    32.00   53  0.7500001E+00   0.6578064E+01   0.2500000E-03
 47.00    33.00   53  0.3833195E-02   0.2213676E-03   0.4802450E-03
 48.00    33.00   53  0.5119923E+00   0.3864312E-02   0.9970783E-04
 49.00    33.00   53  0.9881790E+00   0.2254992E-01   0.3711038E-04
 50.00    33.00   53  0.7499999E+00   0.3792464E-01   0.2500000E-03
 47.00    34.00   53  0.1659663E-02   0.1710341E-03   0.4874196E-03
 48.00    34.00   53  0.7305811E+00   0.3915391E-02   0.6636488E-05
 49.00    34.00   53  0.8092948E+00   0.2756166E-02   0.2087607E-03
 50.00    34.00   53  0.7588200E+00   0.1601351E-01   0.2440849E-03
 47.00    35.00   53  0.1814143E-04   0.3120375E-04   0.4987614E-03
 48.00    35.00   53  0.9333544E+00   0.4490170E-02  -0.3867486E-04
 49.00    35.00   53  0.8436034E+00   0.1399580E-02   0.1830540E-03
 50.00    35.00   53  0.7990699E+00   0.3489416E-02   0.2161359E-03
 51.00    35.00   53  0.7500000E+00   0.5348833E-01   0.2500000E-03
 48.00    36.00   53  0.9987386E+00   0.4572627E-02   0.1087820E-04
 49.00    36.00   53  0.9195479E+00   0.1089202E-02   0.1187433E-03
 50.00    36.00   53  0.8721526E+00   0.9578797E-03   0.1603180E-03
 51.00    36.00   53  0.8012081E+00   0.6273992E-02   0.2146035E-03
 47.00    37.00   53  0.3818074E-01   0.2802733E-02   0.4255901E-03
 48.00    37.00   53  0.9060604E+00   0.6847323E-02  -0.3724964E-04
 49.00    37.00   53  0.9911546E+00   0.8856102E-03   0.3145271E-04
 50.00    37.00   53  0.9370355E+00   0.4176944E-03   0.1016013E-03
 51.00    37.00   53  0.9299987E+00   0.1749639E-02   0.1086558E-03
 52.00    37.00   53  0.7392466E+00   0.2112148E-01   0.2346128E-03
 47.00    38.00   53  0.1326821E+00   0.1242930E-01   0.3357315E-03
 48.00    38.00   53  0.9747171E+00   0.8936349E-02   0.5795868E-04
 49.00    38.00   53  0.8492644E+00   0.1460814E-02  -0.2791756E-04
 50.00    38.00   53  0.9978494E+00   0.5666736E-03  -0.1229759E-04
 51.00    38.00   53  0.9984166E+00   0.9854618E-03   0.1226983E-04
 52.00    38.00   53  0.9997934E+00   0.3201200E-01  -0.4007804E-03
 47.00    39.00   53  0.2028876E-03   0.8846761E-03   0.4957871E-03
 48.00    39.00   53  0.2620312E+00   0.1053807E-01   0.2420425E-03
 49.00    39.00   53  0.2151525E+00   0.1586352E-02   0.2737991E-03
 50.00    39.00   53  0.5034063E+00   0.8750230E-03   0.1039627E-03
 51.00    39.00   53  0.9378690E+00   0.8817028E-03  -0.3861875E-04
 52.00    39.00   53  0.9527899E+00   0.8166694E-02  -0.6360683E-04
 48.00    40.00   53  0.1359946E-01   0.1202369E-01   0.4597656E-03
 49.00    40.00   53  0.1623695E+00   0.2634933E-02   0.3123550E-03
 50.00    40.00   53  0.8360478E-01   0.4893356E-03   0.3782940E-03
 51.00    40.00   53  0.5300536E+00   0.6032576E-03   0.9089662E-04
 49.00    41.00   53  0.1920185E-02   0.2251513E-02   0.4864024E-03
 50.00    41.00   53  0.4810494E-01   0.4213450E-03   0.4141745E-03
 51.00    41.00   53  0.2614779E+00   0.3100395E-03   0.2424058E-03
 50.00    42.00   53  0.2540430E+00   0.1457809E-02   0.2473119E-03
 51.00    42.00   53  0.5487919E+00   0.4801842E-03   0.8195534E-04
 56.00    42.00   53  0.7057872E+00   0.4924787E-03   0.2265580E-03
 57.00    42.00   53  0.7502768E+00   0.4223785E-01   0.2498154E-03
 50.00    43.00   53  0.1606165E+00   0.1510691E-02   0.3136970E-03
 51.00    43.00   53  0.4546779E+00   0.5668602E-03   0.1289177E-03
 52.00    43.00   53  0.3920676E+00   0.7132046E-03   0.1428681E-03
 56.00    43.00   53  0.3129977E+00   0.8785631E-04   0.2160485E-03
 57.00    43.00   53  0.7659293E+00   0.1348836E-02   0.2368452E-03
 50.00    44.00   53  0.3753335E-01   0.1010509E-02   0.4263664E-03
 51.00    44.00   53  0.1476166E+00   0.2163475E-03   0.3237930E-03
 52.00    44.00   53  0.2242662E+00   0.2937986E-03   0.2674611E-03
 53.00    44.00   53  0.5265312E+00   0.4129776E-02  -0.9565642E-03
 56.00    44.00   53  0.1056381E-01   0.8387929E-05   0.4407236E-03
 57.00    44.00   53  0.7020146E+00   0.2549800E-03   0.2344657E-03
 58.00    44.00   53  0.7500000E+00   0.2777825E+01   0.2500000E-03
 50.00    45.00   53  0.1921880E+00   0.1609212E-01   0.2901623E-03
 51.00    45.00   53  0.2577091E+00   0.6207449E-03   0.2448868E-03
 52.00    45.00   53  0.2640245E+00   0.2993387E-03   0.2407363E-03
 53.00    45.00   53  0.3561361E+00   0.5864199E-03   0.1836980E-03
 54.00    45.00   53  0.6029649E+00   0.2226273E-02  -0.1254427E-04
 57.00    45.00   53  0.5659054E+00   0.1053286E-03   0.2039030E-03
 58.00    45.00   53  0.7499999E+00   0.5801613E-01   0.2500000E-03
 50.00    46.00   53  0.7500000E+00   0.1070823E+00   0.2500000E-03
 51.00    46.00   53  0.2424220E+00   0.4531311E-02   0.2550778E-03
 52.00    46.00   53  0.1031077E+00   0.2588185E-03   0.3606602E-03
 53.00    46.00   53  0.2323205E+00   0.2909394E-03   0.2619287E-03
 54.00    46.00   53  0.4052282E+00   0.6249108E-03   0.1556649E-03
 55.00    46.00   53  0.9635828E+00   0.1919767E-02  -0.1655309E-03
 56.00    46.00   53  0.1125133E+00   0.5566565E-04   0.3116546E-03
 57.00    46.00   53  0.5043425E+00   0.7556141E-04   0.2013790E-03
 58.00    46.00   53  0.7948071E+00   0.4184643E-02   0.2173022E-03
 51.00    47.00   53  0.5547149E+00   0.2743508E+00   0.7917188E-04
 52.00    47.00   53  0.5864310E-01   0.4591688E-03   0.4028527E-03
 53.00    47.00   53  0.2331104E+00   0.2414532E-03   0.2613895E-03
 54.00    47.00   53  0.1990993E+00   0.1791295E-03   0.2851758E-03
 55.00    47.00   53  0.2421636E+00   0.2969718E-03   0.2552517E-03
 56.00    47.00   53  0.7257450E+00   0.1994575E-03   0.1658327E-03
 57.00    47.00   53  0.6515483E+00   0.5855307E-04   0.2167582E-03
 58.00    47.00   53  0.7465315E+00   0.5642021E-03   0.2327497E-03
 51.00    48.00   53  0.7500000E+00   0.2955501E+01   0.2500000E-03
 52.00    48.00   53  0.1065037E+00   0.2957640E-02   0.3576973E-03
 53.00    48.00   53  0.1043478E+00   0.2318637E-03   0.3595749E-03
 54.00    48.00   53  0.1347120E+00   0.1273118E-03   0.3340858E-03
 55.00    48.00   53  0.2587247E+00   0.2397400E-03   0.2442170E-03
 56.00    48.00   53  0.8927131E+00   0.2583397E-03   0.1268357E-03
 57.00    48.00   53  0.7168224E+00   0.5208296E-04   0.2296760E-03
 58.00    48.00   53  0.7548174E+00   0.2057945E-03   0.2260571E-03
 59.00    48.00   53  0.7500001E+00   0.3918694E+01   0.2500000E-03
 52.00    49.00   53  0.1966486E-06   0.3172112E-04   0.4998719E-03
 53.00    49.00   53  0.1539314E-01   0.2206003E-03   0.4567645E-03
 54.00    49.00   53  0.5804218E-01   0.1045461E-03   0.4034800E-03
 55.00    49.00   53  0.1282307E+00   0.1320660E-03   0.3393671E-03
 56.00    49.00   53  0.9345471E+00   0.2511885E-03   0.9766521E-04
 57.00    49.00   53  0.7588735E+00   0.5298429E-04   0.2270964E-03
 58.00    49.00   53  0.7860125E+00   0.1474952E-03   0.2177834E-03
 59.00    49.00   53  0.8049332E+00   0.4515671E-01   0.2119216E-03
 53.00    50.00   53  0.2313233E-01   0.1210992E-02   0.4450391E-03
 54.00    50.00   53  0.4676457E-01   0.1686850E-03   0.4156685E-03
 55.00    50.00   53  0.8388847E-01   0.1066473E-03   0.3780291E-03
 56.00    50.00   53  0.9656265E+00   0.2417350E-03   0.6900841E-04
 57.00    50.00   53  0.7704420E+00   0.5467845E-04   0.2335195E-03
 58.00    50.00   53  0.7875847E+00   0.1116352E-03   0.2232172E-03
 59.00    50.00   53  0.8049737E+00   0.7771968E-02   0.2118922E-03
 53.00    51.00   53  0.1015384E-02   0.2045256E-02   0.4902983E-03
 54.00    51.00   53  0.1128631E-01   0.1920883E-03   0.4638624E-03
 55.00    51.00   53  0.6418864E-01   0.1327617E-03   0.3971547E-03
 56.00    51.00   53  0.9565396E+00   0.2264216E-03   0.8058851E-04
 57.00    51.00   53  0.7797886E+00   0.5985344E-04   0.2292255E-03
 58.00    51.00   53  0.7924164E+00   0.1154462E-03   0.2205800E-03
 59.00    51.00   53  0.8056623E+00   0.4541885E-02   0.2113947E-03
 53.00    52.00   53  0.3018882E-02   0.7936277E-02   0.4826535E-03
 54.00    52.00   53  0.4544889E-01   0.1000155E-02   0.4171484E-03
 55.00    52.00   53  0.4741987E-01   0.1622026E-03   0.4149365E-03
 56.00    52.00   53  0.9206576E+00   0.2406080E-03   0.1176921E-03
 57.00    52.00   53  0.7889830E+00   0.6701862E-04   0.2232440E-03
 58.00    52.00   53  0.8098778E+00   0.1514400E-03   0.2082493E-03
 59.00    52.00   53  0.8187305E+00   0.6474491E-02   0.2018444E-03
 53.00    53.00   53  0.2104666E-04   0.1071186E-03   0.4986651E-03
 54.00    53.00   53  0.4561219E-01   0.1730570E-02   0.4169640E-03
 55.00    53.00   53  0.1410186E+00   0.4503093E-03   0.3290200E-03
 56.00    53.00   53  0.8912212E+00   0.2169205E-03   0.1442719E-03
 57.00    53.00   53  0.7945064E+00   0.6957910E-04   0.2193895E-03
 58.00    53.00   53  0.8240528E+00   0.2093418E-03   0.1978940E-03
 59.00    53.00   53  0.8248468E+00   0.1127841E-01   0.1973014E-03
 53.00    54.00   53  0.2378597E-04   0.2628520E-03   0.4985803E-03
 54.00    54.00   53  0.1035687E+00   0.9445918E-02   0.3602563E-03
 55.00    54.00   53  0.7796754E+00   0.1944004E-02  -0.9483600E-05
 56.00    54.00   53  0.8964499E+00   0.2309906E-03   0.1397275E-03
 57.00    54.00   53  0.8259476E+00   0.9716373E-04   0.1964786E-03
 58.00    54.00   53  0.8534567E+00   0.3931932E-03   0.1753616E-03
 59.00    54.00   53  0.8573250E+00   0.3601437E-01   0.1722991E-03
 54.00    55.00   53  0.8220282E+00   0.3515551E+00  -0.2142915E-04
 55.00    55.00   53  0.9933552E+00   0.3719845E-02  -0.2013071E-04
 56.00    55.00   53  0.9541644E+00   0.4446625E-03   0.8328806E-04
 57.00    55.00   53  0.8977357E+00   0.2904048E-03   0.1385995E-03
 58.00    55.00   53  0.9201422E+00   0.1862374E-02   0.1181808E-03
 59.00    55.00   53  0.8651602E+00   0.2689202E+00   0.1660176E-03
 55.00    56.00   53  0.9558406E+00   0.1796423E-01  -0.3722840E-04
 56.00    56.00   53  0.9821762E+00   0.1570186E-02   0.4710635E-04
 57.00    56.00   53  0.9397179E+00   0.2263475E-02   0.9884813E-04
 58.00    56.00   53  0.7966667E+00   0.1029196E-01   0.2178522E-03
 59.00    56.00   53  0.7500001E+00   0.9766581E+00   0.2500000E-03
 55.00    57.00   53  0.9979981E+00   0.3106413E+00  -0.1190219E-04
 56.00    57.00   53  0.9975803E+00   0.1217396E-01   0.1539296E-04
 57.00    57.00   53  0.9664825E+00   0.3521400E-01   0.6871569E-04
 58.00    57.00   53  0.7500000E+00   0.7330231E-01   0.2500000E-03
 56.00    58.00   53  0.7500001E+00   0.1556852E+01   0.2500000E-03
 57.00    58.00   53  0.7499999E+00   0.1813584E+01   0.2500000E-03
 48.00    32.00   54  0.2202417E-04   0.3510017E-04   0.4986343E-03
 49.00    32.00   54  0.3166281E-02   0.9396693E-01   0.4821990E-03
 48.00    33.00   54  0.3445494E-01   0.1675197E-02   0.4301197E-03
 49.00    33.00   54  0.1303373E+00   0.2946073E-01   0.3376419E-03
 50.00    33.00   54  0.7500001E+00   0.1544222E+01   0.2500000E-03
 48.00    34.00   54  0.6406713E-01   0.1373356E-02   0.3972779E-03
 49.00    34.00   54  0.4692890E+00   0.1871686E-01   0.1212905E-03
 50.00    34.00   54  0.7500001E+00   0.7081685E-01   0.2500000E-03
 48.00    35.00   54  0.3076448E-01   0.8963589E-03   0.4347697E-03
 49.00    35.00   54  0.9931087E+00   0.1055060E-01  -0.2043555E-04
 50.00    35.00   54  0.7500001E+00   0.2262981E-01   0.2500000E-03
 47.00    36.00   54  0.1609391E-06   0.2145333E-05   0.4998841E-03
 48.00    36.00   54  0.6849132E-01   0.1066961E-02   0.3928387E-03
 49.00    36.00   54  0.9619151E+00   0.4158136E-02   0.7429518E-04
 50.00    36.00   54  0.7995493E+00   0.5171592E-02   0.2157929E-03
 51.00    36.00   54  0.8106494E+00   0.6124122E-01   0.2077745E-03
 47.00    37.00   54  0.3140318E-02   0.7260532E-03   0.4822784E-03
 48.00    37.00   54  0.1016728E+00   0.1448192E-02   0.3619209E-03
 49.00    37.00   54  0.9953319E+00   0.2857571E-02   0.2201126E-04
 50.00    37.00   54  0.9048086E+00   0.2252348E-02   0.1323158E-03
 51.00    37.00   54  0.8691009E+00   0.5714593E-02   0.1628168E-03
 52.00    37.00   54  0.7593499E+00   0.1961903E+00   0.2437273E-03
 47.00    38.00   54  0.4862098E-02   0.1407850E-02   0.4774890E-03
 48.00    38.00   54  0.9154232E+00   0.8854044E-02  -0.3803568E-04
 49.00    38.00   54  0.9841977E+00   0.2134311E-02   0.4390220E-04
 50.00    38.00   54  0.9442475E+00   0.1016319E-02   0.9411076E-04
 51.00    38.00   54  0.9146394E+00   0.1268121E-02   0.1233413E-03
 52.00    38.00   54  0.9793904E+00   0.2198497E-01   0.5131779E-04
 47.00    39.00   54  0.3729743E-03   0.3571428E-03   0.4942395E-03
 48.00    39.00   54  0.9763119E+00   0.8304889E-02  -0.3205641E-04
 49.00    39.00   54  0.9935077E+00   0.1989181E-02   0.2643024E-04
 50.00    39.00   54  0.9936958E+00   0.1142661E-02   0.2600066E-04
 51.00    39.00   54  0.9990100E+00   0.1046644E-02   0.9574054E-05
 52.00    39.00   54  0.9987857E+00   0.5479350E-02   0.1065998E-04
 48.00    40.00   54  0.4538026E+00   0.1256546E-01   0.1293785E-03
 49.00    40.00   54  0.9919361E+00   0.3143565E-02  -0.2178585E-04
 50.00    40.00   54  0.9903743E+00   0.1566467E-02  -0.2337265E-04
 51.00    40.00   54  0.8619143E+00   0.8682000E-03  -0.3054715E-04
 52.00    40.00   54  0.9835781E+00   0.1600098E-02  -0.2926774E-04
 48.00    41.00   54  0.3232750E+00   0.2718058E-01   0.2033415E-03
 49.00    41.00   54  0.5273256E+00   0.7217621E-02   0.9221537E-04
 50.00    41.00   54  0.4065584E+00   0.1903446E-02   0.1549262E-03
 51.00    41.00   54  0.3001925E+00   0.6456854E-03   0.2175920E-03
 52.00    41.00   54  0.7197606E+00   0.8243495E-03   0.6262213E-05
 48.00    42.00   54  0.8951849E+00   0.1423920E+00  -0.3601803E-04
 49.00    42.00   54  0.1633852E-01   0.2575316E-02   0.4552343E-03
 50.00    42.00   54  0.8493812E-01   0.1844076E-02   0.3770513E-03
 51.00    42.00   54  0.1769428E+00   0.6977383E-03   0.3013643E-03
 52.00    42.00   54  0.3555612E+00   0.4664120E-03   0.1784081E-03
 50.00    43.00   54  0.1459628E-01   0.3677963E-02   0.4580810E-03
 51.00    43.00   54  0.2246765E+00   0.1882191E-02   0.2671776E-03
 52.00    43.00   54  0.4397518E+00   0.7839807E-03   0.1368303E-03
 56.00    43.00   54  0.6855359E-01   0.8959439E-04   0.3502072E-03
 57.00    43.00   54  0.6985947E+00   0.1204843E-02   0.2249805E-03
 58.00    43.00   54  0.7500000E+00   0.2950468E+00   0.2500000E-03
 50.00    44.00   54  0.1000196E-01   0.3394686E-01   0.4662735E-03
 51.00    44.00   54  0.1103166E+00   0.1911928E-02   0.3544044E-03
 52.00    44.00   54  0.3356717E+00   0.6571017E-03   0.1958446E-03
 53.00    44.00   54  0.4469574E+00   0.1101357E-02  -0.1519598E-04
 57.00    44.00   54  0.4927616E+00   0.1532238E-03   0.2109491E-03
 58.00    44.00   54  0.7500000E+00   0.2049590E-01   0.2500000E-03
 51.00    45.00   54  0.9145772E-01   0.4125603E-02   0.3710579E-03
 52.00    45.00   54  0.1960683E+00   0.5719821E-03   0.2873558E-03
 53.00    45.00   54  0.3393726E+00   0.6364929E-03   0.1930569E-03
 57.00    45.00   54  0.2647841E+00   0.5551500E-04   0.2432510E-03
 58.00    45.00   54  0.7483594E+00   0.1582313E-02   0.2436062E-03
 51.00    46.00   54  0.9451632E+00   0.3537429E-01   0.9313854E-04
 52.00    46.00   54  0.1906874E+00   0.1152724E-02   0.2912523E-03
 53.00    46.00   54  0.2729352E+00   0.4232658E-03   0.2349030E-03
 54.00    46.00   54  0.4977040E-01   0.4310579E-03   0.2794536E-03
 57.00    46.00   54  0.1024219E+00   0.3239313E-04   0.3223553E-03
 58.00    46.00   54  0.7195182E+00   0.5926084E-03   0.2340163E-03
 52.00    47.00   54  0.8689703E-02   0.5266324E-03   0.4688625E-03
 53.00    47.00   54  0.1397619E+00   0.3722763E-03   0.3300239E-03
 54.00    47.00   54  0.3663361E+00   0.5006673E-03   0.1636505E-03
 55.00    47.00   54  0.2267380E+00   0.1287080E-02  -0.1858759E-03
 57.00    47.00   54  0.2598527E+00   0.5295521E-04   0.2422546E-03
 58.00    47.00   54  0.6501559E+00   0.2188194E-03   0.2131543E-03
 59.00    47.00   54  0.7500002E+00   0.7312058E+01   0.2500000E-03
 52.00    48.00   54  0.2953340E-01   0.4095274E-02   0.4363617E-03
 53.00    48.00   54  0.9551319E-01   0.3547929E-03   0.3673953E-03
 54.00    48.00   54  0.2038055E+00   0.2688300E-03   0.2817000E-03
 55.00    48.00   54  0.2366480E+00   0.3801200E-03   0.2497669E-03
 56.00    48.00   54  0.9589189E+00   0.3578928E-02  -0.1800788E-02
 57.00    48.00   54  0.5337558E+00   0.8493542E-04   0.2032455E-03
 58.00    48.00   54  0.6685238E+00   0.1064063E-03   0.2188299E-03
 59.00    48.00   54  0.8269846E+00   0.2358675E-01   0.1885174E-03
 52.00    49.00   54  0.1111871E-03   0.1733963E-02   0.4969006E-03
 53.00    49.00   54  0.9335041E-01   0.9367658E-03   0.3693426E-03
 54.00    49.00   54  0.9416941E-01   0.1902463E-03   0.3685944E-03
 55.00    49.00   54  0.1904822E+00   0.2318484E-03   0.2904973E-03
 56.00    49.00   54  0.4506417E+00   0.7147028E-03  -0.8710776E-05
 57.00    49.00   54  0.5749058E+00   0.1057425E-03   0.1871338E-03
 58.00    49.00   54  0.7018103E+00   0.7777900E-04   0.2183618E-03
 59.00    49.00   54  0.7930823E+00   0.2183825E-02   0.2185183E-03
 53.00    50.00   54  0.4958080E+00   0.5400578E-01   0.1077635E-03
 54.00    50.00   54  0.9667577E-01   0.4792439E-03   0.3663541E-03
 55.00    50.00   54  0.8860871E-01   0.1237006E-03   0.3736605E-03
 56.00    50.00   54  0.3523542E+00   0.3358565E-03   0.1734129E-03
 57.00    50.00   54  0.6810778E+00   0.1131532E-03   0.1877065E-03
 58.00    50.00   54  0.7400350E+00   0.6406796E-04   0.2243078E-03
 59.00    50.00   54  0.7941248E+00   0.8445924E-03   0.2187018E-03
 53.00    51.00   54  0.9455732E+00   0.5101115E+00   0.9270178E-04
 54.00    51.00   54  0.6259914E-01   0.8118150E-03   0.3987716E-03
 55.00    51.00   54  0.2421001E-01   0.6716040E-04   0.4435254E-03
 56.00    51.00   54  0.1555323E+00   0.1531263E-03   0.3175962E-03
 57.00    51.00   54  0.8068432E+00   0.1329721E-03   0.1686502E-03
 58.00    51.00   54  0.7573248E+00   0.5894942E-04   0.2237358E-03
 59.00    51.00   54  0.7974294E+00   0.3981508E-03   0.2157770E-03
 60.00    51.00   54  0.7500000E+00   0.2170931E+01   0.2500000E-03
 54.00    52.00   54  0.1954703E-01   0.9922900E-03   0.4502630E-03
 55.00    52.00   54  0.3851403E-01   0.1372075E-03   0.4251922E-03
 56.00    52.00   54  0.1394098E+00   0.1529681E-03   0.3303056E-03
 57.00    52.00   54  0.8709675E+00   0.1451002E-03   0.1543012E-03
 58.00    52.00   54  0.7710063E+00   0.6261044E-04   0.2256736E-03
 59.00    52.00   54  0.7873766E+00   0.2756094E-03   0.2234020E-03
 60.00    52.00   54  0.7569555E+00   0.6457806E-01   0.2453413E-03
 54.00    53.00   54  0.4388829E-02   0.1033435E-02   0.4787234E-03
 55.00    53.00   54  0.2181782E-01   0.2063016E-03   0.4469191E-03
 56.00    53.00   54  0.4132861E+00   0.4216998E-03   0.1512066E-03
 57.00    53.00   54  0.8215222E+00   0.1130094E-03   0.1996721E-03
 58.00    53.00   54  0.7870792E+00   0.6212170E-04   0.2242183E-03
 59.00    53.00   54  0.8147301E+00   0.2704913E-03   0.2046232E-03
 60.00    53.00   54  0.7564935E+00   0.5391987E-01   0.2456521E-03
 54.00    54.00   54  0.7433866E-01   0.5336438E-02   0.3871051E-03
 55.00    54.00   54  0.2474443E-01   0.3253136E-03   0.4427835E-03
 56.00    54.00   54  0.8846904E+00   0.6691170E-03  -0.3454665E-04
 57.00    54.00   54  0.8103958E+00   0.9826691E-04   0.2079592E-03
 58.00    54.00   54  0.7899979E+00   0.7426378E-04   0.2225811E-03
 59.00    54.00   54  0.8201741E+00   0.3693951E-03   0.2007764E-03
 60.00    54.00   54  0.7769151E+00   0.4933070E-01   0.2317223E-03
 54.00    55.00   54  0.3597876E+00   0.1264465E-01   0.1815600E-03
 55.00    55.00   54  0.4061795E+00   0.3589297E-02   0.1551365E-03
 56.00    55.00   54  0.9587955E+00   0.5004886E-03   0.7798013E-04
 57.00    55.00   54  0.8243566E+00   0.1020599E-03   0.1976674E-03
 58.00    55.00   54  0.8276292E+00   0.1173871E-03   0.1952188E-03
 59.00    55.00   54  0.8388829E+00   0.8005914E-03   0.1866868E-03
 60.00    55.00   54  0.8587360E+00   0.2505193E+00   0.1711756E-03
 54.00    56.00   54  0.4276422E-02   0.1339562E-01   0.4790245E-03
 55.00    56.00   54  0.9933196E+00   0.6950587E-02  -0.2017542E-04
 56.00    56.00   54  0.9470428E+00   0.5268843E-03   0.9112680E-04
 57.00    56.00   54  0.8608977E+00   0.1698717E-03   0.1694482E-03
 58.00    56.00   54  0.8438359E+00   0.2806825E-03   0.1828742E-03
 59.00    56.00   54  0.8959394E+00   0.4535399E-02   0.1401741E-03
 60.00    56.00   54  0.7500001E+00   0.1837993E+01   0.2500000E-03
 54.00    57.00   54  0.7500001E+00   0.2338188E+00   0.2500000E-03
 55.00    57.00   54  0.9969045E+00   0.5662895E-02   0.1758340E-04
 56.00    57.00   54  0.9984725E+00   0.1237532E-02  -0.1051038E-04
 57.00    57.00   54  0.9292133E+00   0.8231892E-03   0.1094292E-03
 58.00    57.00   54  0.9102503E+00   0.2452020E-02   0.1273850E-03
 59.00    57.00   54  0.8816788E+00   0.6617735E-01   0.1523993E-03
 54.00    58.00   54  0.7500001E+00   0.6749977E+01   0.2500000E-03
 55.00    58.00   54  0.9724259E+00   0.3360372E-01   0.6105730E-04
 56.00    58.00   54  0.5205380E+00   0.6667413E-02   0.9551525E-04
 57.00    58.00   54  0.9767808E+00   0.1340847E-01  -0.3186468E-04
 58.00    58.00   54  0.9012152E+00   0.1014248E+00   0.1355253E-03
 59.00    58.00   54  0.7500001E+00   0.1456451E+01   0.2500000E-03
 55.00    59.00   54  0.9996997E+00   0.1324010E+01   0.5151785E-05
 56.00    59.00   54  0.5184476E-01   0.7388176E-01   0.4100745E-03
 57.00    59.00   54  0.9573163E+00   0.5784012E+00   0.7969546E-04
 48.00    34.00   55  0.2326047E-05   0.6467248E-05   0.4995586E-03
 49.00    34.00   55  0.6600536E-04   0.1625918E-03   0.4976218E-03
 48.00    35.00   55  0.3063040E-03   0.7534301E-04   0.4947954E-03
 49.00    35.00   55  0.3674874E-02   0.7978494E-03   0.4806951E-03
 47.00    36.00   55  0.3398768E-04   0.3325868E-04   0.4983001E-03
 48.00    36.00   55  0.7801382E-02   0.3347197E-03   0.4707016E-03
 49.00    36.00   55  0.8611689E-01   0.2500065E-02   0.3759576E-03
 50.00    36.00   55  0.8815920E+00   0.4121640E-01   0.1524723E-03
 51.00    36.00   55  0.7500000E+00   0.3654081E+00   0.2500000E-03
 47.00    37.00   55  0.1572756E-04   0.2932731E-04   0.4988473E-03
 48.00    37.00   55  0.1086033E-01   0.2966973E-03   0.4646500E-03
 49.00    37.00   55  0.4690699E+00   0.5307438E-02   0.1214040E-03
 50.00    37.00   55  0.8566014E+00   0.8110335E-02   0.1728738E-03
 51.00    37.00   55  0.7500000E+00   0.3789588E-01   0.2500000E-03
 52.00    37.00   55  0.7500001E+00   0.3502534E+00   0.2500000E-03
 47.00    38.00   55  0.3300275E-04   0.1038230E-03   0.4983252E-03
 48.00    38.00   55  0.7750427E-01   0.8924351E-03   0.3840591E-03
 49.00    38.00   55  0.7378370E+00   0.4824580E-02   0.4119123E-05
 50.00    38.00   55  0.8617270E+00   0.2944297E-02   0.1687832E-03
 51.00    38.00   55  0.7730194E+00   0.5254819E-02   0.2344104E-03
 52.00    38.00   55  0.7569268E+00   0.1930758E-01   0.2453606E-03
 47.00    39.00   55  0.4637964E-04   0.2352998E-03   0.4980110E-03
 48.00    39.00   55  0.2301733E+00   0.2601124E-02   0.2633974E-03
 49.00    39.00   55  0.9786066E+00   0.4081574E-02  -0.3107218E-04
 50.00    39.00   55  0.9494668E+00   0.1928806E-02   0.8849881E-04
 51.00    39.00   55  0.9207587E+00   0.1858341E-02   0.1175961E-03
 52.00    39.00   55  0.9594632E+00   0.4613621E-02   0.7719922E-04
 48.00    40.00   55  0.2722835E-01   0.1147463E-02   0.4394045E-03
 49.00    40.00   55  0.9999715E+00   0.2861223E-02  -0.1530512E-05
 50.00    40.00   55  0.9556093E+00   0.1458897E-02   0.8165155E-04
 51.00    40.00   55  0.9981836E+00   0.1027881E-02   0.1320033E-04
 52.00    40.00   55  0.9986124E+00   0.1323801E-02   0.1143978E-04
 53.00    40.00   55  0.9892989E+00   0.9761569E-02   0.7302791E-05
 48.00    41.00   55  0.1945980E+00   0.1093575E-01   0.2884171E-03
 49.00    41.00   55  0.9944175E+00   0.3518564E-02   0.2429981E-04
 50.00    41.00   55  0.9384321E+00   0.1528355E-02   0.1001724E-03
 51.00    41.00   55  0.9880036E+00   0.1013461E-02  -0.2542976E-04
 52.00    41.00   55  0.9391043E+00   0.6839798E-03  -0.3858563E-04
 53.00    41.00   55  0.9444987E+00   0.2023328E-02  -0.7150194E-04
 48.00    42.00   55  0.5550167E-03   0.1733197E-02   0.4929235E-03
 49.00    42.00   55  0.7242566E+00   0.7704262E-02   0.8866191E-05
 50.00    42.00   55  0.8086968E+00   0.3281183E-02  -0.1789216E-04
 51.00    42.00   55  0.3473183E+00   0.1175108E-02   0.1888975E-03
 52.00    42.00   55  0.3697135E+00   0.5520801E-03   0.1757919E-03
 53.00    42.00   55  0.6538926E+00   0.6807894E-03   0.2106593E-05
 48.00    43.00   55  0.7499999E+00   0.1251058E+02   0.2500000E-03
 49.00    43.00   55  0.3195050E+00   0.2003460E-01   0.2056427E-03
 50.00    43.00   55  0.7968743E-01   0.2058750E-02   0.3819806E-03
 51.00    43.00   55  0.8642364E-01   0.1642519E-02   0.3756738E-03
 52.00    43.00   55  0.1659564E+00   0.6789253E-03   0.3096227E-03
 53.00    43.00   55  0.3676181E+00   0.4112246E-03   0.1697482E-03
 57.00    43.00   55  0.1730959E-01   0.4999476E-03   0.4247007E-03
 50.00    44.00   55  0.3450085E-03   0.7566487E-03   0.4944665E-03
 51.00    44.00   55  0.9550824E-03   0.9072159E-03   0.4906054E-03
 52.00    44.00   55  0.5659994E-01   0.9789725E-03   0.4049940E-03
 53.00    44.00   55  0.3793947E+00   0.6136009E-03   0.1702071E-03
 57.00    44.00   55  0.2118534E+00   0.1517085E-03   0.2553407E-03
 58.00    44.00   55  0.7595325E+00   0.2878640E-02   0.2193240E-03
 52.00    45.00   55  0.1354131E+00   0.3613978E-02   0.3335192E-03
 53.00    45.00   55  0.4236817E+00   0.7826860E-03   0.1455129E-03
 54.00    45.00   55  0.1915390E+00   0.1574246E-02  -0.2923665E-03
 58.00    45.00   55  0.6334659E+00   0.6153614E-03   0.2072966E-03
 59.00    45.00   55  0.7500000E+00   0.2609828E+01   0.2500000E-03
 52.00    46.00   55  0.3937851E+00   0.1884638E-01   0.1620642E-03
 53.00    46.00   55  0.2849313E+00   0.7454148E-03   0.2272316E-03
 54.00    46.00   55  0.2160651E+00   0.5734763E-03   0.1394885E-03
 58.00    46.00   55  0.4981596E+00   0.3114099E-03   0.2051075E-03
 59.00    46.00   55  0.7500000E+00   0.2808545E+00   0.2500000E-03
 52.00    47.00   55  0.2815631E-02   0.4772412E-02   0.4832960E-03
 53.00    47.00   55  0.1052580E+00   0.6779077E-03   0.3587808E-03
 54.00    47.00   55  0.2401806E+00   0.4136434E-03   0.2213307E-03
 58.00    47.00   55  0.4258694E+00   0.1693177E-03   0.2043370E-03
 59.00    47.00   55  0.7720237E+00   0.3308742E-01   0.2350952E-03
 53.00    48.00   55  0.1288406E+00   0.1100596E-02   0.3388667E-03
 54.00    48.00   55  0.1170584E+00   0.2976949E-03   0.3446405E-03
 58.00    48.00   55  0.4482100E+00   0.1004080E-03   0.2023556E-03
 59.00    48.00   55  0.7838665E+00   0.2839413E-02   0.2112140E-03
 53.00    49.00   55  0.1094227E+00   0.2906841E-02   0.3551733E-03
 54.00    49.00   55  0.1648413E+00   0.4492169E-03   0.3084827E-03
 55.00    49.00   55  0.9469432E-01   0.3141633E-03   0.2768359E-03
 58.00    49.00   55  0.5184988E+00   0.7346650E-04   0.2030283E-03
 59.00    49.00   55  0.7217260E+00   0.4389218E-03   0.2268484E-03
 60.00    49.00   55  0.7500002E+00   0.1992396E+02   0.2500000E-03
 53.00    50.00   55  0.2749150E-01   0.7494521E-01   0.4390528E-03
 54.00    50.00   55  0.3243240E+00   0.1858535E-02   0.2027029E-03
 55.00    50.00   55  0.2015688E+00   0.3350105E-03   0.2668406E-03
 58.00    50.00   55  0.4749736E+00   0.6653644E-04   0.1952709E-03
 59.00    50.00   55  0.7290443E+00   0.2131130E-03   0.2281376E-03
 60.00    50.00   55  0.7807565E+00   0.1155945E+00   0.2290564E-03
 54.00    51.00   55  0.2967374E+00   0.6355516E-02   0.2197588E-03
 55.00    51.00   55  0.9204946E-01   0.2753474E-03   0.3699115E-03
 56.00    51.00   55  0.9851173E-01   0.1474446E-03   0.3429930E-03
 58.00    51.00   55  0.5551411E+00   0.6658782E-04   0.1860620E-03
 59.00    51.00   55  0.7361450E+00   0.1341530E-03   0.2272175E-03
 60.00    51.00   55  0.8235202E+00   0.1313753E-01   0.1980631E-03
 54.00    52.00   55  0.3994665E+00   0.3274979E-01   0.1588770E-03
 55.00    52.00   55  0.9424670E-01   0.4450585E-03   0.3685340E-03
 56.00    52.00   55  0.3799683E-01   0.7554029E-04   0.4257153E-03
 57.00    52.00   55  0.5492401E+00   0.4746221E-03  -0.4229345E-04
 58.00    52.00   55  0.6694744E+00   0.8073305E-04   0.1918638E-03
 59.00    52.00   55  0.7418075E+00   0.9106410E-04   0.2275498E-03
 60.00    52.00   55  0.7996929E+00   0.2257947E-02   0.2153210E-03
 54.00    53.00   55  0.3166713E+00   0.7804096E-01   0.2073791E-03
 55.00    53.00   55  0.3412842E-01   0.3671960E-03   0.4305242E-03
 56.00    53.00   55  0.5460064E-01   0.1053027E-03   0.4071130E-03
 57.00    53.00   55  0.5265288E+00   0.3640211E-03   0.8884017E-04
 58.00    53.00   55  0.7655207E+00   0.9713778E-04   0.2030199E-03
 59.00    53.00   55  0.7588895E+00   0.7870935E-04   0.2281838E-03
 60.00    53.00   55  0.7904119E+00   0.7319426E-03   0.2222499E-03
 61.00    53.00   55  0.7500001E+00   0.7507981E+01   0.2500000E-03
 54.00    54.00   55  0.1527986E+00   0.4967115E-01   0.3197374E-03
 55.00    54.00   55  0.4706805E-01   0.8574849E-03   0.4153291E-03
 56.00    54.00   55  0.3454591E-01   0.1042399E-03   0.4300073E-03
 57.00    54.00   55  0.7074303E+00   0.4084274E-03   0.1489924E-04
 58.00    54.00   55  0.8021109E+00   0.9392340E-04   0.2120688E-03
 59.00    54.00   55  0.7809962E+00   0.7504839E-04   0.2269510E-03
 60.00    54.00   55  0.7971551E+00   0.5823777E-03   0.2175039E-03
 61.00    54.00   55  0.7500002E+00   0.8525411E+00   0.2500000E-03
 53.00    55.00   55  0.1860924E-01   0.7689894E-02   0.4516837E-03
 54.00    55.00   55  0.3108485E+00   0.9668014E-02   0.2109651E-03
 55.00    55.00   55  0.1981656E+00   0.1221549E-02   0.2858462E-03
 56.00    55.00   55  0.1157230E+00   0.2617169E-03   0.3497935E-03
 57.00    55.00   55  0.9881779E+00   0.3698056E-03   0.3711256E-04
 58.00    55.00   55  0.7927309E+00   0.7976746E-04   0.2203413E-03
 59.00    55.00   55  0.8000408E+00   0.9265135E-04   0.2143082E-03
 60.00    55.00   55  0.8192604E+00   0.9100559E-03   0.2014527E-03
 61.00    55.00   55  0.7500001E+00   0.7913927E+00   0.2500000E-03
 53.00    56.00   55  0.3679157E-01   0.2134807E-02   0.4272612E-03
 54.00    56.00   55  0.4654578E-01   0.1043752E-02   0.4159137E-03
 55.00    56.00   55  0.8619031E-01   0.5319382E-03   0.3758896E-03
 56.00    56.00   55  0.9949876E+00   0.8109353E-03  -0.1788052E-04
 57.00    56.00   55  0.8417981E+00   0.1620902E-03   0.1844473E-03
 58.00    56.00   55  0.7968568E+00   0.6887133E-04   0.2172012E-03
 59.00    56.00   55  0.8078477E+00   0.1182938E-03   0.2095188E-03
 60.00    56.00   55  0.8500296E+00   0.1807121E-02   0.1780544E-03
 61.00    56.00   55  0.7499999E+00   0.1183171E+03   0.2500000E-03
 54.00    57.00   55  0.1565452E+00   0.3249547E-02   0.3168311E-03
 55.00    57.00   55  0.9999810E+00   0.1582493E-02   0.1263223E-05
 56.00    57.00   55  0.9166921E+00   0.3027541E-03   0.1214285E-03
 57.00    57.00   55  0.8461460E+00   0.1296319E-03   0.1810835E-03
 58.00    57.00   55  0.8266197E+00   0.9519808E-04   0.1959754E-03
 59.00    57.00   55  0.8357339E+00   0.2370760E-03   0.1890922E-03
 60.00    57.00   55  0.9056155E+00   0.6860283E-02   0.1315901E-03
 54.00    58.00   55  0.6285428E+00   0.3247816E-01   0.4624241E-04
 55.00    58.00   55  0.9951935E+00   0.1977982E-02  -0.1756242E-04
 56.00    58.00   55  0.9487466E+00   0.4100176E-03   0.8928351E-04
 57.00    58.00   55  0.9030261E+00   0.3257887E-03   0.1339123E-03
 58.00    58.00   55  0.8783420E+00   0.3363442E-03   0.1551943E-03
 59.00    58.00   55  0.9083675E+00   0.1105187E-02   0.1291009E-03
 60.00    58.00   55  0.9808113E+00   0.4985480E-01   0.4919717E-04
 54.00    59.00   55  0.9671186E-02   0.2454376E-01   0.4669131E-03
 55.00    59.00   55  0.9999869E+00   0.1461560E-01   0.1058332E-05
 56.00    59.00   55  0.9491546E+00   0.2642756E-02   0.8883938E-04
 57.00    59.00   55  0.9234291E+00   0.2767992E-02   0.1150470E-03
 58.00    59.00   55  0.9827618E+00   0.8201040E-02   0.4619246E-04
 59.00    59.00   55  0.9838573E+00   0.1885976E-01   0.4445159E-04
 60.00    59.00   55  0.6315156E+00   0.1034721E+01   0.4498713E-04
 55.00    60.00   55  0.7499999E+00   0.9261965E+01   0.2500001E-03
 56.00    60.00   55  0.8226033E+00   0.3075386E+00   0.1989735E-03
 57.00    60.00   55  0.3990260E+00   0.8455463E-01   0.1591233E-03
 58.00    60.00   55  0.6306199E+00   0.1068491E+00   0.4536472E-04
 59.00    60.00   55  0.7500001E+00   0.1291484E+01   0.2500000E-03
 57.00    61.00   55  0.5679919E-01   0.5923367E-01   0.4047841E-03
 58.00    61.00   55  0.9980488E+00   0.1562788E+00   0.1371425E-04
 48.00    36.00   56  0.7029909E-05   0.8701601E-05   0.4992311E-03
 49.00    36.00   56  0.9417931E-06   0.6544932E-05   0.4997194E-03
 48.00    37.00   56  0.2748960E-02   0.1619573E-03   0.4835110E-03
 49.00    37.00   56  0.2005333E-01   0.7305307E-03   0.4495061E-03
 50.00    37.00   56  0.5865470E+00   0.2548717E-01   0.6456769E-04
 51.00    37.00   56  0.7500001E+00   0.1564163E+00   0.2500000E-03
 48.00    38.00   56  0.2350254E-02   0.1106580E-03   0.4848466E-03
 49.00    38.00   56  0.2181853E-01   0.4947394E-03   0.4469180E-03
 50.00    38.00   56  0.9732531E+00   0.6995526E-02   0.5994906E-04
 51.00    38.00   56  0.7500000E+00   0.9554181E-02   0.2500000E-03
 52.00    38.00   56  0.7500001E+00   0.1046812E+00   0.2500000E-03
 53.00    38.00   56  0.7500001E+00   0.1568274E+02   0.2500000E-03
 48.00    39.00   56  0.1993492E-01   0.4441805E-03   0.4496825E-03
 49.00    39.00   56  0.1221147E-01   0.2385580E-03   0.4621895E-03
 50.00    39.00   56  0.9791940E+00   0.4674820E-02  -0.3080099E-04
 51.00    39.00   56  0.8382783E+00   0.2666638E-02   0.1871498E-03
 52.00    39.00   56  0.9255054E+00   0.4629370E-02   0.1130459E-03
 53.00    39.00   56  0.9954736E+00   0.8923636E-01   0.2164094E-04
 48.00    40.00   56  0.2050205E-01   0.7215022E-03   0.4488408E-03
 49.00    40.00   56  0.1516222E+00   0.1096354E-02   0.3206544E-03
 50.00    40.00   56  0.9682156E+00   0.1930550E-02   0.6653299E-04
 51.00    40.00   56  0.9088084E+00   0.1074048E-02   0.1287001E-03
 52.00    40.00   56  0.9930665E+00   0.1448279E-02   0.2742046E-04
 53.00    40.00   56  0.9802258E+00   0.4662990E-02   0.5007777E-04
 48.00    41.00   56  0.4132044E-02   0.6696791E-03   0.4794160E-03
 49.00    41.00   56  0.4512728E+00   0.3199650E-02   0.1307131E-03
 50.00    41.00   56  0.9450983E+00   0.1372017E-02   0.9320778E-04
 51.00    41.00   56  0.9333561E+00   0.6850847E-03   0.1053188E-03
 52.00    41.00   56  0.9908024E+00   0.5820578E-03   0.3215604E-04
 53.00    41.00   56  0.9934649E+00   0.8224804E-03   0.2652765E-04
 54.00    41.00   56  0.3034452E+00   0.5834767E-02   0.4909516E-04
 49.00    42.00   56  0.2010312E+00   0.5430352E-02   0.2837917E-03
 50.00    42.00   56  0.9987960E+00   0.2091209E-02   0.1061248E-04
 51.00    42.00   56  0.9997530E+00   0.8934319E-03  -0.4413247E-05
 52.00    42.00   56  0.8178492E+00   0.6179718E-03  -0.2034428E-04
 53.00    42.00   56  0.7125513E+00   0.4108342E-03   0.1307789E-04
 54.00    42.00   56  0.8780580E+00   0.1548230E-02  -0.2218030E-03
 49.00    43.00   56  0.9995027E+00   0.7341134E-01  -0.6187300E-05
 50.00    43.00   56  0.7573837E+00   0.3873398E-02  -0.2436806E-05
 51.00    43.00   56  0.4791777E+00   0.1812070E-02   0.1161988E-03
 52.00    43.00   56  0.1217593E+00   0.6807441E-03   0.3447214E-03
 53.00    43.00   56  0.2499835E+00   0.3366371E-03   0.2500110E-03
 54.00    43.00   56  0.5427338E+00   0.4689631E-03   0.4548760E-04
 49.00    44.00   56  0.3991091E-01   0.1800735E+00   0.4235364E-03
 50.00    44.00   56  0.2122413E-01   0.1404489E-02   0.4477810E-03
 51.00    44.00   56  0.8264077E-02   0.4577473E-03   0.4697341E-03
 52.00    44.00   56  0.4981392E-03   0.1192118E-03   0.4933096E-03
 53.00    44.00   56  0.1149499E+00   0.4149305E-03   0.3504488E-03
 54.00    44.00   56  0.3833368E+00   0.3796814E-03   0.1650584E-03
 58.00    44.00   56  0.6724222E+00   0.2294213E-02   0.1930800E-03
 59.00    44.00   56  0.7500002E+00   0.3795701E+00   0.2500000E-03
 50.00    45.00   56  0.5524606E-02   0.7927274E-02   0.4758405E-03
 51.00    45.00   56  0.2778772E-01   0.1009213E-01   0.4386583E-03
 53.00    45.00   56  0.9037960E-01   0.8229674E-03   0.3720399E-03
 54.00    45.00   56  0.3700361E+00   0.4681881E-03   0.1755693E-03
 58.00    45.00   56  0.2113712E+00   0.2214895E-03   0.2564474E-03
 59.00    45.00   56  0.7891447E+00   0.1312050E-01   0.2136203E-03
 53.00    46.00   56  0.3974405E-01   0.1582196E-02   0.4237332E-03
 54.00    46.00   56  0.2388500E+00   0.4431850E-03   0.2573151E-03
 59.00    46.00   56  0.7127202E+00   0.2775225E-02   0.2238002E-03
 53.00    47.00   56  0.1518531E+00   0.1345443E-01   0.3204742E-03
 54.00    47.00   56  0.1709417E+00   0.4688718E-03   0.3058157E-03
 59.00    47.00   56  0.5871867E+00   0.1670821E-02   0.2000460E-03
 53.00    48.00   56  0.3802691E+00   0.4945828E-01   0.1697273E-03
 54.00    48.00   56  0.1824882E+00   0.6753885E-03   0.2970233E-03
 58.00    48.00   56  0.2224662E-01   0.3151726E-04   0.4132602E-03
 59.00    48.00   56  0.5212841E+00   0.6930114E-03   0.1955523E-03
 60.00    48.00   56  0.7500001E+00   0.2020313E+03   0.2500000E-03
 53.00    49.00   56  0.1161786E+00   0.3480384E-01   0.3494079E-03
 54.00    49.00   56  0.3612649E+00   0.1458269E-02   0.1806954E-03
 55.00    49.00   56  0.6189927E-01   0.2873298E-03   0.3278353E-03
 58.00    49.00   56  0.1641196E-01   0.1782159E-04   0.4258247E-03
 59.00    49.00   56  0.5434539E+00   0.2666594E-03   0.2014432E-03
 60.00    49.00   56  0.7739689E+00   0.6145338E-01   0.2337566E-03
 54.00    50.00   56  0.8266868E-01   0.1462406E-02   0.3791701E-03
 55.00    50.00   56  0.1342290E+00   0.4020686E-03   0.2707942E-03
 59.00    50.00   56  0.5953255E+00   0.1209459E-03   0.2099228E-03
 60.00    50.00   56  0.7383261E+00   0.2889705E-02   0.2335177E-03
 54.00    51.00   56  0.2301458E-01   0.1729382E-02   0.4452060E-03
 55.00    51.00   56  0.6168447E-01   0.2964500E-03   0.3902781E-03
 59.00    51.00   56  0.5842531E+00   0.6955241E-04   0.2070831E-03
 60.00    51.00   56  0.7438905E+00   0.6518572E-03   0.2229762E-03
 54.00    52.00   56  0.3612931E-01   0.2146325E-01   0.4280652E-03
 55.00    52.00   56  0.1188209E+00   0.8210427E-03   0.3462065E-03
 56.00    52.00   56  0.1106244E+00   0.2676398E-03   0.3148154E-03
 59.00    52.00   56  0.5598927E+00   0.5309672E-04   0.2001534E-03
 60.00    52.00   56  0.7472019E+00   0.2381737E-03   0.2274495E-03
 61.00    52.00   56  0.7969368E+00   0.2062652E+00   0.2176597E-03
 54.00    53.00   56  0.2289983E+00   0.8666824E+00   0.2642030E-03
 55.00    53.00   56  0.8331098E-01   0.1049522E-02   0.3785687E-03
 56.00    53.00   56  0.1247303E+00   0.1898136E-03   0.3421906E-03
 57.00    53.00   56  0.9578474E-01   0.1297118E-03   0.3577319E-03
 58.00    53.00   56  0.7966115E+00   0.5464414E-03  -0.5232093E-03
 59.00    53.00   56  0.6227355E+00   0.5749218E-04   0.1995721E-03
 60.00    53.00   56  0.7542633E+00   0.1187052E-03   0.2254017E-03
 61.00    53.00   56  0.7929246E+00   0.1041669E-01   0.2205117E-03
 55.00    54.00   56  0.3269653E-01   0.8713017E-03   0.4323135E-03
 56.00    54.00   56  0.5180054E-01   0.1286297E-03   0.4101224E-03
 57.00    54.00   56  0.8350498E-01   0.9925583E-04   0.3782952E-03
 58.00    54.00   56  0.7858641E+00   0.4046680E-03  -0.5555741E-04
 59.00    54.00   56  0.7368103E+00   0.7035049E-04   0.2015561E-03
 60.00    54.00   56  0.7649086E+00   0.7960670E-04   0.2274114E-03
 61.00    54.00   56  0.8088218E+00   0.1750477E-02   0.2091047E-03
 54.00    55.00   56  0.6407462E-05   0.6657185E-04   0.4992661E-03
 55.00    55.00   56  0.1653405E-01   0.3458476E-03   0.4549219E-03
 56.00    55.00   56  0.1173610E-01   0.6365911E-04   0.4630429E-03
 57.00    55.00   56  0.5250498E-01   0.7855899E-04   0.4093605E-03
 58.00    55.00   56  0.9178276E+00   0.3403282E-03  -0.3994390E-04
 59.00    55.00   56  0.7877584E+00   0.7261238E-04   0.2151298E-03
 60.00    55.00   56  0.7763123E+00   0.8185783E-04   0.2295844E-03
 61.00    55.00   56  0.8031349E+00   0.1287831E-02   0.2132183E-03
 54.00    56.00   56  0.1146540E-02   0.2039841E-03   0.4896576E-03
 55.00    56.00   56  0.4208886E-01   0.2376210E-03   0.4209920E-03
 56.00    56.00   56  0.4918448E-01   0.1175893E-03   0.4129809E-03
 57.00    56.00   56  0.5229734E+00   0.4014454E-03   0.9432822E-04
 58.00    56.00   56  0.8939049E+00   0.1596619E-03   0.1408732E-03
 59.00    56.00   56  0.7830831E+00   0.5494185E-04   0.2260895E-03
 60.00    56.00   56  0.7905088E+00   0.1068158E-03   0.2218329E-03
 61.00    56.00   56  0.8192835E+00   0.2652375E-02   0.2014356E-03
 52.00    57.00   56  0.1054165E-05   0.6387640E-05   0.4997031E-03
 53.00    57.00   56  0.1942475E-02   0.2208201E-03   0.4863182E-03
 54.00    57.00   56  0.3764178E-02   0.1503068E-03   0.4804402E-03
 55.00    57.00   56  0.1470677E+00   0.3878306E-03   0.3242252E-03
 56.00    57.00   56  0.9851992E+00   0.5408624E-03  -0.2745853E-04
 57.00    57.00   56  0.8896949E+00   0.1838057E-03   0.1455857E-03
 58.00    57.00   56  0.8077857E+00   0.6853824E-04   0.2095823E-03
 59.00    57.00   56  0.7937887E+00   0.4944277E-04   0.2196329E-03
 60.00    57.00   56  0.8011764E+00   0.1713086E-03   0.2146265E-03
 61.00    57.00   56  0.7997975E+00   0.8462568E-02   0.2156152E-03
 52.00    58.00   56  0.2009533E-03   0.1499083E-02   0.4958077E-03
 53.00    58.00   56  0.5760554E-02   0.1565526E-02   0.4752730E-03
 54.00    58.00   56  0.1352295E+00   0.2649721E-02   0.3336674E-03
 55.00    58.00   56  0.9845912E+00   0.1011415E-02  -0.2785219E-04
 56.00    58.00   56  0.9057404E+00   0.1836871E-03   0.1314776E-03
 57.00    58.00   56  0.8493078E+00   0.9612946E-04   0.1786192E-03
 58.00    58.00   56  0.8090945E+00   0.5714549E-04   0.2089064E-03
 59.00    58.00   56  0.8137069E+00   0.6370962E-04   0.2055402E-03
 60.00    58.00   56  0.8227307E+00   0.3190087E-03   0.1988787E-03
 61.00    58.00   56  0.8194878E+00   0.3217312E-01   0.2012845E-03
 54.00    59.00   56  0.8630412E+00   0.3834562E-01  -0.3076822E-04
 55.00    59.00   56  0.9908634E+00   0.1976020E-02  -0.2289854E-04
 56.00    59.00   56  0.9391159E+00   0.3116658E-03   0.9946933E-04
 57.00    59.00   56  0.8723714E+00   0.2043208E-03   0.1601382E-03
 58.00    59.00   56  0.8329381E+00   0.1610776E-03   0.1912159E-03
 59.00    59.00   56  0.8759187E+00   0.2317587E-03   0.1572095E-03
 60.00    59.00   56  0.8744546E+00   0.1405325E-02   0.1584213E-03
 61.00    59.00   56  0.8761037E+00   0.1229320E+00   0.1570559E-03
 54.00    60.00   56  0.9078714E+00   0.1810879E+01   0.1295513E-03
 55.00    60.00   56  0.9652746E+00   0.4303944E-01   0.7021448E-04
 56.00    60.00   56  0.9979157E+00   0.4199530E-02   0.1420794E-04
 57.00    60.00   56  0.9577845E+00   0.2369741E-02   0.7915456E-04
 58.00    60.00   56  0.9259309E+00   0.2356094E-02   0.1126337E-03
 59.00    60.00   56  0.9047068E+00   0.2831975E-02   0.1324073E-03
 60.00    60.00   56  0.8062857E+00   0.7676464E-02   0.2109436E-03
 61.00    60.00   56  0.7528673E+00   0.2967291E+00   0.2480847E-03
 56.00    61.00   56  0.9810591E+00   0.2324527E+00  -0.2988067E-04
 57.00    61.00   56  0.4771747E+00   0.8773616E-02   0.1172256E-03
 58.00    61.00   56  0.8734969E+00   0.1205258E-01  -0.3270857E-04
 59.00    61.00   56  0.8040194E+00   0.1655613E-01   0.2125810E-03
 60.00    61.00   56  0.7537836E+00   0.1638557E-01   0.2474713E-03
 61.00    61.00   56  0.7500000E+00   0.1971487E+00   0.2500000E-03
 57.00    62.00   56  0.8190019E-01   0.4370640E-01   0.3798915E-03
 58.00    62.00   56  0.8559062E+00   0.6794190E-01  -0.2933142E-04
 49.00    37.00   57  0.1198925E-02   0.2560749E-03   0.4894111E-03
 50.00    37.00   57  0.2434789E-01   0.7801174E-02   0.4433335E-03
 48.00    38.00   57  0.8038631E-04   0.2586982E-04   0.4973717E-03
 49.00    38.00   57  0.5983588E-02   0.2700604E-03   0.4747451E-03
 50.00    38.00   57  0.1853244E+00   0.6396466E-02   0.2951701E-03
 51.00    38.00   57  0.7519112E+00   0.2354020E-01   0.2487243E-03
 52.00    38.00   57  0.7500000E+00   0.2145699E+00   0.2500000E-03
 48.00    39.00   57  0.2377541E-03   0.5461251E-04   0.4954305E-03
 49.00    39.00   57  0.1252739E-01   0.3141050E-03   0.4616292E-03
 50.00    39.00   57  0.4866412E+00   0.6825165E-02   0.1123934E-03
 51.00    39.00   57  0.8061459E+00   0.7477609E-02   0.2110449E-03
 52.00    39.00   57  0.7806122E+00   0.3774350E-01   0.2291569E-03
 53.00    39.00   57  0.7690777E+00   0.1324904E+00   0.2371154E-03
 48.00    40.00   57  0.2913484E-02   0.4220330E-03   0.4829843E-03
 49.00    40.00   57  0.8002845E-01   0.8077926E-03   0.3816575E-03
 50.00    40.00   57  0.2702077E+00   0.1945109E-02   0.2367051E-03
 51.00    40.00   57  0.8648390E+00   0.2238477E-02   0.1662772E-03
 52.00    40.00   57  0.8064935E+00   0.1974840E-02   0.2107934E-03
 53.00    40.00   57  0.8524519E+00   0.3926977E-02   0.1761530E-03
 54.00    40.00   57  0.8596964E+00   0.2891852E-01   0.1704090E-03
 48.00    41.00   57  0.1912152E-02   0.5046143E-03   0.4864328E-03
 49.00    41.00   57  0.4245177E-01   0.6261307E-03   0.4205722E-03
 50.00    41.00   57  0.8922153E+00   0.2742415E-02  -0.3562809E-04
 51.00    41.00   57  0.9036847E+00   0.1035042E-02   0.1333234E-03
 52.00    41.00   57  0.9373778E+00   0.7872436E-03   0.1012518E-03
 53.00    41.00   57  0.9702854E+00   0.8834614E-03   0.6387418E-04
 54.00    41.00   57  0.9310346E+00   0.4195441E-02   0.1071991E-03
 49.00    42.00   57  0.1420463E-01   0.8252438E-03   0.4587377E-03
 50.00    42.00   57  0.9651306E+00   0.3206808E-02  -0.3552233E-04
 51.00    42.00   57  0.9277468E+00   0.8719632E-03   0.1108664E-03
 52.00    42.00   57  0.9731596E+00   0.6098596E-03   0.6007490E-04
 53.00    42.00   57  0.9912232E+00   0.5118379E-03  -0.2253719E-04
 54.00    42.00   57  0.9647055E+00   0.9224620E-03  -0.3665016E-04
 49.00    43.00   57  0.4291609E-01   0.8944801E-02   0.4200368E-03
 50.00    43.00   57  0.9836549E+00   0.6161687E-02  -0.2843118E-04
 51.00    43.00   57  0.9980190E+00   0.1459722E-02   0.1382551E-04
 52.00    43.00   57  0.9699416E+00   0.1202634E-02  -0.3426155E-04
 53.00    43.00   57  0.5641225E+00   0.7535438E-03   0.7479312E-04
 54.00    43.00   57  0.5223158E+00   0.3803548E-03   0.9458905E-04
 55.00    43.00   57  0.4558313E+00   0.9590948E-03  -0.1215364E-03
 50.00    44.00   57  0.5468504E+00   0.2551863E-01   0.8287223E-04
 51.00    44.00   57  0.4353909E+00   0.3422303E-02   0.1391771E-03
 52.00    44.00   57  0.1734758E+00   0.1645860E-02   0.3039530E-03
 53.00    44.00   57  0.2891483E-01   0.3885787E-03   0.4371701E-03
 54.00    44.00   57  0.2509825E+00   0.3867981E-03   0.2493454E-03
 55.00    44.00   57  0.3871510E+00   0.3980246E-03   0.1387449E-03
 51.00    45.00   57  0.3364078E-01   0.2029324E-02   0.4311307E-03
 52.00    45.00   57  0.6685456E-02   0.1274285E-02   0.4731329E-03
 53.00    45.00   57  0.4255814E-04   0.5394605E-04   0.4980956E-03
 54.00    45.00   57  0.8532625E-01   0.3521410E-03   0.3766907E-03
 55.00    45.00   57  0.3762217E+00   0.4005374E-03   0.1692058E-03
 59.00    45.00   57  0.6504813E+00   0.2235881E-02   0.2016612E-03
 53.00    46.00   57  0.3589165E-03   0.4420524E-02   0.4943525E-03
 54.00    46.00   57  0.4604943E-01   0.7205585E-03   0.4164712E-03
 55.00    46.00   57  0.4005996E+00   0.5579168E-03   0.1568959E-03
 59.00    46.00   57  0.3367253E+00   0.3843154E-03   0.2213761E-03
 60.00    46.00   57  0.7500001E+00   0.8958323E-01   0.2500000E-03
 54.00    47.00   57  0.5515371E-01   0.3207851E-02   0.4065244E-03
 55.00    47.00   57  0.2875177E+00   0.5759781E-03   0.2241548E-03
 59.00    47.00   57  0.8112319E-01   0.1372838E-03   0.3372376E-03
 60.00    47.00   57  0.7376637E+00   0.1298182E-01   0.2437615E-03
 54.00    48.00   57  0.2552732E+00   0.1128377E-01   0.2464968E-03
 55.00    48.00   57  0.2221218E+00   0.5989211E-03   0.2684844E-03
 59.00    48.00   57  0.4773439E-01   0.8814288E-04   0.3720899E-03
 60.00    48.00   57  0.7367873E+00   0.4962697E-02   0.2383619E-03
 54.00    49.00   57  0.1543557E-01   0.2205511E-02   0.4566951E-03
 55.00    49.00   57  0.1443506E+00   0.6234019E-03   0.3258566E-03
 59.00    49.00   57  0.1793729E+00   0.9312818E-04   0.2723888E-03
 60.00    49.00   57  0.6789260E+00   0.2228167E-02   0.2013829E-03
 54.00    50.00   57  0.9119412E-02   0.1112943E-01   0.4679991E-03
 55.00    50.00   57  0.1207364E+00   0.7687801E-03   0.3423978E-03
 59.00    50.00   57  0.2740648E+00   0.6398105E-04   0.2386667E-03
 60.00    50.00   57  0.6603559E+00   0.6109689E-03   0.2113556E-03
 61.00    50.00   57  0.7500000E+00   0.1343335E+02   0.2500000E-03
 55.00    51.00   57  0.7015559E-01   0.8491878E-03   0.3901749E-03
 56.00    51.00   57  0.4264555E-01   0.2938073E-03   0.2776318E-03
 59.00    51.00   57  0.1844912E+00   0.4161468E-04   0.2713698E-03
 60.00    51.00   57  0.6486033E+00   0.2111237E-03   0.2141141E-03
 61.00    51.00   57  0.8173283E+00   0.5817999E-01   0.1934006E-03
 55.00    52.00   57  0.1540481E-01   0.4457282E-03   0.4567454E-03
 56.00    52.00   57  0.2795361E-02   0.5346841E-04   0.4702739E-03
 59.00    52.00   57  0.1910716E-01   0.1246971E-04   0.4171856E-03
 60.00    52.00   57  0.6459084E+00   0.1058287E-03   0.2108044E-03
 61.00    52.00   57  0.8037335E+00   0.3597519E-02   0.1973716E-03
 55.00    53.00   57  0.1332851E-01   0.1422232E-02   0.4602313E-03
 56.00    53.00   57  0.7365841E-01   0.3387650E-03   0.3833117E-03
 57.00    53.00   57  0.2234651E-01   0.9176839E-04   0.4108076E-03
 59.00    53.00   57  0.7561291E-02   0.1064277E-04   0.4420435E-03
 60.00    53.00   57  0.6249298E+00   0.5997368E-04   0.2065608E-03
 61.00    53.00   57  0.7677274E+00   0.6513753E-03   0.2201996E-03
 55.00    54.00   57  0.1347608E-01   0.1256459E-02   0.4599773E-03
 56.00    54.00   57  0.1365868E+00   0.5902366E-03   0.3325107E-03
 57.00    54.00   57  0.9838144E-01   0.1559029E-03   0.3636119E-03
 58.00    54.00   57  0.7329413E-01   0.1195547E-03   0.3625430E-03
 59.00    54.00   57  0.4752985E+00   0.1592867E-03   0.2041148E-04
 60.00    54.00   57  0.6712062E+00   0.4670880E-04   0.2140650E-03
 61.00    54.00   57  0.7694756E+00   0.2104313E-03   0.2241883E-03
 62.00    54.00   57  0.8802457E+00   0.2254959E+00   0.1536025E-03
 55.00    55.00   57  0.1309649E+00   0.3649416E-02   0.3371295E-03
 56.00    55.00   57  0.3623414E-01   0.2316713E-03   0.4279376E-03
 57.00    55.00   57  0.1079908E+00   0.1557604E-03   0.3563636E-03
 58.00    55.00   57  0.9331282E-01   0.1017955E-03   0.3689224E-03
 59.00    55.00   57  0.9724866E+00   0.2290454E-03  -0.1064257E-04
 60.00    55.00   57  0.7439478E+00   0.4808746E-04   0.2213652E-03
 61.00    55.00   57  0.7764742E+00   0.1373960E-03   0.2270756E-03
 62.00    55.00   57  0.8112066E+00   0.2762501E-01   0.2073680E-03
 54.00    56.00   57  0.1601898E-01   0.2711316E-02   0.4557479E-03
 55.00    56.00   57  0.1164538E+00   0.7886720E-03   0.3491753E-03
 56.00    56.00   57  0.2969478E-01   0.1320413E-03   0.4361518E-03
 57.00    56.00   57  0.4999235E-01   0.9953697E-04   0.4120931E-03
 58.00    56.00   57  0.2194872E+00   0.1869445E-03   0.2707143E-03
 59.00    56.00   57  0.9304565E+00   0.1487687E-03   0.9596423E-04
 60.00    56.00   57  0.7756425E+00   0.4892152E-04   0.2236808E-03
 61.00    56.00   57  0.7904025E+00   0.1465992E-03   0.2212823E-03
 62.00    56.00   57  0.7677715E+00   0.1559628E-01   0.2380085E-03
 52.00    57.00   57  0.5071574E-04   0.4855141E-04   0.4979189E-03
 53.00    57.00   57  0.3004393E-02   0.3672112E-03   0.4826986E-03
 54.00    57.00   57  0.3531842E-01   0.6807730E-03   0.4290562E-03
 55.00    57.00   57  0.4270272E-01   0.1856486E-03   0.4202826E-03
 56.00    57.00   57  0.6889141E-01   0.1457263E-03   0.3924417E-03
 57.00    57.00   57  0.3366370E+00   0.2903293E-03   0.1952653E-03
 58.00    57.00   57  0.9961687E+00   0.3292042E-03  -0.1595833E-04
 59.00    57.00   57  0.8217353E+00   0.6780079E-04   0.1966840E-03
 60.00    57.00   57  0.7815280E+00   0.4929411E-04   0.2257766E-03
 61.00    57.00   57  0.7969140E+00   0.2384862E-03   0.2172200E-03
 62.00    57.00   57  0.7784959E+00   0.2878530E-01   0.2306269E-03
 52.00    58.00   57  0.1610523E-01   0.4084933E-02   0.4556089E-03
 53.00    58.00   57  0.3649776E-01   0.1854859E-02   0.4276173E-03
 54.00    58.00   57  0.7910448E-02   0.1757463E-03   0.4704716E-03
 55.00    58.00   57  0.3714824E+00   0.6510153E-03   0.1747707E-03
 56.00    58.00   57  0.9858354E+00   0.3129030E-03   0.4119467E-04
 57.00    58.00   57  0.9009607E+00   0.1627072E-03   0.1357513E-03
 58.00    58.00   57  0.8355647E+00   0.8880848E-04   0.1892208E-03
 59.00    58.00   57  0.7933211E+00   0.4328951E-04   0.2187357E-03
 60.00    58.00   57  0.7872658E+00   0.5019555E-04   0.2226057E-03
 61.00    58.00   57  0.8031220E+00   0.3939983E-03   0.2131530E-03
 62.00    58.00   57  0.9999729E+00   0.3190688E+00  -0.1491921E-05
 54.00    59.00   57  0.3001634E+00   0.7698543E-02   0.2176101E-03
 55.00    59.00   57  0.9902716E+00   0.1130867E-02  -0.2346974E-04
 56.00    59.00   57  0.9148601E+00   0.1891242E-03   0.1231363E-03
 57.00    59.00   57  0.8564840E+00   0.1022157E-03   0.1729670E-03
 58.00    59.00   57  0.8121608E+00   0.6065286E-04   0.2066715E-03
 59.00    59.00   57  0.7979241E+00   0.4656952E-04   0.2168961E-03
 60.00    59.00   57  0.8049280E+00   0.7171900E-04   0.2118478E-03
 61.00    59.00   57  0.8237930E+00   0.7066781E-03   0.1980877E-03
 62.00    59.00   57  0.1466829E+00   0.9393981E+00   0.3245283E-03
 54.00    60.00   57  0.3244152E+00   0.1347478E+00   0.2026474E-03
 55.00    60.00   57  0.9932650E+00   0.8746918E-02  -0.2024305E-04
 56.00    60.00   57  0.9760572E+00   0.8738906E-03   0.5610156E-04
 57.00    60.00   57  0.8923032E+00   0.3527838E-03   0.1433370E-03
 58.00    60.00   57  0.8307820E+00   0.1634988E-03   0.1928462E-03
 59.00    60.00   57  0.8278705E+00   0.1210175E-03   0.1950376E-03
 60.00    60.00   57  0.8216354E+00   0.1962297E-03   0.1996927E-03
 61.00    60.00   57  0.8442740E+00   0.2252454E-02   0.1825352E-03
 55.00    61.00   57  0.7544999E+00   0.1362860E+01  -0.1490873E-05
 56.00    61.00   57  0.9652612E+00   0.1587016E-01  -0.3549195E-04
 57.00    61.00   57  0.9938967E+00   0.2309674E-02   0.2553494E-04
 58.00    61.00   57  0.9724211E+00   0.2986150E-02   0.6106362E-04
 59.00    61.00   57  0.8849800E+00   0.1790152E-02   0.1496107E-03
 60.00    61.00   57  0.8464362E+00   0.1690357E-02   0.1808579E-03
 61.00    61.00   57  0.7808330E+00   0.1156446E-01   0.2290032E-03
 56.00    62.00   57  0.9995058E+00   0.3165267E+00   0.6663438E-05
 57.00    62.00   57  0.9077825E+00   0.1934982E-01  -0.3741443E-04
 58.00    62.00   57  0.9780272E+00   0.2439303E-01  -0.3133167E-04
 59.00    62.00   57  0.7591751E+00   0.5974450E-01   0.2438454E-03
 60.00    62.00   57  0.7500001E+00   0.1981445E-01   0.2500000E-03
 61.00    62.00   57  0.7500000E+00   0.5693810E-01   0.2500000E-03
 49.00    39.00   58  0.5142657E-04   0.2361220E-04   0.4979042E-03
 50.00    39.00   58  0.7455383E-02   0.7788303E-03   0.4714399E-03
 51.00    39.00   58  0.9507468E+00   0.4284303E-01   0.8709478E-04
 52.00    39.00   58  0.7589428E+00   0.1473177E+00   0.2440021E-03
 53.00    39.00   58  0.8375924E+00   0.3866711E+01   0.1876743E-03
 49.00    40.00   58  0.1830858E-02   0.1179884E-03   0.4867439E-03
 50.00    40.00   58  0.8479469E-01   0.1234141E-02   0.3771848E-03
 51.00    40.00   58  0.9506574E+00   0.3721250E-02   0.8719318E-04
 52.00    40.00   58  0.8458636E+00   0.4156057E-02   0.1813029E-03
 53.00    40.00   58  0.9366633E+00   0.1091653E-01   0.1019802E-03
 54.00    40.00   58  0.7500001E+00   0.1126299E+01   0.2500000E-03
 49.00    41.00   58  0.1191441E-01   0.3663354E-03   0.4627213E-03
 50.00    41.00   58  0.9408152E-01   0.7500396E-03   0.3686828E-03
 51.00    41.00   58  0.9919218E+00   0.3494889E-02  -0.2180162E-04
 52.00    41.00   58  0.9159972E+00   0.2141640E-02   0.1220777E-03
 53.00    41.00   58  0.9027330E+00   0.1862403E-02   0.1341742E-03
 54.00    41.00   58  0.9744232E+00   0.1350062E-01   0.5836115E-04
 49.00    42.00   58  0.7479231E-02   0.5801580E-03   0.4713886E-03
 50.00    42.00   58  0.3580194E+00   0.1983700E-02   0.1825943E-03
 51.00    42.00   58  0.9979655E+00   0.1925959E-02   0.1402496E-04
 52.00    42.00   58  0.9130971E+00   0.9280578E-03   0.1247693E-03
 53.00    42.00   58  0.9993949E+00   0.8584553E-03   0.7402734E-05
 54.00    42.00   58  0.9951565E+00   0.1183143E-02  -0.1762022E-04
 55.00    42.00   58  0.9972761E+00   0.7327363E-02  -0.3527215E-04
 49.00    43.00   58  0.5635177E-01   0.6448964E-02   0.4052557E-03
 50.00    43.00   58  0.4590465E+00   0.3874899E-02   0.1266242E-03
 51.00    43.00   58  0.9750450E+00   0.1704202E-02   0.5750734E-04
 52.00    43.00   58  0.9563780E+00   0.7861927E-03   0.8077346E-04
 53.00    43.00   58  0.9685686E+00   0.6586317E-03  -0.3465248E-04
 54.00    43.00   58  0.8439110E+00   0.5150741E-03  -0.2672715E-04
 55.00    43.00   58  0.8184525E+00   0.7089580E-03  -0.2179586E-04
 49.00    44.00   58  0.1254961E-02   0.8336674E-02   0.4891525E-03
 50.00    44.00   58  0.4173396E+00   0.1994790E-01   0.1489788E-03
 51.00    44.00   58  0.9861243E+00   0.3746770E-02  -0.2682995E-04
 52.00    44.00   58  0.9847805E+00   0.1774118E-02  -0.2773147E-04
 53.00    44.00   58  0.3329303E+00   0.9306323E-03   0.1974933E-03
 54.00    44.00   58  0.2305716E+00   0.5561847E-03   0.2631246E-03
 55.00    44.00   58  0.4053190E+00   0.3411737E-03   0.1555617E-03
 56.00    44.00   58  0.4176678E+00   0.6391781E-03  -0.8475850E-05
 51.00    45.00   58  0.1721992E+00   0.6946452E-02   0.3049101E-03
 52.00    45.00   58  0.2259609E+00   0.2965033E-02   0.2662918E-03
 53.00    45.00   58  0.8728325E-02   0.4572544E-03   0.4687842E-03
 54.00    45.00   58  0.4733626E-02   0.1650206E-03   0.4778190E-03
 55.00    45.00   58  0.1857405E+00   0.3706815E-03   0.2948648E-03
 56.00    45.00   58  0.4865175E+00   0.5074118E-03   0.8499401E-04
 60.00    45.00   58  0.7491235E+00   0.6866424E-01   0.2343670E-03
 51.00    46.00   58  0.3566486E+00   0.9262820E+00   0.1833975E-03
 52.00    46.00   58  0.2634119E-01   0.9930482E-02   0.4405987E-03
 53.00    46.00   58  0.1114641E-02   0.1629123E-02   0.4898103E-03
 54.00    46.00   58  0.1485522E-03   0.6548100E-03   0.4964076E-03
 55.00    46.00   58  0.1963803E+00   0.1081072E-02   0.2871309E-03
 56.00    46.00   58  0.5352766E+00   0.6341978E-03   0.6658296E-04
 60.00    46.00   58  0.6816754E+00   0.3168123E-02   0.2260472E-03
 55.00    47.00   58  0.2427588E+00   0.4082499E-02   0.2548510E-03
 56.00    47.00   58  0.2947954E+00   0.5430305E-03   0.1963053E-03
 60.00    47.00   58  0.4857585E+00   0.9352891E-03   0.2081106E-03
 61.00    47.00   58  0.7500001E+00   0.2684474E+01   0.2500000E-03
 55.00    48.00   58  0.5987258E-01   0.2521958E-02   0.4015754E-03
 56.00    48.00   58  0.1775104E+00   0.4325535E-03   0.2903776E-03
 60.00    48.00   58  0.3793040E+00   0.4910057E-03   0.2127234E-03
 61.00    48.00   58  0.7500001E+00   0.1253809E+00   0.2500000E-03
 55.00    49.00   58  0.1136901E+00   0.6113725E-02   0.3515196E-03
 56.00    49.00   58  0.9717390E-01   0.3803410E-03   0.3623242E-03
 60.00    49.00   58  0.2507023E+00   0.3013453E-03   0.2424011E-03
 61.00    49.00   58  0.7530394E+00   0.3315913E-01   0.2217168E-03
 55.00    50.00   58  0.1454248E+00   0.9767639E-02   0.3255214E-03
 56.00    50.00   58  0.1412952E+00   0.5334074E-03   0.3233111E-03
 60.00    50.00   58  0.2717584E+00   0.1720064E-03   0.2365062E-03
 61.00    50.00   58  0.7186731E+00   0.1415276E-01   0.2346626E-03
 55.00    51.00   58  0.3777120E-01   0.6563900E-02   0.4260807E-03
 56.00    51.00   58  0.1552266E+00   0.6350102E-03   0.2979663E-03
 60.00    51.00   58  0.4443799E+00   0.1061801E-03   0.2060360E-03
 61.00    51.00   58  0.7236682E+00   0.2918909E-02   0.2296476E-03
 55.00    52.00   58  0.1997365E-02   0.2112833E-02   0.4861128E-03
 56.00    52.00   58  0.3877161E-01   0.5026194E-03   0.4025431E-03
 60.00    52.00   58  0.3951121E+00   0.6606480E-04   0.2117705E-03
 61.00    52.00   58  0.7111710E+00   0.4899670E-03   0.2286820E-03
 62.00    52.00   58  0.7500000E+00   0.1437589E+01   0.2500000E-03
 56.00    53.00   58  0.4831182E-01   0.1232309E-02   0.4082245E-03
 57.00    53.00   58  0.2279110E-02   0.7672400E-04   0.4614086E-03
 60.00    53.00   58  0.2098629E+00   0.4131112E-04   0.2528777E-03
 61.00    53.00   58  0.7027920E+00   0.1616366E-03   0.2232798E-03
 62.00    53.00   58  0.7475785E+00   0.2745277E-01   0.2463585E-03
 55.00    54.00   58  0.6658190E-01   0.4142048E+00   0.3947434E-03
 56.00    54.00   58  0.4628598E-01   0.2523180E-02   0.4129657E-03
 57.00    54.00   58  0.2578643E+00   0.7749116E-03   0.2311480E-03
 58.00    54.00   58  0.6626760E-01   0.1742633E-03   0.3217015E-03
 60.00    54.00   58  0.2123736E+00   0.4759278E-04   0.2432245E-03
 61.00    54.00   58  0.6851835E+00   0.9077497E-04   0.2198463E-03
 62.00    54.00   58  0.7719692E+00   0.3478466E-02   0.2320771E-03
 55.00    55.00   58  0.7362824E+00   0.3055100E+00   0.4654692E-05
 56.00    55.00   58  0.1972322E+00   0.2830332E-02   0.2865174E-03
 57.00    55.00   58  0.4298078E+00   0.7453831E-03   0.1416286E-03
 58.00    55.00   58  0.1234664E+00   0.1737196E-03   0.3383349E-03
 59.00    55.00   58  0.3054975E+00   0.2963984E-03   0.1110405E-03
 60.00    55.00   58  0.5817127E+00   0.8846657E-04   0.1428990E-03
 61.00    55.00   58  0.7141330E+00   0.6022248E-04   0.2236700E-03
 62.00    55.00   58  0.7849092E+00   0.9257935E-03   0.2247301E-03
 54.00    56.00   58  0.2254120E+00   0.1304695E+00   0.2666702E-03
 55.00    56.00   58  0.6805929E-01   0.1786978E-02   0.3932682E-03
 56.00    56.00   58  0.4323045E-01   0.3405235E-03   0.4196754E-03
 57.00    56.00   58  0.5010656E-01   0.1590150E-03   0.4119680E-03
 58.00    56.00   58  0.1297279E+00   0.1523451E-03   0.3381360E-03
 59.00    56.00   58  0.2162124E+00   0.1641916E-03   0.2709848E-03
 60.00    56.00   58  0.7983921E+00   0.1000832E-03   0.1538164E-03
 61.00    56.00   58  0.7490901E+00   0.5570171E-04   0.2266881E-03
 62.00    56.00   58  0.7764691E+00   0.5927690E-03   0.2288113E-03
 52.00    57.00   58  0.8652700E-06   0.6389051E-05   0.4997310E-03
 53.00    57.00   58  0.1473499E-04   0.3032437E-04   0.4988845E-03
 54.00    57.00   58  0.6925976E-01   0.3290235E-02   0.3920769E-03
 55.00    57.00   58  0.8269595E-01   0.4611287E-03   0.3791445E-03
 56.00    57.00   58  0.2558781E-01   0.1112554E-03   0.4416237E-03
 57.00    57.00   58  0.2998084E-01   0.9213274E-04   0.4357806E-03
 58.00    57.00   58  0.9205882E-01   0.1412161E-03   0.3705120E-03
 59.00    57.00   58  0.5195783E+00   0.2777039E-03   0.9562925E-04
 60.00    57.00   58  0.8396879E+00   0.8686952E-04   0.1787578E-03
 61.00    57.00   58  0.7780075E+00   0.6101103E-04   0.2262126E-03
 62.00    57.00   58  0.8158132E+00   0.6212977E-03   0.2036542E-03
 63.00    57.00   58  0.7500000E+00   0.1011186E+04   0.2500000E-03
 52.00    58.00   58  0.9228033E-02   0.1700482E-02   0.4677834E-03
 53.00    58.00   58  0.2006271E-02   0.1801291E-03   0.4860797E-03
 54.00    58.00   58  0.8636840E-02   0.1741452E-03   0.4689698E-03
 55.00    58.00   58  0.7825409E-01   0.2598642E-03   0.3833432E-03
 56.00    58.00   58  0.4692919E+00   0.4915972E-03   0.1212890E-03
 57.00    58.00   58  0.6474307E+00   0.4464292E-03   0.3836432E-04
 58.00    58.00   58  0.8249379E+00   0.4444824E-03  -0.2217141E-04
 59.00    58.00   58  0.9614376E+00   0.2286978E-03   0.7170750E-04
 60.00    58.00   58  0.7986593E+00   0.5846001E-04   0.2119749E-03
 61.00    58.00   58  0.7787026E+00   0.7208047E-04   0.2238999E-03
 62.00    58.00   58  0.8124413E+00   0.9197960E-03   0.2032598E-03
 63.00    58.00   58  0.7500000E+00   0.3337574E+02   0.2500000E-03
 52.00    59.00   58  0.7500000E+00   0.2306039E+01   0.2500000E-03
 53.00    59.00   58  0.7152574E-03   0.8714628E-03   0.4919248E-03
 54.00    59.00   58  0.1492374E+00   0.1963636E-02   0.3225199E-03
 55.00    59.00   58  0.9884030E+00   0.1008006E-02  -0.2510799E-04
 56.00    59.00   58  0.9268026E+00   0.2137548E-03   0.1117871E-03
 57.00    59.00   58  0.8672100E+00   0.1355695E-03   0.1643563E-03
 58.00    59.00   58  0.8422393E+00   0.1049820E-03   0.1841072E-03
 59.00    59.00   58  0.8063241E+00   0.7009511E-04   0.2107326E-03
 60.00    59.00   58  0.7821627E+00   0.4528979E-04   0.2266475E-03
 61.00    59.00   58  0.7784996E+00   0.7828024E-04   0.2284166E-03
 62.00    59.00   58  0.8190501E+00   0.1403963E-02   0.2009649E-03
 63.00    59.00   58  0.7500001E+00   0.1459617E+02   0.2500000E-03
 53.00    60.00   58  0.5769098E-02   0.3962196E+00   0.4752526E-03
 54.00    60.00   58  0.9671800E+00   0.2814950E-01   0.6784190E-04
 55.00    60.00   58  0.9930794E+00   0.1932416E-02   0.2739226E-04
 56.00    60.00   58  0.9477446E+00   0.3457028E-03   0.9036990E-04
 57.00    60.00   58  0.8690659E+00   0.1478243E-03   0.1628455E-03
 58.00    60.00   58  0.7938046E+00   0.6742202E-04   0.2198878E-03
 59.00    60.00   58  0.7922391E+00   0.4999714E-04   0.2209974E-03
 60.00    60.00   58  0.7978165E+00   0.4631164E-04   0.2170266E-03
 61.00    60.00   58  0.7964140E+00   0.9850231E-04   0.2180240E-03
 62.00    60.00   58  0.7960155E+00   0.1390439E-02   0.2183161E-03
 63.00    60.00   58  0.7500002E+00   0.1812753E+01   0.2500000E-03
 54.00    61.00   58  0.7500001E+00   0.3729327E+01   0.2500000E-03
 55.00    61.00   58  0.8619668E+00   0.4391198E-01   0.1685908E-03
 56.00    61.00   58  0.9790922E+00   0.3617520E-02   0.5175627E-04
 57.00    61.00   58  0.8934286E+00   0.7978258E-03   0.1423615E-03
 58.00    61.00   58  0.8771726E+00   0.4316716E-03   0.1561682E-03
 59.00    61.00   58  0.8432207E+00   0.1811484E-03   0.1833498E-03
 60.00    61.00   58  0.8366953E+00   0.1342571E-03   0.1883592E-03
 61.00    61.00   58  0.8366963E+00   0.2596939E-03   0.1883584E-03
 62.00    61.00   58  0.8566550E+00   0.3528834E-02   0.1728313E-03
 56.00    62.00   58  0.4548415E+00   0.7885881E-01   0.1288316E-03
 57.00    62.00   58  0.9753394E+00   0.6106106E-02  -0.3244000E-04
 58.00    62.00   58  0.8053930E+00   0.1146188E-01  -0.1698238E-04
 59.00    62.00   58  0.9952400E+00   0.1038159E-01   0.2224860E-04
 60.00    62.00   58  0.8618238E+00   0.1863014E-02   0.1687055E-03
 61.00    62.00   58  0.8722240E+00   0.2315369E-02   0.1602594E-03
 62.00    62.00   58  0.9462659E+00   0.1579150E-01   0.9196109E-04
 57.00    63.00   58  0.2945237E+00   0.1416933E+00   0.2211519E-03
 58.00    63.00   58  0.3458116E+00   0.1858525E+00   0.1897911E-03
 59.00    63.00   58  0.7500000E+00   0.7038851E+00   0.2500000E-03
 60.00    63.00   58  0.7500000E+00   0.8675563E-01   0.2500000E-03
 61.00    63.00   58  0.7584032E+00   0.2885400E-01   0.2443662E-03
 62.00    63.00   58  0.7893972E+00   0.1643120E+00   0.2230048E-03
 50.00    39.00   59  0.2286516E-09   0.8043683E-07   0.4999957E-03
 51.00    39.00   59  0.1925089E-06   0.1034372E-03   0.4998732E-03
 49.00    40.00   59  0.1172674E-03   0.2808870E-04   0.4968155E-03
 50.00    40.00   59  0.1878788E-01   0.4035982E-03   0.4514112E-03
 51.00    40.00   59  0.9853855E+00   0.5192665E-02  -0.2733473E-04
 52.00    40.00   59  0.8539711E+00   0.6996288E-02   0.1749558E-03
 53.00    40.00   59  0.9928747E+00   0.4180182E-01   0.2784317E-04
 49.00    41.00   59  0.1278687E-01   0.4282361E-03   0.4611728E-03
 50.00    41.00   59  0.4933873E-01   0.3879701E-03   0.4128110E-03
 51.00    41.00   59  0.3439042E+00   0.1564359E-02   0.1909244E-03
 52.00    41.00   59  0.8484015E+00   0.1484711E-02   0.1793271E-03
 53.00    41.00   59  0.9296513E+00   0.3037535E-02   0.1089984E-03
 54.00    41.00   59  0.8798559E+00   0.2190511E-01   0.1539291E-03
 55.00    41.00   59  0.7902383E+00   0.3108622E-01   0.2224116E-03
 49.00    42.00   59  0.2997489E-01   0.1907935E-02   0.4357883E-03
 50.00    42.00   59  0.3608008E+00   0.1608764E-02   0.1809683E-03
 51.00    42.00   59  0.9105347E+00   0.2082717E-02  -0.3765925E-04
 52.00    42.00   59  0.8759018E+00   0.1189644E-02   0.1572233E-03
 53.00    42.00   59  0.8370197E+00   0.1077554E-02   0.1881117E-03
 54.00    42.00   59  0.9827381E+00   0.3201423E-02   0.4622986E-04
 55.00    42.00   59  0.9620378E+00   0.1113077E-01   0.7414812E-04
 50.00    43.00   59  0.4722978E-01   0.5989964E-03   0.4151485E-03
 51.00    43.00   59  0.9098687E+00   0.1949670E-02  -0.3760221E-04
 52.00    43.00   59  0.8869770E+00   0.8026868E-03   0.1479121E-03
 53.00    43.00   59  0.9749044E+00   0.7723771E-03   0.5770117E-04
 54.00    43.00   59  0.9754497E+00   0.8052504E-03  -0.3239734E-04
 55.00    43.00   59  0.7437247E+00   0.1063544E-02   0.2109155E-05
 56.00    43.00   59  0.2496146E+00   0.3623255E-02   0.1092438E-03
 50.00    44.00   59  0.9379192E+00   0.2434979E-01  -0.3861758E-04
 51.00    44.00   59  0.9547164E+00   0.4090010E-02  -0.3738113E-04
 52.00    44.00   59  0.9614286E+00   0.1371742E-02   0.7487633E-04
 53.00    44.00   59  0.9898601E+00   0.1101103E-02  -0.2385088E-04
 54.00    44.00   59  0.6488828E+00   0.9016675E-03   0.3776827E-04
 55.00    44.00   59  0.3291980E+00   0.3149684E-03   0.1997462E-03
 56.00    44.00   59  0.3917297E+00   0.3779942E-03   0.1624148E-03
 51.00    45.00   59  0.1952574E+00   0.1018854E-01   0.2879409E-03
 52.00    45.00   59  0.9462214E+00   0.6767575E-02  -0.3823015E-04
 53.00    45.00   59  0.8150980E+00   0.3858845E-02  -0.1961790E-04
 54.00    45.00   59  0.1021482E-01   0.3109497E-03   0.4658661E-03
 55.00    45.00   59  0.7546873E-01   0.3379578E-03   0.3860132E-03
 56.00    45.00   59  0.2333414E+00   0.3073841E-03   0.2612319E-03
 57.00    45.00   59  0.3361505E+00   0.6913515E-03   0.4181173E-05
 52.00    46.00   59  0.4949154E+00   0.1958692E-01   0.1082122E-03
 53.00    46.00   59  0.4096637E+00   0.1010856E-01   0.1532059E-03
 54.00    46.00   59  0.3030388E-06   0.1037099E-04   0.4998409E-03
 55.00    46.00   59  0.6367762E-03   0.2049078E-03   0.4923994E-03
 56.00    46.00   59  0.1892091E+00   0.7445836E-03   0.2923287E-03
 57.00    46.00   59  0.2640458E+00   0.7683689E-03   0.4439775E-04
 60.00    46.00   59  0.2663819E+00   0.6073347E-03   0.2366998E-03
 61.00    46.00   59  0.9716419E+00   0.1759916E+00   0.3766673E-04
 56.00    47.00   59  0.1422645E+00   0.3073600E-02   0.3280274E-03
 57.00    47.00   59  0.9340306E-01   0.6272818E-03   0.2129967E-03
 60.00    47.00   59  0.1317429E-01   0.5516753E-04   0.4333985E-03
 61.00    47.00   59  0.7058931E+00   0.7190898E-02   0.1945398E-03
 56.00    48.00   59  0.6211055E+00   0.1222612E-01   0.4940759E-04
 57.00    48.00   59  0.1463681E+00   0.7056303E-03   0.1831398E-03
 61.00    48.00   59  0.5540444E+00   0.1963637E-02   0.1890319E-03
 62.00    48.00   59  0.7499998E+00   0.3578653E+01   0.2500001E-03
 56.00    49.00   59  0.1873523E+00   0.5623445E-02   0.2936846E-03
 57.00    49.00   59  0.1271582E+00   0.5555883E-03   0.2885681E-03
 61.00    49.00   59  0.2283587E+00   0.1014358E-02   0.2510931E-03
 62.00    49.00   59  0.7500000E+00   0.1048909E+01   0.2500000E-03
 56.00    50.00   59  0.8003777E-01   0.2777441E-02   0.3816487E-03
 57.00    50.00   59  0.7950930E-01   0.5108573E-03   0.3727599E-03
 61.00    50.00   59  0.3093033E+00   0.6870024E-03   0.2311782E-03
 62.00    50.00   59  0.6034872E+00   0.1281232E+01   0.2175757E-03
 56.00    51.00   59  0.6386934E-01   0.3842528E-02   0.3974785E-03
 57.00    51.00   59  0.1538594E+00   0.8335466E-03   0.2906200E-03
 61.00    51.00   59  0.4282840E+00   0.3920528E-03   0.2103150E-03
 62.00    51.00   59  0.6079485E+00   0.1970509E+00   0.2181329E-03
 56.00    52.00   59  0.1129063E-01   0.2255331E-02   0.4638545E-03
 57.00    52.00   59  0.6222816E-01   0.6858194E-03   0.3752085E-03
 61.00    52.00   59  0.4705793E+00   0.1813826E-03   0.2083427E-03
 62.00    52.00   59  0.7355623E+00   0.8512896E-02   0.2377318E-03
 56.00    53.00   59  0.8082531E-03   0.8403267E-03   0.4913922E-03
 57.00    53.00   59  0.4305511E-01   0.7713773E-03   0.4092740E-03
 61.00    53.00   59  0.4264528E+00   0.8869106E-04   0.2077500E-03
 62.00    53.00   59  0.7097905E+00   0.9345792E-03   0.2334145E-03
 63.00    53.00   59  0.7500000E+00   0.9585468E+01   0.2500000E-03
 56.00    54.00   59  0.7272630E-01   0.1011919E+00   0.3886718E-03
 57.00    54.00   59  0.2204476E-01   0.6861262E-03   0.4456388E-03
 58.00    54.00   59  0.3799580E-01   0.3236598E-03   0.3535372E-03
 61.00    54.00   59  0.3382261E+00   0.5988828E-04   0.2113763E-03
 62.00    54.00   59  0.7127773E+00   0.2609313E-03   0.2273555E-03
 63.00    54.00   59  0.7550169E+00   0.1255804E+00   0.2466440E-03
 56.00    55.00   59  0.5158153E+00   0.4504323E-01   0.9782703E-04
 57.00    55.00   59  0.4124255E+00   0.3115695E-02   0.1516808E-03
 58.00    55.00   59  0.1947526E+00   0.5218938E-03   0.2856530E-03
 59.00    55.00   59  0.3767518E-01   0.1171518E-03   0.4030974E-03
 61.00    55.00   59  0.4184458E+00   0.6007728E-04   0.1898313E-03
 62.00    55.00   59  0.7033552E+00   0.1335551E-03   0.2196116E-03
 63.00    55.00   59  0.7610491E+00   0.9004146E-02   0.2425789E-03
 55.00    56.00   59  0.3793871E+00   0.1767892E-01   0.1702313E-03
 56.00    56.00   59  0.1224751E+00   0.1796511E-02   0.3441250E-03
 57.00    56.00   59  0.1105797E+00   0.6356835E-03   0.3541785E-03
 58.00    56.00   59  0.2612972E+00   0.4623397E-03   0.2422920E-03
 59.00    56.00   59  0.1143831E+00   0.1836568E-03   0.3488278E-03
 60.00    56.00   59  0.9418428E+00   0.6663043E-03  -0.3617696E-03
 61.00    56.00   59  0.6512347E+00   0.6785504E-04   0.1904066E-03
 62.00    56.00   59  0.7507588E+00   0.9898625E-04   0.2242178E-03
 63.00    56.00   59  0.8477796E+00   0.4626166E-02   0.1798123E-03
 54.00    57.00   59  0.7594352E-01   0.1290830E-01   0.3855560E-03
 55.00    57.00   59  0.2484250E+00   0.1690819E-02   0.2510512E-03
 56.00    57.00   59  0.4662391E-01   0.2550611E-03   0.4158261E-03
 57.00    57.00   59  0.8344585E-01   0.2857549E-03   0.3784425E-03
 58.00    57.00   59  0.7350428E-01   0.1668044E-03   0.3879145E-03
 59.00    57.00   59  0.9229342E-01   0.1450568E-03   0.3702993E-03
 60.00    57.00   59  0.7511538E+00   0.4300438E-03  -0.3200810E-04
 61.00    57.00   59  0.7525806E+00   0.7242929E-04   0.2072495E-03
 62.00    57.00   59  0.7699101E+00   0.1052887E-03   0.2269311E-03
 63.00    57.00   59  0.8311040E+00   0.4891993E-02   0.1926030E-03
 52.00    58.00   59  0.5070196E-02   0.9675813E-03   0.4769619E-03
 53.00    58.00   59  0.4237362E-02   0.2802544E-03   0.4791299E-03
 54.00    58.00   59  0.1708454E-03   0.2688226E-04   0.4961417E-03
 55.00    58.00   59  0.7061216E-01   0.2813555E-03   0.3907423E-03
 56.00    58.00   59  0.1626315E+00   0.3004785E-03   0.3121547E-03
 57.00    58.00   59  0.2180333E+00   0.3211952E-03   0.2717865E-03
 58.00    58.00   59  0.1220883E+00   0.2253693E-03   0.3444472E-03
 59.00    58.00   59  0.1629743E+00   0.2344422E-03   0.3118929E-03
 60.00    58.00   59  0.8686866E+00   0.3836854E-03  -0.4214945E-04
 61.00    58.00   59  0.8016561E+00   0.7565892E-04   0.2016846E-03
 62.00    58.00   59  0.7855529E+00   0.1181265E-03   0.2205493E-03
 63.00    58.00   59  0.7906643E+00   0.5554747E-02   0.2221108E-03
 52.00    59.00   59  0.2351193E+00   0.3289176E+00   0.2600210E-03
 53.00    59.00   59  0.2875116E-02   0.5023464E-03   0.4831059E-03
 54.00    59.00   59  0.5332470E-01   0.5006188E-03   0.4084781E-03
 55.00    59.00   59  0.9812002E+00   0.9302582E-03  -0.2980715E-04
 56.00    59.00   59  0.9445030E+00   0.2294011E-03   0.9384009E-04
 57.00    59.00   59  0.9212254E+00   0.2167252E-03   0.1171524E-03
 58.00    59.00   59  0.9740946E+00   0.2797519E-03   0.5880973E-04
 59.00    59.00   59  0.9996257E+00   0.3645206E-03   0.5771290E-05
 60.00    59.00   59  0.9078293E+00   0.1854680E-03   0.1264460E-03
 61.00    59.00   59  0.7843270E+00   0.6550721E-04   0.2181327E-03
 62.00    59.00   59  0.7841895E+00   0.1377897E-03   0.2226621E-03
 63.00    59.00   59  0.8141673E+00   0.9260776E-02   0.2052029E-03
 53.00    60.00   59  0.4026838E-02   0.1138759E-01   0.4797050E-03
 54.00    60.00   59  0.8711433E+00   0.1560083E-01   0.1611465E-03
 55.00    60.00   59  0.9424384E+00   0.1334391E-02   0.9601694E-04
 56.00    60.00   59  0.9206349E+00   0.2641939E-03   0.1177136E-03
 57.00    60.00   59  0.8797721E+00   0.1436507E-03   0.1539990E-03
 58.00    60.00   59  0.8133295E+00   0.7785918E-04   0.2058166E-03
 59.00    60.00   59  0.8181294E+00   0.7965368E-04   0.2022883E-03
 60.00    60.00   59  0.8037376E+00   0.6404205E-04   0.2126806E-03
 61.00    60.00   59  0.7770164E+00   0.4885278E-04   0.2282219E-03
 62.00    60.00   59  0.7718316E+00   0.1250694E-03   0.2324458E-03
 63.00    60.00   59  0.7985188E+00   0.6174671E-02   0.2165301E-03
 54.00    61.00   59  0.7500002E+00   0.4005347E+02   0.2500000E-03
 55.00    61.00   59  0.9543452E+00   0.2319464E-01   0.8308422E-04
 56.00    61.00   59  0.9232728E+00   0.2201904E-02   0.1151968E-03
 57.00    61.00   59  0.8463330E+00   0.3896456E-03   0.1809382E-03
 58.00    61.00   59  0.8746398E+00   0.1932000E-03   0.1582681E-03
 59.00    61.00   59  0.8340737E+00   0.1001606E-03   0.1903544E-03
 60.00    61.00   59  0.8038701E+00   0.6943577E-04   0.2126821E-03
 61.00    61.00   59  0.7870444E+00   0.5567020E-04   0.2240181E-03
 62.00    61.00   59  0.7965189E+00   0.1434569E-03   0.2173925E-03
 63.00    61.00   59  0.8174753E+00   0.5199348E-02   0.2027707E-03
 56.00    62.00   59  0.8265616E+00   0.3606329E-01   0.1960191E-03
 57.00    62.00   59  0.9884018E+00   0.2014484E-02   0.3670741E-04
 58.00    62.00   59  0.9829632E+00   0.6268907E-02  -0.2883840E-04
 59.00    62.00   59  0.9219933E+00   0.2280536E-02   0.1164209E-03
 60.00    62.00   59  0.8744177E+00   0.4936422E-03   0.1584519E-03
 61.00    62.00   59  0.8153226E+00   0.2027281E-03   0.2043550E-03
 62.00    62.00   59  0.8262410E+00   0.3080005E-03   0.1962591E-03
 63.00    62.00   59  0.9026332E+00   0.5803059E-02   0.1342630E-03
 57.00    63.00   59  0.9009420E+00   0.3522635E-01   0.1357677E-03
 58.00    63.00   59  0.7515311E+00   0.1100175E+00   0.2489784E-03
 59.00    63.00   59  0.8875238E+00   0.9186360E+00  -0.3496918E-04
 60.00    63.00   59  0.9254986E+00   0.5341529E-01   0.1130526E-03
 61.00    63.00   59  0.8105984E+00   0.5164823E-02   0.2078116E-03
 62.00    63.00   59  0.8109837E+00   0.2775332E-02   0.2075308E-03
 63.00    63.00   59  0.8196017E+00   0.2945838E-01   0.2012002E-03
 62.00    64.00   59  0.7500002E+00   0.4931687E+00   0.2500000E-03
 63.00    64.00   59  0.7500001E+00   0.4853217E+01   0.2500000E-03
 50.00    40.00   60  0.1731407E-04   0.1042336E-04   0.4987902E-03
 51.00    40.00   60  0.6135991E+00   0.7928225E-02   0.5263754E-04
 52.00    40.00   60  0.8921185E+00   0.8373128E-02   0.1434968E-03
 53.00    40.00   60  0.7500000E+00   0.2561453E-01   0.2500000E-03
 49.00    41.00   60  0.4388282E-04   0.3187275E-04   0.4980658E-03
 50.00    41.00   60  0.1134648E-01   0.2081643E-03   0.4637521E-03
 51.00    41.00   60  0.2531309E+00   0.1659365E-02   0.2479171E-03
 52.00    41.00   60  0.9788449E+00   0.1998901E-02   0.5211803E-04
 53.00    41.00   60  0.8708138E+00   0.3172451E-02   0.1614165E-03
 54.00    41.00   60  0.9593115E+00   0.3215937E-01  -0.3668852E-04
 55.00    41.00   60  0.7499999E+00   0.4303847E+00   0.2500000E-03
 49.00    42.00   60  0.1808391E-02   0.4754501E-03   0.4868310E-03
 50.00    42.00   60  0.1544203E+00   0.1006504E-02   0.3184768E-03
 51.00    42.00   60  0.3122859E+00   0.1181435E-02   0.2100776E-03
 52.00    42.00   60  0.9767094E+00   0.1900407E-02   0.5518485E-04
 53.00    42.00   60  0.8653532E+00   0.1394916E-02   0.1658615E-03
 54.00    42.00   60  0.8739238E+00   0.3356240E-02   0.1588597E-03
 55.00    42.00   60  0.9945884E+00   0.5652324E-01   0.2388420E-04
 50.00    43.00   60  0.3089868E-01   0.8035579E-03   0.4345974E-03
 51.00    43.00   60  0.6666353E+00   0.1622915E-02   0.3059642E-04
 52.00    43.00   60  0.9305243E+00   0.1265750E-02   0.1081368E-03
 53.00    43.00   60  0.9551815E+00   0.1002537E-02   0.8213756E-04
 54.00    43.00   60  0.9849022E+00   0.1443658E-02   0.4275035E-04
 55.00    43.00   60  0.9957936E+00   0.4888403E-02   0.2078651E-04
 56.00    43.00   60  0.4612862E+00   0.5666059E-01  -0.6217833E-03
 50.00    44.00   60  0.6381384E-01   0.5468308E-02   0.3975348E-03
 51.00    44.00   60  0.5971569E+00   0.3719352E-02   0.5983518E-04
 52.00    44.00   60  0.9857551E+00   0.1684865E-02   0.4132994E-04
 53.00    44.00   60  0.9946140E+00   0.1295149E-02   0.2382131E-04
 54.00    44.00   60  0.9954703E+00   0.1035698E-02   0.2164973E-04
 55.00    44.00   60  0.8688378E+00   0.1052872E-02  -0.3186910E-04
 56.00    44.00   60  0.6769228E+00   0.1150963E-02   0.2653914E-04
 57.00    44.00   60  0.6728237E+00   0.2655314E-02  -0.2432406E-03
 50.00    45.00   60  0.9827319E+00   0.1129094E+01   0.4623929E-04
 51.00    45.00   60  0.9332737E+00   0.3048769E-01  -0.3867503E-04
 52.00    45.00   60  0.9990501E+00   0.5372259E-02   0.9368348E-05
 53.00    45.00   60  0.9485659E+00   0.2666448E-02  -0.3804592E-04
 54.00    45.00   60  0.5630137E+00   0.1358380E-02   0.7530642E-04
 55.00    45.00   60  0.3833351E+00   0.8482180E-03   0.1679790E-03
 56.00    45.00   60  0.3642339E+00   0.4595203E-03   0.1789684E-03
 57.00    45.00   60  0.5114955E+00   0.6879686E-03   0.9985568E-04
 52.00    46.00   60  0.2720333E-02   0.1104936E-02   0.4836040E-03
 53.00    46.00   60  0.1002484E+00   0.2149420E-02   0.3631777E-03
 54.00    46.00   60  0.1885871E-01   0.9597609E-03   0.4513033E-03
 55.00    46.00   60  0.5116647E-01   0.2044563E-02   0.4108109E-03
 56.00    46.00   60  0.2282724E-01   0.2945062E-03   0.4454720E-03
 57.00    46.00   60  0.3182083E+00   0.9437354E-03   0.2064365E-03
 61.00    46.00   60  0.2004622E+00   0.3329590E-02   0.2562754E-03
 54.00    47.00   60  0.8754971E-02   0.3409860E-02   0.4687303E-03
 55.00    47.00   60  0.1078628E+00   0.2788322E-01   0.3565196E-03
 56.00    47.00   60  0.3323462E-04   0.1744020E-03   0.4983192E-03
 57.00    47.00   60  0.1017195E+00   0.1011574E-02   0.3618798E-03
 61.00    47.00   60  0.2958440E+00   0.8360113E-03   0.2331046E-03
 62.00    47.00   60  0.7486034E+00   0.1652759E+00   0.2495362E-03
 56.00    48.00   60  0.7500000E+00   0.1211462E+03   0.2500000E-03
 57.00    48.00   60  0.5975697E-01   0.1310833E-02   0.4016951E-03
 61.00    48.00   60  0.3209659E-02   0.3987891E-04   0.4669944E-03
 62.00    48.00   60  0.6446816E+00   0.1135661E-01   0.2236745E-03
 56.00    49.00   60  0.7499999E+00   0.3523317E+02   0.2500000E-03
 57.00    49.00   60  0.1339943E+00   0.3026229E-02   0.3346668E-03
 58.00    49.00   60  0.1049328E-02   0.5301890E-04   0.4757933E-03
 62.00    49.00   60  0.3948661E+00   0.3536628E-02   0.2177786E-03
 56.00    50.00   60  0.7499999E+00   0.5557734E+02   0.2500000E-03
 57.00    50.00   60  0.6281112E-01   0.1909668E-02   0.3985552E-03
 58.00    50.00   60  0.1695492E+00   0.8562254E-03   0.2391296E-03
 62.00    50.00   60  0.2291366E+00   0.1652093E-02   0.2573528E-03
 57.00    51.00   60  0.3712980E-01   0.1528675E-02   0.4268525E-03
 58.00    51.00   60  0.2510912E-01   0.3514110E-03   0.4252483E-03
 62.00    51.00   60  0.3381890E+00   0.1213153E-02   0.2268595E-03
 57.00    52.00   60  0.8789302E-01   0.7217332E-02   0.3743182E-03
 58.00    52.00   60  0.1070439E+00   0.1098589E-02   0.2919170E-03
 62.00    52.00   60  0.4766513E+00   0.6917719E-03   0.2090601E-03
 63.00    52.00   60  0.6707903E+00   0.1065654E+01   0.2286880E-03
 57.00    53.00   60  0.1202363E+00   0.1409014E-01   0.3459939E-03
 58.00    53.00   60  0.6105362E-01   0.7902586E-03   0.3614388E-03
 62.00    53.00   60  0.5413498E+00   0.2659131E-03   0.2079432E-03
 63.00    53.00   60  0.6778425E+00   0.1147875E-01   0.2081480E-03
 57.00    54.00   60  0.1159628E-01   0.6293312E-02   0.4632964E-03
 58.00    54.00   60  0.2631130E-01   0.7250634E-03   0.4330561E-03
 62.00    54.00   60  0.4408727E+00   0.1144681E-03   0.2011998E-03
 63.00    54.00   60  0.7250090E+00   0.1259697E-02   0.2232041E-03
 64.00    54.00   60  0.7499999E+00   0.6365459E+01   0.2500000E-03
 56.00    55.00   60  0.7499999E+00   0.1836699E+02   0.2500000E-03
 57.00    55.00   60  0.3807602E+00   0.5877186E-01   0.1694468E-03
 58.00    55.00   60  0.2467712E+00   0.2922998E-02   0.2500201E-03
 59.00    55.00   60  0.1713345E+00   0.5928954E-03   0.2740012E-03
 62.00    55.00   60  0.4284410E+00   0.6263881E-04   0.1998651E-03
 63.00    55.00   60  0.7272127E+00   0.2752035E-03   0.2211429E-03
 64.00    55.00   60  0.7499999E+00   0.8345743E-01   0.2500000E-03
 54.00    56.00   60  0.7500001E+00   0.1055756E+03   0.2500000E-03
 55.00    56.00   60  0.8886948E+00   0.6925970E-01  -0.3513857E-04
 56.00    56.00   60  0.1157050E+00   0.4593266E-02   0.3498087E-03
 57.00    56.00   60  0.2366825E+00   0.3920954E-02   0.2589586E-03
 58.00    56.00   60  0.1973543E+00   0.1370582E-02   0.2864296E-03
 59.00    56.00   60  0.1661798E+00   0.5075976E-03   0.3051469E-03
 60.00    56.00   60  0.1144399E+00   0.2827517E-03   0.3254064E-03
 61.00    56.00   60  0.3705491E+00   0.3973781E-03  -0.2393899E-03
 62.00    56.00   60  0.5845209E+00   0.6696755E-04   0.1948810E-03
 63.00    56.00   60  0.7484889E+00   0.1685246E-03   0.2224097E-03
 64.00    56.00   60  0.7837319E+00   0.1536565E-01   0.2269814E-03
 54.00    57.00   60  0.9878842E+00   0.6189852E-01  -0.2552412E-04
 55.00    57.00   60  0.2740830E+00   0.1760521E-02   0.2341947E-03
 56.00    57.00   60  0.3186963E-01   0.2875690E-03   0.4333586E-03
 57.00    57.00   60  0.1084347E+00   0.6455748E-03   0.3560253E-03
 58.00    57.00   60  0.6690960E-01   0.3276030E-03   0.3944153E-03
 59.00    57.00   60  0.2233235E+00   0.4171310E-03   0.2681128E-03
 60.00    57.00   60  0.1183971E+00   0.2151877E-03   0.3470270E-03
 61.00    57.00   60  0.9733933E+00   0.5201470E-03  -0.1511135E-03
 62.00    57.00   60  0.7121630E+00   0.8014945E-04   0.2138453E-03
 63.00    57.00   60  0.7707693E+00   0.1978094E-03   0.2229726E-03
 64.00    57.00   60  0.9245972E+00   0.2215517E-01   0.1139232E-03
 53.00    58.00   60  0.2359132E-01   0.8773609E-03   0.4443915E-03
 54.00    58.00   60  0.3159133E-02   0.1355815E-03   0.4822208E-03
 55.00    58.00   60  0.1715001E+00   0.5674658E-03   0.3054352E-03
 56.00    58.00   60  0.5192748E+00   0.6513818E-03   0.9613231E-04
 57.00    58.00   60  0.2443813E+00   0.4146544E-03   0.2537599E-03
 58.00    58.00   60  0.4225459E-01   0.1405023E-03   0.4208001E-03
 59.00    58.00   60  0.6906195E-01   0.1594546E-03   0.3922727E-03
 60.00    58.00   60  0.9422381E-01   0.1450421E-03   0.3685094E-03
 61.00    58.00   60  0.9994817E+00   0.4176030E-03  -0.4576874E-04
 62.00    58.00   60  0.7642558E+00   0.8935016E-04   0.2213253E-03
 63.00    58.00   60  0.7797245E+00   0.2947935E-03   0.2216786E-03
 64.00    58.00   60  0.8468947E+00   0.6328163E-01   0.1805013E-03
 53.00    59.00   60  0.2155251E-01   0.6647737E-03   0.4473032E-03
 54.00    59.00   60  0.2728236E-02   0.9042754E-04   0.4835782E-03
 55.00    59.00   60  0.9940962E+00   0.8712423E-03  -0.1916342E-04
 56.00    59.00   60  0.9550301E+00   0.2310186E-03   0.8230933E-04
 57.00    59.00   60  0.9148432E+00   0.2193050E-03   0.1231518E-03
 58.00    59.00   60  0.9952606E+00   0.4403403E-03  -0.1745636E-04
 59.00    59.00   60  0.3858182E+00   0.4433230E-03   0.1665673E-03
 60.00    59.00   60  0.3527107E+00   0.3372722E-03   0.1857117E-03
 61.00    59.00   60  0.9986898E+00   0.3842304E-03  -0.3828318E-05
 62.00    59.00   60  0.7851766E+00   0.1025417E-03   0.2178308E-03
 63.00    59.00   60  0.8012683E+00   0.3812071E-03   0.2130851E-03
 64.00    59.00   60  0.7536185E+00   0.9172255E-01   0.2475819E-03
 54.00    60.00   60  0.9621429E+00   0.1728545E-01   0.7402213E-04
 55.00    60.00   60  0.8814906E+00   0.1458584E-02   0.1525575E-03
 56.00    60.00   60  0.9352592E+00   0.3094850E-03   0.1034041E-03
 57.00    60.00   60  0.8925459E+00   0.1564506E-03   0.1431267E-03
 58.00    60.00   60  0.8393122E+00   0.8819925E-04   0.1863578E-03
 59.00    60.00   60  0.8471199E+00   0.1424542E-03   0.1803261E-03
 60.00    60.00   60  0.8732731E+00   0.2114195E-03   0.1593960E-03
 61.00    60.00   60  0.8420168E+00   0.1627440E-03   0.1810776E-03
 62.00    60.00   60  0.7683923E+00   0.9183748E-04   0.2331447E-03
 63.00    60.00   60  0.7693518E+00   0.3358895E-03   0.2361933E-03
 64.00    60.00   60  0.9094071E+00   0.1022072E+00   0.1281547E-03
 54.00    61.00   60  0.7500002E+00   0.4130821E+00   0.2500000E-03
 55.00    61.00   60  0.9047752E+00   0.4278318E-01   0.1323459E-03
 56.00    61.00   60  0.9236967E+00   0.2288260E-02   0.1147900E-03
 57.00    61.00   60  0.8827982E+00   0.4249152E-03   0.1514563E-03
 58.00    61.00   60  0.8647705E+00   0.1637502E-03   0.1663326E-03
 59.00    61.00   60  0.8331253E+00   0.9588938E-04   0.1910740E-03
 60.00    61.00   60  0.7993530E+00   0.8485442E-04   0.2159334E-03
 61.00    61.00   60  0.8014522E+00   0.8164391E-04   0.2138435E-03
 62.00    61.00   60  0.7746766E+00   0.7119737E-04   0.2299682E-03
 63.00    61.00   60  0.7752967E+00   0.2526652E-03   0.2293960E-03
 64.00    61.00   60  0.7923892E+00   0.2407277E-01   0.2208911E-03
 56.00    62.00   60  0.9760199E+00   0.1967921E-01   0.5615375E-04
 57.00    62.00   60  0.9993573E+00   0.2304987E-02   0.7638941E-05
 58.00    62.00   60  0.9847789E+00   0.6068948E-02   0.4295330E-04
 59.00    62.00   60  0.8584215E+00   0.1127412E-02   0.1714264E-03
 60.00    62.00   60  0.8361205E+00   0.2781995E-03   0.1887976E-03
 61.00    62.00   60  0.8134701E+00   0.1241804E-03   0.2057136E-03
 62.00    62.00   60  0.7904153E+00   0.8016755E-04   0.2219148E-03
 63.00    62.00   60  0.8007069E+00   0.2616511E-03   0.2142603E-03
 64.00    62.00   60  0.8317947E+00   0.1454419E-01   0.1920811E-03
 56.00    63.00   60  0.9542751E+00   0.6561673E+00   0.8316318E-04
 57.00    63.00   60  0.8305298E+00   0.3483084E-01   0.1930364E-03
 58.00    63.00   60  0.7500000E+00   0.1612650E+01   0.2500000E-03
 59.00    63.00   60  0.6191580E-03   0.1530701E-01   0.4925096E-03
 60.00    63.00   60  0.9798324E+00   0.2364957E-01   0.5066372E-04
 61.00    63.00   60  0.7927812E+00   0.1144634E-02   0.2206133E-03
 62.00    63.00   60  0.7907205E+00   0.2607483E-03   0.2218976E-03
 63.00    63.00   60  0.8168529E+00   0.4922128E-03   0.2030454E-03
 64.00    63.00   60  0.9273756E+00   0.1863623E-01   0.1112290E-03
 61.00    64.00   60  0.8004339E+00   0.1150703E+00   0.2151591E-03
 62.00    64.00   60  0.7973431E+00   0.5621221E-02   0.2173698E-03
 63.00    64.00   60  0.8580406E+00   0.4241362E-02   0.1717298E-03
 64.00    64.00   60  0.9870545E+00   0.6187719E-01   0.3910449E-04
 62.00    65.00   60  0.7500000E+00   0.3388264E+02   0.2500000E-03
 63.00    65.00   60  0.7500002E+00   0.2708360E+00   0.2500000E-03
 64.00    65.00   60  0.7500000E+00   0.1008628E+01   0.2500000E-03
 51.00    40.00   61  0.9887370E-02   0.1209245E-02   0.4664941E-03
 52.00    40.00   61  0.8484546E+00   0.1245672E-01   0.1792858E-03
 53.00    40.00   61  0.7504322E+00   0.2126295E-01   0.2497119E-03
 54.00    40.00   61  0.7500002E+00   0.2442900E+00   0.2500000E-03
 50.00    41.00   61  0.4099371E-05   0.4610176E-05   0.4994135E-03
 51.00    41.00   61  0.3149245E-01   0.5771950E-03   0.4338383E-03
 52.00    41.00   61  0.9992867E+00   0.2514058E-02  -0.7351278E-05
 53.00    41.00   61  0.8390476E+00   0.2616939E-02   0.1865606E-03
 54.00    41.00   61  0.9999951E+00   0.1961519E-01  -0.6355112E-06
 55.00    41.00   61  0.2934569E-02   0.1103898E+00   0.4829177E-03
 50.00    42.00   61  0.2844869E-01   0.4478232E-03   0.4377832E-03
 51.00    42.00   61  0.6472719E-01   0.5468513E-03   0.3966097E-03
 52.00    42.00   61  0.7393830E+00   0.2533773E-02   0.3588444E-05
 53.00    42.00   61  0.8961058E+00   0.1497854E-02   0.1400287E-03
 54.00    42.00   61  0.8561436E+00   0.2101972E-02   0.1732370E-03
 55.00    42.00   61  0.7892301E+00   0.4392453E-01   0.2231226E-03
 50.00    43.00   61  0.2514859E-01   0.1338039E-02   0.4422260E-03
 51.00    43.00   61  0.6629006E+00   0.1851701E-02   0.3208744E-04
 52.00    43.00   61  0.9977815E+00   0.1794253E-02   0.1469106E-04
 53.00    43.00   61  0.9148814E+00   0.1045047E-02   0.1231164E-03
 54.00    43.00   61  0.9520837E+00   0.1542599E-02   0.8561596E-04
 55.00    43.00   61  0.9491624E+00   0.8888754E-02   0.8883086E-04
 56.00    43.00   61  0.6233192E+00   0.1482758E+00   0.2202428E-03
 51.00    44.00   61  0.2115918E-01   0.4810914E-03   0.4478758E-03
 52.00    44.00   61  0.9648072E+00   0.2384024E-02  -0.3559690E-04
 53.00    44.00   61  0.9552408E+00   0.1125214E-02   0.8207030E-04
 54.00    44.00   61  0.9921671E+00   0.1170771E-02   0.2936492E-04
 55.00    44.00   61  0.9917017E+00   0.2268938E-02   0.3033658E-04
 56.00    44.00   61  0.9892368E+00   0.1023077E-01  -0.2440548E-04
 51.00    45.00   61  0.3086839E+00   0.1301348E-01   0.2123045E-03
 52.00    45.00   61  0.9517778E+00   0.3693971E-02   0.8595549E-04
 53.00    45.00   61  0.9772223E+00   0.1398983E-02   0.5445725E-04
 54.00    45.00   61  0.9570101E+00   0.1107910E-02  -0.3705826E-04
 55.00    45.00   61  0.9706471E+00   0.1120412E-02  -0.3405014E-04
 56.00    45.00   61  0.5611047E+00   0.8588729E-03   0.7619199E-04
 57.00    45.00   61  0.3158457E+00   0.7383592E-03   0.2069468E-03
 58.00    45.00   61  0.7273580E+00   0.2263995E-02  -0.2688884E-03
 51.00    46.00   61  0.5104528E-02   0.5004277E-02   0.4768758E-03
 52.00    46.00   61  0.1223466E+00   0.6683577E-02   0.3442320E-03
 53.00    46.00   61  0.6541176E+00   0.7819016E-02   0.3563138E-04
 54.00    46.00   61  0.2351073E+00   0.1391610E-02   0.2600291E-03
 55.00    46.00   61  0.5119926E+00   0.1542790E-02   0.9970766E-04
 56.00    46.00   61  0.2018287E+00   0.4959165E-03   0.2832215E-03
 57.00    46.00   61  0.2432008E+00   0.4450320E-03   0.2545535E-03
 58.00    46.00   61  0.4536895E+00   0.7875444E-03   0.1287676E-03
 52.00    47.00   61  0.9289761E+00   0.1075198E+00   0.1096624E-03
 53.00    47.00   61  0.2934423E-01   0.8624223E-02   0.4366083E-03
 54.00    47.00   61  0.7650001E-01   0.6929092E-02   0.3850212E-03
 55.00    47.00   61  0.9301320E-01   0.2951304E-02   0.3696475E-03
 56.00    47.00   61  0.1436915E-01   0.6773536E-03   0.4584611E-03
 57.00    47.00   61  0.1364865E-01   0.3081099E-03   0.4596815E-03
 58.00    47.00   61  0.3420650E+00   0.1188652E-02   0.1920124E-03
 62.00    47.00   61  0.5850030E+00   0.9005686E-02   0.1973916E-03
 57.00    48.00   61  0.1170880E-02   0.2296977E-02   0.4895424E-03
 58.00    48.00   61  0.2771000E+00   0.1869429E-02   0.2322487E-03
 62.00    48.00   61  0.4371731E+00   0.9752853E-03   0.1935581E-03
 63.00    48.00   61  0.8947439E+00   0.1120172E+00   0.1384574E-03
 57.00    49.00   61  0.8936618E+00   0.7560546E+00  -0.3582076E-04
 58.00    49.00   61  0.1953588E+00   0.1824066E-02   0.2878677E-03
 62.00    49.00   61  0.1030465E-01   0.7768067E-04   0.4409913E-03
 63.00    49.00   61  0.6340042E+00   0.1107313E-01   0.2203915E-03
 58.00    50.00   61  0.4269899E-01   0.1551635E-02   0.4202869E-03
 63.00    50.00   61  0.1879137E+00   0.3282614E-02   0.2711575E-03
 58.00    51.00   61  0.4213072E-01   0.1768193E-02   0.4209435E-03
 59.00    51.00   61  0.1624633E-02   0.6619939E-04   0.4803141E-03
 63.00    51.00   61  0.1157723E+00   0.1487613E-02   0.3138619E-03
 58.00    52.00   61  0.1245147E+00   0.4454311E-02   0.3424314E-03
 59.00    52.00   61  0.1153671E-01   0.2141714E-03   0.4475757E-03
 63.00    52.00   61  0.2771386E+00   0.1661506E-02   0.2411263E-03
 58.00    53.00   61  0.2029405E-02   0.8374442E-03   0.4859940E-03
 59.00    53.00   61  0.1547281E-01   0.2969618E-03   0.4374011E-03
 63.00    53.00   61  0.4734290E+00   0.8435745E-03   0.1875343E-03
 64.00    53.00   61  0.7296861E+00   0.1361272E+00   0.2435861E-03
 57.00    54.00   61  0.7500000E+00   0.1608264E+02   0.2500000E-03
 58.00    54.00   61  0.3070407E-01   0.1511727E-01   0.4348473E-03
 59.00    54.00   61  0.4202460E-01   0.1043103E-02   0.3925606E-03
 63.00    54.00   61  0.4739370E+00   0.2130376E-03   0.2052519E-03
 64.00    54.00   61  0.6835530E+00   0.4038900E-02   0.2305152E-03
 57.00    55.00   61  0.8818305E+00   0.7727439E+00   0.1522717E-03
 58.00    55.00   61  0.7475122E+00   0.4990045E-01   0.8320203E-06
 59.00    55.00   61  0.3320501E+00   0.2950008E-02   0.1915079E-03
 60.00    55.00   61  0.1206924E+00   0.9040699E-03   0.1303078E-03
 63.00    55.00   61  0.4903347E+00   0.9505429E-04   0.1961690E-03
 64.00    55.00   61  0.7163420E+00   0.5778877E-03   0.2345533E-03
 65.00    55.00   61  0.7500000E+00   0.3320465E+00   0.2500000E-03
 55.00    56.00   61  0.2704409E+00   0.2305158E-01   0.2365536E-03
 56.00    56.00   61  0.4181273E+00   0.7245081E-02   0.1485470E-03
 57.00    56.00   61  0.1891800E+00   0.6313507E-02   0.2923499E-03
 58.00    56.00   61  0.9704463E+00   0.1300647E-01  -0.3411097E-04
 59.00    56.00   61  0.4361136E+00   0.2271828E-02   0.1184247E-03
 60.00    56.00   61  0.2654588E+00   0.7321099E-03   0.2171421E-03
 61.00    56.00   61  0.6129906E-01   0.3466478E-03   0.2298448E-03
 62.00    56.00   61  0.6189186E-03   0.7751602E-05   0.4799262E-03
 63.00    56.00   61  0.5224052E+00   0.7065438E-04   0.1968363E-03
 64.00    56.00   61  0.7279220E+00   0.3082186E-03   0.2304871E-03
 65.00    56.00   61  0.7772552E+00   0.7438846E-01   0.2314868E-03
 55.00    57.00   61  0.8460958E-02   0.2756279E-03   0.4693288E-03
 56.00    57.00   61  0.7381344E-01   0.4004323E-03   0.3876143E-03
 57.00    57.00   61  0.2756442E-01   0.2635270E-03   0.4389556E-03
 58.00    57.00   61  0.1895069E-01   0.2821119E-03   0.4511636E-03
 59.00    57.00   61  0.9484933E-01   0.6055873E-03   0.3621957E-03
 60.00    57.00   61  0.1725827E+00   0.4162333E-03   0.2983614E-03
 61.00    57.00   61  0.2219117E+00   0.4422950E-03   0.2420550E-03
 62.00    57.00   61  0.5772111E+00   0.2327160E-03   0.6756024E-04
 63.00    57.00   61  0.6699026E+00   0.8178745E-04   0.2035224E-03
 64.00    57.00   61  0.7611647E+00   0.3845643E-03   0.2227506E-03
 65.00    57.00   61  0.7517522E+00   0.4592926E-01   0.2488304E-03
 52.00    58.00   61  0.2441426E-07   0.1279080E-05   0.4999549E-03
 53.00    58.00   61  0.5085523E-01   0.2042711E-02   0.4111499E-03
 54.00    58.00   61  0.3480527E-01   0.6868531E-03   0.4296872E-03
 55.00    58.00   61  0.1365423E+00   0.4345920E-03   0.3326084E-03
 56.00    58.00   61  0.9507130E+00   0.5921060E-03  -0.3784493E-04
 57.00    58.00   61  0.5490067E+00   0.5492955E-03   0.8185403E-04
 58.00    58.00   61  0.6105633E-01   0.2041795E-03   0.4003533E-03
 59.00    58.00   61  0.3809511E-01   0.1420618E-03   0.4256926E-03
 60.00    58.00   61  0.8681408E-01   0.1590419E-03   0.3753129E-03
 61.00    58.00   61  0.1168134E+00   0.1849206E-03   0.3481627E-03
 62.00    58.00   61  0.8677402E+00   0.2567775E-03   0.7546908E-04
 63.00    58.00   61  0.7390183E+00   0.1026493E-03   0.2141173E-03
 64.00    58.00   61  0.7763152E+00   0.5701262E-03   0.2229268E-03
 65.00    58.00   61  0.7500001E+00   0.1632759E+00   0.2500000E-03
 52.00    59.00   61  0.2698337E-05   0.3216394E-04   0.4995245E-03
 53.00    59.00   61  0.4321672E-01   0.9618177E-03   0.4196911E-03
 54.00    59.00   61  0.7705501E-02   0.1561250E-03   0.4709049E-03
 55.00    59.00   61  0.9640986E+00   0.8880440E-03  -0.3575574E-04
 56.00    59.00   61  0.9497088E+00   0.2016139E-03   0.8823420E-04
 57.00    59.00   61  0.8991970E+00   0.1702520E-03   0.1373122E-03
 58.00    59.00   61  0.9999511E+00   0.5219950E-03  -0.1990586E-05
 59.00    59.00   61  0.2247459E+00   0.3790373E-03   0.2671298E-03
 60.00    59.00   61  0.1295575E+00   0.2220687E-03   0.3382796E-03
 61.00    59.00   61  0.1938399E+00   0.2785494E-03   0.2889534E-03
 62.00    59.00   61  0.9231068E+00   0.3060991E-03   0.1033815E-03
 63.00    59.00   61  0.7918039E+00   0.1296558E-03   0.2114108E-03
 64.00    59.00   61  0.7874267E+00   0.1005677E-02   0.2186971E-03
 65.00    59.00   61  0.7500000E+00   0.1936429E+02   0.2500000E-03
 54.00    60.00   61  0.9826127E+00   0.1208835E-01   0.4642623E-04
 55.00    60.00   61  0.8546202E+00   0.1610464E-02   0.1744431E-03
 56.00    60.00   61  0.9577364E+00   0.4781554E-03   0.7921024E-04
 57.00    60.00   61  0.8925698E+00   0.1880240E-03   0.1431061E-03
 58.00    60.00   61  0.8339224E+00   0.1013031E-03   0.1904693E-03
 59.00    60.00   61  0.8517058E+00   0.1562470E-03   0.1767397E-03
 60.00    60.00   61  0.9504412E+00   0.3684711E-03   0.8743099E-04
 61.00    60.00   61  0.9948363E+00   0.5334309E-03   0.2327215E-04
 62.00    60.00   61  0.8853943E+00   0.2798494E-03   0.1448658E-03
 63.00    60.00   61  0.7744423E+00   0.1487478E-03   0.2290653E-03
 64.00    60.00   61  0.7696407E+00   0.9363952E-03   0.2360384E-03
 65.00    60.00   61  0.7500001E+00   0.7738761E+00   0.2500000E-03
 54.00    61.00   61  0.7500001E+00   0.8325520E-01   0.2500000E-03
 55.00    61.00   61  0.9258538E+00   0.4594876E-01   0.1127085E-03
 56.00    61.00   61  0.8753556E+00   0.2197572E-02   0.1576760E-03
 57.00    61.00   61  0.8781371E+00   0.5353211E-03   0.1553652E-03
 58.00    61.00   61  0.8584574E+00   0.2143425E-03   0.1713977E-03
 59.00    61.00   61  0.8502312E+00   0.1032426E-03   0.1778967E-03
 60.00    61.00   61  0.8148564E+00   0.7620195E-04   0.2046974E-03
 61.00    61.00   61  0.8267841E+00   0.1201950E-03   0.1958525E-03
 62.00    61.00   61  0.8021580E+00   0.1148816E-03   0.2133065E-03
 63.00    61.00   61  0.7743601E+00   0.1091362E-03   0.2309913E-03
 64.00    61.00   61  0.7741107E+00   0.5393375E-03   0.2316447E-03
 65.00    61.00   61  0.7500000E+00   0.2081339E+00   0.2500000E-03
 56.00    62.00   61  0.9786540E+00   0.9455502E-02   0.5239679E-04
 57.00    62.00   61  0.9987281E+00   0.3472927E-02  -0.9652460E-05
 58.00    62.00   61  0.9326228E+00   0.9822201E-02   0.1060520E-03
 59.00    62.00   61  0.8527355E+00   0.1062466E-02   0.1759299E-03
 60.00    62.00   61  0.8180850E+00   0.2718077E-03   0.2023210E-03
 61.00    62.00   61  0.8312523E+00   0.1736299E-03   0.1924910E-03
 62.00    62.00   61  0.7920668E+00   0.7956380E-04   0.2210100E-03
 63.00    62.00   61  0.7808605E+00   0.8062473E-04   0.2281101E-03
 64.00    62.00   61  0.7800860E+00   0.3450223E-03   0.2287027E-03
 65.00    62.00   61  0.7500001E+00   0.4292600E-01   0.2500000E-03
 56.00    63.00   61  0.7500001E+00   0.2531520E+00   0.2500000E-03
 57.00    63.00   61  0.7500000E+00   0.1119749E+00   0.2500000E-03
 60.00    63.00   61  0.9936687E+00   0.4620873E-01   0.2606257E-04
 61.00    63.00   61  0.8146862E+00   0.1356260E-02   0.2048221E-03
 62.00    63.00   61  0.7831753E+00   0.1485263E-03   0.2273569E-03
 63.00    63.00   61  0.7857323E+00   0.9035268E-04   0.2248497E-03
 64.00    63.00   61  0.7956054E+00   0.3108035E-03   0.2174995E-03
 65.00    63.00   61  0.7569949E+00   0.2742577E-01   0.2453148E-03
 61.00    64.00   61  0.7862754E+00   0.3869005E-01   0.2252002E-03
 62.00    64.00   61  0.7905692E+00   0.9713071E-03   0.2221780E-03
 63.00    64.00   61  0.8062714E+00   0.2608020E-03   0.2109543E-03
 64.00    64.00   61  0.8009119E+00   0.5267186E-03   0.2148162E-03
 65.00    64.00   61  0.8696622E+00   0.3198607E-01   0.1623584E-03
 62.00    65.00   61  0.8512524E+00   0.4818972E-01   0.1770957E-03
 63.00    65.00   61  0.8106263E+00   0.2760825E-02   0.2077913E-03
 64.00    65.00   61  0.7986952E+00   0.2006458E-02   0.2164040E-03
 65.00    65.00   61  0.7697700E+00   0.3721157E-01   0.2366415E-03
 63.00    66.00   61  0.7499999E+00   0.1407943E+01   0.2500000E-03
 64.00    66.00   61  0.7500000E+00   0.6435117E-01   0.2500000E-03
 65.00    66.00   61  0.7500000E+00   0.2496822E+00   0.2500000E-03
 63.00    67.00   61  0.7500000E+00   0.3585244E+01   0.2500000E-03
 64.00    67.00   61  0.7500001E+00   0.5928709E+00   0.2500000E-03
 52.00    40.00   62  0.7510592E+00   0.4707510E-01   0.2492934E-03
 53.00    40.00   62  0.7500000E+00   0.3405707E-01   0.2500000E-03
 54.00    40.00   62  0.7500000E+00   0.4949600E-01   0.2500000E-03
 51.00    41.00   62  0.1950093E-03   0.1576916E-03   0.4958717E-03
 52.00    41.00   62  0.8793974E+00   0.1038944E-01  -0.3371004E-04
 53.00    41.00   62  0.8581874E+00   0.4743669E-02   0.1716128E-03
 54.00    41.00   62  0.8140317E+00   0.7001104E-02   0.2053022E-03
 55.00    41.00   62  0.2129399E+00   0.9648668E-01   0.2753506E-03
 50.00    42.00   62  0.6062343E-04   0.4704277E-04   0.4977221E-03
 51.00    42.00   62  0.4613703E-02   0.2993832E-03   0.4781304E-03
 52.00    42.00   62  0.4264807E+00   0.4176961E-02   0.1439909E-03
 53.00    42.00   62  0.9054759E+00   0.3073222E-02   0.1317160E-03
 54.00    42.00   62  0.8723461E+00   0.3738977E-02   0.1601590E-03
 55.00    42.00   62  0.8788462E+00   0.1652474E-01   0.1547734E-03
 50.00    43.00   62  0.5248164E-03   0.2543931E-03   0.4931261E-03
 51.00    43.00   62  0.2862443E-01   0.6133688E-03   0.4375516E-03
 52.00    43.00   62  0.7457408E+00   0.4451972E-02   0.1427718E-05
 53.00    43.00   62  0.8719788E+00   0.2077065E-02   0.1604610E-03
 54.00    43.00   62  0.9395873E+00   0.2592898E-02   0.9898315E-04
 55.00    43.00   62  0.9985415E+00   0.8782463E-02   0.1174619E-04
 56.00    43.00   62  0.9413388E+00   0.5591353E+01  -0.3850501E-04
 51.00    44.00   62  0.5390473E-02   0.5653387E-03   0.4761675E-03
 52.00    44.00   62  0.4017158E+00   0.2892783E-02   0.1576205E-03
 53.00    44.00   62  0.9879821E+00   0.2018052E-02   0.3746463E-04
 54.00    44.00   62  0.9847825E+00   0.1522400E-02   0.4294762E-04
 55.00    44.00   62  0.9811608E+00   0.3308167E-02   0.4866696E-04
 56.00    44.00   62  0.9333013E+00   0.3631017E-01   0.1053738E-03
 51.00    45.00   62  0.2281408E-01   0.6499568E-02   0.4454908E-03
 52.00    45.00   62  0.9260452E+00   0.1059445E-01  -0.3856805E-04
 53.00    45.00   62  0.9995956E+00   0.2833040E-02   0.6006623E-05
 54.00    45.00   62  0.9277663E+00   0.1402480E-02  -0.3861380E-04
 55.00    45.00   62  0.9736776E+00   0.1447186E-02   0.5937571E-04
 56.00    45.00   62  0.9812345E+00   0.4113026E-02  -0.2978934E-04
 57.00    45.00   62  0.8359915E+00   0.1663776E-01  -0.5078549E-04
 51.00    46.00   62  0.8692058E-02   0.1428001E-01   0.4688577E-03
 52.00    46.00   62  0.3474267E-01   0.2578026E-02   0.4297644E-03
 53.00    46.00   62  0.8581555E+00   0.1269581E-01  -0.2979382E-04
 54.00    46.00   62  0.3631991E+00   0.2121243E-02   0.1795704E-03
 55.00    46.00   62  0.9980280E+00   0.1624423E-02  -0.1182029E-04
 56.00    46.00   62  0.8527611E+00   0.1078015E-02  -0.2867082E-04
 57.00    46.00   62  0.3743619E+00   0.6299337E-03   0.1731125E-03
 58.00    46.00   62  0.3719665E+00   0.7187413E-03   0.1698986E-03
 59.00    46.00   62  0.4410215E+00   0.1526744E-02  -0.7913297E-04
 52.00    47.00   62  0.5007250E-02   0.7938008E-02   0.4771204E-03
 53.00    47.00   62  0.5741063E+00   0.2499644E-01   0.7020342E-04
 54.00    47.00   62  0.6753234E+00   0.1969705E-01   0.2716499E-04
 55.00    47.00   62  0.6899306E+00   0.8282484E-02   0.2151620E-04
 56.00    47.00   62  0.2459647E+00   0.1023179E-02   0.2526975E-03
 57.00    47.00   62  0.1899872E+00   0.5293461E-03   0.2917618E-03
 58.00    47.00   62  0.2161296E+00   0.4737000E-03   0.2731155E-03
 59.00    47.00   62  0.6868490E+00   0.1169949E-02  -0.1417095E-04
 63.00    47.00   62  0.1078619E+00   0.6944043E-01   0.2610498E-03
 53.00    48.00   62  0.1523782E-04   0.1178071E-03   0.4988656E-03
 54.00    48.00   62  0.1791638E-02   0.6943970E-02   0.4868962E-03
 55.00    48.00   62  0.3471262E-02   0.4163803E-02   0.4812859E-03
 56.00    48.00   62  0.1863530E-01   0.2837938E-02   0.4516439E-03
 57.00    48.00   62  0.3847681E-02   0.4758450E-03   0.4802042E-03
 58.00    48.00   62  0.9493309E-01   0.1431248E-02   0.3679163E-03
 59.00    48.00   62  0.1676739E+00   0.5879138E-03   0.3011367E-03
 63.00    48.00   62  0.4451665E+00   0.2733212E-02   0.2065339E-03
 64.00    48.00   62  0.7500000E+00   0.4397834E+00   0.2500000E-03
 58.00    49.00   62  0.1333759E+00   0.1774619E-01   0.3351681E-03
 59.00    49.00   62  0.3775460E+00   0.1591222E-02   0.1638638E-03
 63.00    49.00   62  0.1371704E+00   0.5298191E-03   0.2998140E-03
 64.00    49.00   62  0.6558563E+00   0.1962463E-01   0.2257077E-03
 58.00    50.00   62  0.2942353E+00   0.4206140E+00   0.2213336E-03
 59.00    50.00   62  0.1919962E+00   0.2817804E-02   0.2896440E-03
 64.00    50.00   62  0.3755465E+00   0.3611763E-02   0.2204102E-03
 58.00    51.00   62  0.2577575E+00   0.2858482E+00   0.2448548E-03
 59.00    51.00   62  0.2047566E+00   0.3130335E-02   0.2811345E-03
 64.00    51.00   62  0.2094605E+00   0.2030715E-02   0.2601515E-03
 65.00    51.00   62  0.7008688E+00   0.1507673E+00   0.2356444E-03
 59.00    52.00   62  0.5096536E-01   0.1669854E-02   0.4109449E-03
 60.00    52.00   62  0.1400000E+00   0.8276108E-03   0.2397720E-03
 64.00    52.00   62  0.2872934E+00   0.1464625E-02   0.2366838E-03
 65.00    52.00   62  0.7500001E+00   0.9541906E-01   0.2500000E-03
 59.00    53.00   62  0.3744986E-01   0.2900340E-02   0.4261652E-03
 60.00    53.00   62  0.8404008E-01   0.7444327E-03   0.3379048E-03
 64.00    53.00   62  0.3626454E+00   0.1021413E-02   0.2210469E-03
 65.00    53.00   62  0.7500000E+00   0.1145763E+00   0.2500000E-03
 59.00    54.00   62  0.4931489E-02   0.3940144E-02   0.4773122E-03
 60.00    54.00   62  0.1122364E-01   0.4999993E-03   0.4506846E-03
 64.00    54.00   62  0.5168590E+00   0.3073734E-03   0.2050980E-03
 65.00    54.00   62  0.7182938E+00   0.8718288E-02   0.2142251E-03
 56.00    55.00   62  0.8418629E+00   0.9807527E+01  -0.2626021E-04
 57.00    55.00   62  0.1107339E-03   0.1004921E-01   0.4969071E-03
 59.00    55.00   62  0.3577044E+00   0.2682759E-01   0.1827788E-03
 60.00    55.00   62  0.7884973E-01   0.1187449E-02   0.3790395E-03
 64.00    55.00   62  0.3985131E+00   0.1272404E-03   0.2064464E-03
 65.00    55.00   62  0.7164109E+00   0.9800319E-03   0.2219127E-03
 66.00    55.00   62  0.7499999E+00   0.2565560E+01   0.2500001E-03
 55.00    56.00   62  0.2446136E+00   0.1793844E-01   0.2536039E-03
 56.00    56.00   62  0.5334479E+00   0.4329836E-02   0.8926180E-04
 57.00    56.00   62  0.6784883E-01   0.2662609E-02   0.3934777E-03
 58.00    56.00   62  0.6252579E+00   0.1222076E-01   0.4763607E-04
 59.00    56.00   62  0.5686529E+00   0.9616162E-02   0.7270309E-04
 60.00    56.00   62  0.2927597E+00   0.2304334E-02   0.2079222E-03
 61.00    56.00   62  0.1612025E+00   0.5938655E-03   0.2739306E-03
 64.00    56.00   62  0.4106434E+00   0.9574014E-04   0.1995349E-03
 65.00    56.00   62  0.6791483E+00   0.4591818E-03   0.2223729E-03
 66.00    56.00   62  0.8627072E+00   0.1010557E+00   0.1679957E-03
 55.00    57.00   62  0.1364063E-01   0.4216332E-03   0.4596952E-03
 56.00    57.00   62  0.7140744E-01   0.3245333E-03   0.3899612E-03
 57.00    57.00   62  0.8181953E-01   0.3993960E-03   0.3799674E-03
 58.00    57.00   62  0.7598739E-01   0.5248832E-03   0.3855138E-03
 59.00    57.00   62  0.5123464E-01   0.5292694E-03   0.4107368E-03
 60.00    57.00   62  0.1516778E+00   0.7227503E-03   0.3147309E-03
 61.00    57.00   62  0.4820706E-01   0.2329769E-03   0.3942585E-03
 62.00    57.00   62  0.4174601E-02   0.1587101E-03   0.3687600E-03
 63.00    57.00   62  0.1981423E+00   0.1343412E-03   0.1912529E-03
 64.00    57.00   62  0.5738264E+00   0.1183424E-03   0.2004425E-03
 65.00    57.00   62  0.7190183E+00   0.5313722E-03   0.2287541E-03
 66.00    57.00   62  0.7655741E+00   0.3999162E-01   0.2395072E-03
 52.00    58.00   62  0.2256134E-07   0.1945652E-05   0.4999567E-03
 53.00    58.00   62  0.1288916E-01   0.1813397E-02   0.4609939E-03
 54.00    58.00   62  0.3599824E-01   0.8267130E-03   0.4282249E-03
 55.00    58.00   62  0.3538923E+00   0.1217999E-02   0.1850162E-03
 56.00    58.00   62  0.9791591E+00   0.4149918E-03   0.5165834E-04
 57.00    58.00   62  0.9855483E+00   0.4356230E-03   0.4167741E-04
 58.00    58.00   62  0.3316066E+00   0.4876716E-03   0.1982912E-03
 59.00    58.00   62  0.5204415E-01   0.2087939E-03   0.4098586E-03
 60.00    58.00   62  0.1104307E+00   0.3038619E-03   0.3533764E-03
 61.00    58.00   62  0.9846513E-01   0.2203134E-03   0.3610260E-03
 62.00    58.00   62  0.6968665E-01   0.2525202E-03   0.3012934E-03
 63.00    58.00   62  0.6547973E+00   0.1720174E-03   0.1247606E-03
 64.00    58.00   62  0.7170863E+00   0.1037652E-03   0.2198333E-03
 65.00    58.00   62  0.7682514E+00   0.6472865E-03   0.2279966E-03
 66.00    58.00   62  0.7771496E+00   0.1238707E+00   0.2315599E-03
 52.00    59.00   62  0.5551915E-03   0.2989210E-03   0.4929224E-03
 53.00    59.00   62  0.5108861E-01   0.1302787E-02   0.4108956E-03
 54.00    59.00   62  0.1377589E-01   0.2545454E-03   0.4594643E-03
 55.00    59.00   62  0.9893306E+00   0.1010829E-02  -0.2432399E-04
 56.00    59.00   62  0.9575582E+00   0.2372257E-03   0.7941612E-04
 57.00    59.00   62  0.8987564E+00   0.2007018E-03   0.1377010E-03
 58.00    59.00   62  0.9609737E+00   0.2997210E-03   0.7541728E-04
 59.00    59.00   62  0.7132476E+00   0.7380123E-03   0.1282431E-04
 60.00    59.00   62  0.9730323E-01   0.2482436E-03   0.3653116E-03
 61.00    59.00   62  0.8804525E-01   0.2256485E-03   0.3731435E-03
 62.00    59.00   62  0.2949060E+00   0.3975019E-03   0.1936593E-03
 63.00    59.00   62  0.8205844E+00   0.1669579E-03   0.1620401E-03
 64.00    59.00   62  0.7678768E+00   0.1297885E-03   0.2168672E-03
 65.00    59.00   62  0.7861860E+00   0.1057680E-02   0.2232154E-03
 66.00    59.00   62  0.7500000E+00   0.3886683E+01   0.2500000E-03
 52.00    60.00   62  0.1039144E-02   0.8093690E-02   0.4901796E-03
 53.00    60.00   62  0.1666603E-02   0.7917776E-03   0.4873917E-03
 54.00    60.00   62  0.9595538E+00   0.1176058E-01   0.7709311E-04
 55.00    60.00   62  0.8751183E+00   0.1907010E-02   0.1578725E-03
 56.00    60.00   62  0.9972365E+00   0.1096165E-02   0.1653601E-04
 57.00    60.00   62  0.8564650E+00   0.3197555E-03   0.1729821E-03
 58.00    60.00   62  0.8465527E+00   0.1202409E-03   0.1807674E-03
 59.00    60.00   62  0.8476945E+00   0.1312838E-03   0.1798786E-03
 60.00    60.00   62  0.9796634E+00   0.4135836E-03   0.5091433E-04
 61.00    60.00   62  0.9403724E+00   0.7395778E-03  -0.3854319E-04
 62.00    60.00   62  0.7413163E+00   0.6754939E-03  -0.8438947E-06
 63.00    60.00   62  0.8611715E+00   0.1974972E-03   0.1378315E-03
 64.00    60.00   62  0.7784489E+00   0.1400071E-03   0.2171282E-03
 65.00    60.00   62  0.8004163E+00   0.1469456E-02   0.2124659E-03
 66.00    60.00   62  0.7500001E+00   0.9177519E+00   0.2500000E-03
 54.00    61.00   62  0.7500000E+00   0.3492234E-01   0.2500000E-03
 55.00    61.00   62  0.9020620E+00   0.3981961E-01   0.1347721E-03
 56.00    61.00   62  0.8899592E+00   0.2337192E-02   0.1453586E-03
 57.00    61.00   62  0.9025839E+00   0.9186019E-03   0.1343069E-03
 58.00    61.00   62  0.8658718E+00   0.4453862E-03   0.1654417E-03
 59.00    61.00   62  0.8636543E+00   0.1508724E-03   0.1672334E-03
 60.00    61.00   62  0.8364781E+00   0.1195063E-03   0.1885248E-03
 61.00    61.00   62  0.8667819E+00   0.1673367E-03   0.1647037E-03
 62.00    61.00   62  0.8885772E+00   0.2206673E-03   0.1464453E-03
 63.00    61.00   62  0.8372330E+00   0.1680433E-03   0.1769597E-03
 64.00    61.00   62  0.7736549E+00   0.1181021E-03   0.2201511E-03
 65.00    61.00   62  0.7804673E+00   0.7402140E-03   0.2269642E-03
 66.00    61.00   62  0.7504950E+00   0.2387374E+00   0.2496699E-03
 56.00    62.00   62  0.9974815E+00   0.9469341E-02   0.1572858E-04
 57.00    62.00   62  0.9998994E+00   0.8107538E-02  -0.2844085E-05
 58.00    62.00   62  0.7914010E+00   0.1707472E-01   0.2215903E-03
 59.00    62.00   62  0.8446164E+00   0.2115291E-02   0.1822701E-03
 60.00    62.00   62  0.8150706E+00   0.5122869E-03   0.2045401E-03
 61.00    62.00   62  0.8415816E+00   0.2502796E-03   0.1846139E-03
 62.00    62.00   62  0.8227962E+00   0.1399480E-03   0.1988301E-03
 63.00    62.00   62  0.8066775E+00   0.9772349E-04   0.2089809E-03
 64.00    62.00   62  0.7772610E+00   0.8858939E-04   0.2268165E-03
 65.00    62.00   62  0.7860919E+00   0.4260066E-03   0.2247469E-03
 66.00    62.00   62  0.7600101E+00   0.1059837E+00   0.2432815E-03
 56.00    63.00   62  0.7500001E+00   0.1372315E+02   0.2500000E-03
 57.00    63.00   62  0.7499999E+00   0.1237675E+02   0.2500000E-03
 60.00    63.00   62  0.7594078E+00   0.5799675E-01   0.2436884E-03
 61.00    63.00   62  0.8244292E+00   0.2266422E-02   0.1976131E-03
 62.00    63.00   62  0.7902176E+00   0.2400421E-03   0.2224263E-03
 63.00    63.00   62  0.7882881E+00   0.8738534E-04   0.2237860E-03
 64.00    63.00   62  0.7819291E+00   0.7454880E-04   0.2281565E-03
 65.00    63.00   62  0.7971759E+00   0.3407797E-03   0.2172006E-03
 66.00    63.00   62  0.9144123E+00   0.7468566E-01   0.1235520E-03
 61.00    64.00   62  0.8587814E+00   0.1622297E+00   0.1711396E-03
 62.00    64.00   62  0.7857611E+00   0.1329487E-02   0.2255610E-03
 63.00    64.00   62  0.7888893E+00   0.1631581E-03   0.2233628E-03
 64.00    64.00   62  0.7882771E+00   0.1017549E-03   0.2209088E-03
 65.00    64.00   62  0.8017352E+00   0.4013401E-03   0.2074455E-03
 66.00    64.00   62  0.9873349E+00   0.1255902E+00  -0.2594839E-04
 62.00    65.00   62  0.7916519E+00   0.4658216E-01   0.2214129E-03
 63.00    65.00   62  0.8243472E+00   0.1015079E-02   0.1976744E-03
 64.00    65.00   62  0.8101859E+00   0.2674716E-03   0.2078910E-03
 65.00    65.00   62  0.8383303E+00   0.6925343E-03   0.1869252E-03
 66.00    65.00   62  0.8254576E+00   0.6335551E-01   0.1968452E-03
 63.00    66.00   62  0.9334050E+00   0.4253895E-01   0.1052700E-03
 64.00    66.00   62  0.9137769E+00   0.2467835E-02   0.1241407E-03
 65.00    66.00   62  0.8899684E+00   0.2004755E-02   0.1453506E-03
 66.00    66.00   62  0.7839612E+00   0.4264650E-01   0.2268210E-03
 63.00    67.00   62  0.7500001E+00   0.9031969E+00   0.2500000E-03
 64.00    67.00   62  0.8195463E+00   0.4503043E-01   0.2012413E-03
 65.00    67.00   62  0.8067898E+00   0.1574409E-01   0.2105788E-03
 66.00    67.00   62  0.7694114E+00   0.1151063E+00   0.2368870E-03
 53.00    40.00   63  0.7500000E+00   0.1318483E+00   0.2500000E-03
 54.00    40.00   63  0.7500001E+00   0.4078308E-01   0.2500000E-03
 52.00    41.00   63  0.9308801E+00   0.7259531E-01   0.1077846E-03
 53.00    41.00   63  0.8493539E+00   0.1090711E-01   0.1785832E-03
 54.00    41.00   63  0.8055305E+00   0.6675196E-02   0.2114900E-03
 55.00    41.00   63  0.7668788E+00   0.3494056E-01  -0.5496666E-05
 56.00    41.00   63  0.2034612E-01   0.1465034E+00   0.4490714E-03
 52.00    42.00   63  0.1618773E+00   0.6087277E-02   0.3127313E-03
 53.00    42.00   63  0.9644951E+00   0.8211678E-02  -0.3566750E-04
 54.00    42.00   63  0.9991862E+00   0.5186094E-02   0.8639123E-05
 55.00    42.00   63  0.9939426E+00   0.1444115E-01   0.2542799E-04
 56.00    42.00   63  0.9996406E+00   0.1130841E+01   0.5651673E-05
 51.00    43.00   63  0.5241656E-03   0.1195808E-03   0.4931305E-03
 52.00    43.00   63  0.2270666E-01   0.8877370E-03   0.4456437E-03
 53.00    43.00   63  0.5278059E+00   0.8935340E-02   0.9198289E-04
 54.00    43.00   63  0.9205760E+00   0.4181510E-02   0.1177695E-03
 55.00    43.00   63  0.9637414E+00   0.7533160E-02   0.7209234E-04
 56.00    43.00   63  0.7500002E+00   0.5444690E-01   0.2500000E-03
 51.00    44.00   63  0.2351711E-03   0.7297852E-04   0.4954560E-03
 52.00    44.00   63  0.8429095E-01   0.2102430E-02   0.3776538E-03
 53.00    44.00   63  0.5653700E+00   0.5530719E-02   0.7421634E-04
 54.00    44.00   63  0.9741777E+00   0.2179134E-02   0.5869652E-04
 55.00    44.00   63  0.9655020E+00   0.3440461E-02   0.6993324E-04
 56.00    44.00   63  0.8037341E+00   0.1027942E-01   0.2127867E-03
 57.00    44.00   63  0.7500001E+00   0.2119869E+01   0.2500000E-03
 52.00    45.00   63  0.6044481E-03   0.2059668E-03   0.4926027E-03
 53.00    45.00   63  0.5465887E+00   0.5036264E-02   0.8299603E-04
 54.00    45.00   63  0.9997829E+00   0.1933240E-02  -0.4143454E-05
 55.00    45.00   63  0.9970603E+00   0.1673756E-02  -0.1415890E-04
 56.00    45.00   63  0.9299755E+00   0.4583654E-02  -0.3865431E-04
 57.00    45.00   63  0.9999198E+00   0.4531050E-01  -0.2545363E-05
 52.00    46.00   63  0.6754122E-02   0.2058108E-02   0.4729789E-03
 53.00    46.00   63  0.3976119E+00   0.6627749E-02   0.1599152E-03
 54.00    46.00   63  0.8638623E+00   0.3309019E-02  -0.3092783E-04
 55.00    46.00   63  0.9787996E+00   0.1485300E-02  -0.3098394E-04
 56.00    46.00   63  0.9160845E+00   0.1405239E-02  -0.3808067E-04
 57.00    46.00   63  0.7766071E+00   0.2403397E-02  -0.8542323E-05
 58.00    46.00   63  0.7639621E+00   0.6440243E-02  -0.1035349E-03
 53.00    47.00   63  0.1117445E-02   0.6541341E-03   0.4897968E-03
 54.00    47.00   63  0.2678852E+00   0.6287185E-02   0.2382155E-03
 55.00    47.00   63  0.9852967E+00   0.7497462E-02  -0.2739404E-04
 56.00    47.00   63  0.7504609E+00   0.1817330E-02  -0.1535518E-06
 57.00    47.00   63  0.2839478E+00   0.5585419E-03   0.2278591E-03
 58.00    47.00   63  0.4069837E+00   0.6958207E-03   0.1546902E-03
 59.00    47.00   63  0.4468285E+00   0.8112643E-03   0.1262448E-03
 60.00    47.00   63  0.6677105E+00   0.2434530E-02  -0.6369820E-03
 64.00    47.00   63  0.4815306E+00   0.1269515E+00   0.2115219E-03
 53.00    48.00   63  0.9238640E-06   0.1037561E-03   0.4997221E-03
 54.00    48.00   63  0.2910893E-05   0.1317423E-03   0.4995061E-03
 55.00    48.00   63  0.1570431E+00   0.9848225E-02   0.3164465E-03
 56.00    48.00   63  0.2462028E+00   0.3764941E-02   0.2525379E-03
 57.00    48.00   63  0.9613075E-01   0.8937000E-03   0.3668417E-03
 58.00    48.00   63  0.1071885E+00   0.5992498E-03   0.3571034E-03
 59.00    48.00   63  0.7074603E-01   0.3638192E-03   0.3906107E-03
 60.00    48.00   63  0.3010580E+00   0.7910350E-03   0.1231104E-03
 64.00    48.00   63  0.6099451E+00   0.3169360E-02   0.2183903E-03
 65.00    48.00   63  0.7388613E+00   0.3326850E+00   0.2463958E-03
 55.00    49.00   63  0.1375123E-03   0.1342678E-01   0.4965463E-03
 56.00    49.00   63  0.7331391E-01   0.1213473E-01   0.3880996E-03
 57.00    49.00   63  0.8185944E-04   0.2770991E-03   0.4973474E-03
 59.00    49.00   63  0.2164302E+00   0.3233760E-02   0.2729054E-03
 60.00    49.00   63  0.3719714E+00   0.1293191E-02   0.1452148E-03
 64.00    49.00   63  0.5131504E-01   0.3492646E-03   0.3713649E-03
 65.00    49.00   63  0.1469970E+00   0.1270796E-01   0.2955586E-03
 66.00    49.00   63  0.7499998E+00   0.2232040E+03   0.2500000E-03
 56.00    50.00   63  0.9813408E+00   0.5542044E-01   0.4839248E-04
 57.00    50.00   63  0.2841414E-01   0.2162542E-01   0.4378287E-03
 59.00    50.00   63  0.9908718E+00   0.2493834E+00   0.3201852E-04
 60.00    50.00   63  0.8016630E-01   0.1400445E-02   0.3799909E-03
 65.00    50.00   63  0.2168421E+00   0.2985707E-02   0.2620773E-03
 66.00    50.00   63  0.7500002E+00   0.4761434E+00   0.2500000E-03
 59.00    51.00   63  0.9933652E+00   0.2484631E+00  -0.2011814E-04
 60.00    51.00   63  0.4542350E+00   0.6252606E-02   0.1291508E-03
 65.00    51.00   63  0.2098860E+00   0.1259622E-02   0.2636297E-03
 66.00    51.00   63  0.1146949E+00   0.7622065E-01   0.3160254E-03
 59.00    52.00   63  0.2214098E-03   0.7483687E-02   0.4955943E-03
 60.00    52.00   63  0.3964661E+00   0.7213809E-02   0.1605577E-03
 61.00    52.00   63  0.1985611E+00   0.1652158E-02   0.9417813E-04
 65.00    52.00   63  0.1942965E+00   0.8570498E-03   0.2711089E-03
 66.00    52.00   63  0.4065005E+00   0.3276246E-01   0.2164171E-03
 59.00    53.00   63  0.7500001E+00   0.1877710E+02   0.2500000E-03
 60.00    53.00   63  0.5697729E+00   0.2011785E-01   0.7218824E-04
 61.00    53.00   63  0.2355924E+00   0.1973002E-02   0.1961022E-03
 65.00    53.00   63  0.2471152E+00   0.5942417E-03   0.2436311E-03
 66.00    53.00   63  0.5332040E+00   0.2097471E-01   0.2119621E-03
 60.00    54.00   63  0.8885648E-02   0.8835621E-02   0.4684668E-03
 61.00    54.00   63  0.3961573E-01   0.1102882E-02   0.3852481E-03
 65.00    54.00   63  0.3846351E+00   0.2728361E-03   0.2122250E-03
 66.00    54.00   63  0.6834050E+00   0.3924408E-02   0.2236091E-03
 55.00    55.00   63  0.7500000E+00   0.8733825E+02   0.2500000E-03
 56.00    55.00   63  0.9981189E+00   0.1087118E+00   0.1344836E-04
 57.00    55.00   63  0.4861590E-01   0.2656839E-01   0.4136085E-03
 60.00    55.00   63  0.1542951E-03   0.3978718E-03   0.4963374E-03
 61.00    55.00   63  0.7493287E-01   0.2003060E-02   0.3715976E-03
 65.00    55.00   63  0.2602628E+00   0.1144822E-03   0.2375794E-03
 66.00    55.00   63  0.6376269E+00   0.8358156E-03   0.2189229E-03
 67.00    55.00   63  0.7500000E+00   0.4409794E+00   0.2500000E-03
 55.00    56.00   63  0.4661090E-01   0.1840110E-01   0.4158407E-03
 56.00    56.00   63  0.2334200E+00   0.1899679E-02   0.2611783E-03
 57.00    56.00   63  0.1026334E+00   0.9942859E-03   0.3610764E-03
 58.00    56.00   63  0.1026693E+00   0.1482806E-02   0.3610448E-03
 59.00    56.00   63  0.2038352E+00   0.7855219E-02   0.2817902E-03
 60.00    56.00   63  0.1041174E+00   0.5779703E-02   0.3597763E-03
 61.00    56.00   63  0.1589691E+00   0.2234956E-02   0.3094181E-03
 62.00    56.00   63  0.6380557E-01   0.4929901E-03   0.3516030E-03
 65.00    56.00   63  0.2604093E+00   0.9735327E-04   0.2306523E-03
 66.00    56.00   63  0.6201447E+00   0.4335291E-03   0.2035196E-03
 67.00    56.00   63  0.6761843E+00   0.6116590E-01   0.2139705E-03
 53.00    57.00   63  0.9695125E+00   0.1701919E+00   0.6487401E-04
 54.00    57.00   63  0.2084368E+00   0.1288407E-01   0.2785244E-03
 55.00    57.00   63  0.2260689E-01   0.7506839E-03   0.4457860E-03
 56.00    57.00   63  0.6433497E+00   0.8602259E-03   0.4004681E-04
 57.00    57.00   63  0.8945236E+00   0.7449546E-03  -0.3593304E-04
 58.00    57.00   63  0.3128480E+00   0.6222977E-03   0.2097309E-03
 59.00    57.00   63  0.1157840E+00   0.6757706E-03   0.3497418E-03
 60.00    57.00   63  0.1104192E+00   0.1375060E-02   0.3543163E-03
 61.00    57.00   63  0.1737759E+00   0.1306909E-02   0.2888736E-03
 62.00    57.00   63  0.6307708E-01   0.3549232E-03   0.3537455E-03
 64.00    57.00   63  0.2608250E-01   0.5693861E-04   0.3851302E-03
 65.00    57.00   63  0.4900940E+00   0.1313900E-03   0.2002306E-03
 66.00    57.00   63  0.6966031E+00   0.4718532E-03   0.2150068E-03
 67.00    57.00   63  0.7619264E+00   0.2935435E-01   0.2372301E-03
 51.00    58.00   63  0.9971092E+00   0.4728448E+00   0.1694416E-04
 52.00    58.00   63  0.1007633E-03   0.2213630E-03   0.4970520E-03
 53.00    58.00   63  0.6653406E-01   0.6591328E-02   0.3947913E-03
 54.00    58.00   63  0.1290993E+00   0.2439222E-02   0.3386547E-03
 55.00    58.00   63  0.3206840E+00   0.1008169E-02   0.2049219E-03
 56.00    58.00   63  0.9743942E+00   0.3619105E-03   0.5840094E-04
 57.00    58.00   63  0.9065744E+00   0.2392694E-03   0.1307253E-03
 58.00    58.00   63  0.9971402E+00   0.4453259E-03   0.1684492E-04
 59.00    58.00   63  0.1578408E+00   0.3460310E-03   0.3158311E-03
 60.00    58.00   63  0.1064660E+00   0.4534693E-03   0.3577300E-03
 61.00    58.00   63  0.1753183E+00   0.5358149E-03   0.2859891E-03
 62.00    58.00   63  0.7207308E-01   0.2566832E-03   0.3554552E-03
 63.00    58.00   63  0.6784673E-02   0.1925551E-03   0.2934815E-03
 64.00    58.00   63  0.5192251E+00   0.1363663E-03   0.1566139E-03
 65.00    58.00   63  0.6763151E+00   0.1198912E-03   0.2103806E-03
 66.00    58.00   63  0.7559797E+00   0.7057709E-03   0.2200093E-03
 67.00    58.00   63  0.7535060E+00   0.9349814E-01   0.2476572E-03
 51.00    59.00   63  0.9332621E+00   0.4504303E-01  -0.3867503E-04
 52.00    59.00   63  0.5563642E-02   0.8418357E-03   0.4757460E-03
 53.00    59.00   63  0.8297890E-01   0.2226735E-02   0.3788794E-03
 54.00    59.00   63  0.3931121E-02   0.9044767E-04   0.4799705E-03
 55.00    59.00   63  0.5089836E+00   0.9372076E-03   0.1011939E-03
 56.00    59.00   63  0.9889953E+00   0.6443752E-03   0.3561817E-04
 57.00    59.00   63  0.8999004E+00   0.4061861E-03   0.1366907E-03
 58.00    59.00   63  0.8744870E+00   0.1681698E-03   0.1583945E-03
 59.00    59.00   63  0.9782855E+00   0.3594641E-03   0.5293146E-04
 60.00    59.00   63  0.2312021E+00   0.4406118E-03   0.2626932E-03
 61.00    59.00   63  0.6529907E-01   0.2293227E-03   0.3939132E-03
 62.00    59.00   63  0.9549318E-01   0.2336803E-03   0.3420818E-03
 63.00    59.00   63  0.8721232E+00   0.1259360E-02  -0.9732796E-03
 64.00    59.00   63  0.7154530E+00   0.1142072E-03   0.1850975E-03
 65.00    59.00   63  0.7524177E+00   0.1414021E-03   0.2220032E-03
 66.00    59.00   63  0.8083442E+00   0.1415200E-02   0.2014091E-03
 67.00    59.00   63  0.7915955E+00   0.5002955E+00   0.2214528E-03
 52.00    60.00   63  0.2028742E-03   0.4532638E-03   0.4957873E-03
 53.00    60.00   63  0.4710909E-01   0.4442054E-02   0.4152833E-03
 54.00    60.00   63  0.2933595E+00   0.4107905E-02   0.2218859E-03
 55.00    60.00   63  0.9895682E+00   0.5304741E-02  -0.2411421E-04
 56.00    60.00   63  0.9999766E+00   0.4175526E-02  -0.1384586E-05
 57.00    60.00   63  0.8707445E+00   0.8463479E-03   0.1614731E-03
 58.00    60.00   63  0.8288462E+00   0.2145043E-03   0.1943046E-03
 59.00    60.00   63  0.8361257E+00   0.1207903E-03   0.1887936E-03
 60.00    60.00   63  0.9329686E+00   0.2399709E-03   0.1057066E-03
 61.00    60.00   63  0.9435672E+00   0.6871497E-03  -0.4022010E-04
 62.00    60.00   63  0.3019092E+00   0.5512778E-03   0.1731311E-03
 63.00    60.00   63  0.9983115E+00   0.1325891E-02  -0.1085168E-02
 64.00    60.00   63  0.6823252E+00   0.1270596E-03   0.1626585E-03
 65.00    60.00   63  0.7633626E+00   0.1974712E-03   0.2158381E-03
 66.00    60.00   63  0.8040590E+00   0.2405077E-02   0.2125525E-03
 67.00    60.00   63  0.7500002E+00   0.6146766E+00   0.2500000E-03
 54.00    61.00   63  0.9980612E+00   0.9460744E-01  -0.1172919E-04
 55.00    61.00   63  0.9736285E+00   0.6602689E-01   0.5944210E-04
 56.00    61.00   63  0.9974089E+00   0.6055097E-02   0.1597137E-04
 57.00    61.00   63  0.9625936E+00   0.4292892E-02   0.7348100E-04
 58.00    61.00   63  0.9016651E+00   0.1768897E-02   0.1351254E-03
 59.00    61.00   63  0.8509213E+00   0.2761345E-03   0.1773557E-03
 60.00    61.00   63  0.8295827E+00   0.1307874E-03   0.1937502E-03
 61.00    61.00   63  0.8564416E+00   0.1627981E-03   0.1728414E-03
 62.00    61.00   63  0.9396405E+00   0.3318926E-03   0.8881488E-04
 63.00    61.00   63  0.9998224E+00   0.6245457E-03  -0.1777825E-03
 64.00    61.00   63  0.7413605E+00   0.1748213E-03   0.1177026E-03
 65.00    61.00   63  0.7500435E+00   0.1314657E-03   0.2272578E-03
 66.00    61.00   63  0.7656176E+00   0.9418045E-03   0.2394522E-03
 67.00    61.00   63  0.7499999E+00   0.4204460E+00   0.2500001E-03
 56.00    62.00   63  0.2914489E-01   0.3964516E-02   0.4368688E-03
 57.00    62.00   63  0.1509795E+00   0.2377037E-01   0.3211562E-03
 58.00    62.00   63  0.9949337E+00   0.4351260E-01   0.2302797E-04
 59.00    62.00   63  0.8232738E+00   0.6233579E-02   0.1984744E-03
 60.00    62.00   63  0.8112277E+00   0.8955345E-03   0.2073528E-03
 61.00    62.00   63  0.8107929E+00   0.3491990E-03   0.2076698E-03
 62.00    62.00   63  0.8539581E+00   0.1924174E-03   0.1748371E-03
 63.00    62.00   63  0.8736730E+00   0.1784370E-03   0.1558673E-03
 64.00    62.00   63  0.8649381E+00   0.1788573E-03   0.1325239E-03
 65.00    62.00   63  0.7788111E+00   0.1049593E-03   0.2158818E-03
 66.00    62.00   63  0.7744088E+00   0.4228378E-03   0.2325689E-03
 67.00    62.00   63  0.8992071E+00   0.2355522E+00   0.1373032E-03
 60.00    63.00   63  0.7500001E+00   0.7741135E+00   0.2500000E-03
 61.00    63.00   63  0.8033622E+00   0.3076428E-02   0.2130547E-03
 62.00    63.00   63  0.8141282E+00   0.3873145E-03   0.2052315E-03
 63.00    63.00   63  0.8212816E+00   0.1713887E-03   0.1999553E-03
 64.00    63.00   63  0.8322698E+00   0.1179786E-03   0.1908155E-03
 65.00    63.00   63  0.7897365E+00   0.9716284E-04   0.2178478E-03
 66.00    63.00   63  0.7813759E+00   0.3730760E-03   0.2238099E-03
 67.00    63.00   63  0.8494241E+00   0.1312890E+00   0.1785284E-03
 61.00    64.00   63  0.1422327E-01   0.6687959E+00   0.4587063E-03
 62.00    64.00   63  0.7900450E+00   0.4197096E-02   0.2225481E-03
 63.00    64.00   63  0.7939378E+00   0.3044908E-03   0.2197932E-03
 64.00    64.00   63  0.7876458E+00   0.1054201E-03   0.2219570E-03
 65.00    64.00   63  0.7840991E+00   0.8602252E-04   0.2188676E-03
 66.00    64.00   63  0.7816812E+00   0.4049377E-03   0.2222888E-03
 67.00    64.00   63  0.8858284E+00   0.1067256E+00   0.1488901E-03
 62.00    65.00   63  0.8720115E+00   0.1018009E+01   0.1604339E-03
 63.00    65.00   63  0.7979777E+00   0.1785974E-02   0.2169167E-03
 64.00    65.00   63  0.7945365E+00   0.1882666E-03   0.2189051E-03
 65.00    65.00   63  0.7794344E+00   0.9901697E-04   0.2276344E-03
 66.00    65.00   63  0.7874132E+00   0.4438536E-03   0.2195505E-03
 67.00    65.00   63  0.8189755E+00   0.1076792E+00   0.2016632E-03
 63.00    66.00   63  0.9392017E+00   0.3574262E-01   0.9938102E-04
 64.00    66.00   63  0.8065760E+00   0.8533688E-03   0.2107336E-03
 65.00    66.00   63  0.8040282E+00   0.2336895E-03   0.2113680E-03
 66.00    66.00   63  0.8438162E+00   0.8172780E-03   0.1827877E-03
 67.00    66.00   63  0.8959247E+00   0.8737022E-01   0.1401870E-03
 64.00    67.00   63  0.9888572E+00   0.3463352E-01   0.3587329E-04
 65.00    67.00   63  0.9035336E+00   0.1761842E-02   0.1334587E-03
 66.00    67.00   63  0.8648635E+00   0.2224071E-02   0.1662575E-03
 67.00    67.00   63  0.9234182E+00   0.1058049E+00   0.1150574E-03
 65.00    68.00   63  0.9794036E+00   0.6751435E-01   0.5129824E-04
 66.00    68.00   63  0.8603234E+00   0.4229473E-01   0.1699079E-03
 67.00    68.00   63  0.7500000E+00   0.2203431E+01   0.2500000E-03
 52.00    41.00   64  0.7947378E+00   0.4023093E+01  -0.1396280E-04
 53.00    41.00   64  0.7503396E+00   0.4690337E-01   0.2497736E-03
 54.00    41.00   64  0.7535479E+00   0.1394811E-01   0.2476292E-03
 55.00    41.00   64  0.8473734E+00   0.1089154E-01   0.1801286E-03
 56.00    41.00   64  0.8928295E+00   0.4964915E-01   0.1428810E-03
 52.00    42.00   64  0.5198572E-03   0.5078320E-03   0.4931599E-03
 53.00    42.00   64  0.9096944E+00   0.1527708E-01   0.1278927E-03
 54.00    42.00   64  0.9385103E+00   0.1030200E-01   0.1000923E-03
 55.00    42.00   64  0.9008792E+00   0.8113025E-02   0.1358236E-03
 56.00    42.00   64  0.7599432E+00   0.2205333E-01   0.2433267E-03
 51.00    43.00   64  0.3165662E-07   0.9122601E-06   0.4999486E-03
 52.00    43.00   64  0.4337168E-03   0.1295016E-03   0.4937726E-03
 53.00    43.00   64  0.1674838E+00   0.5464087E-02   0.3084647E-03
 54.00    43.00   64  0.9468427E+00   0.7506440E-02   0.9134199E-04
 55.00    43.00   64  0.9836859E+00   0.5174593E-02   0.4472659E-04
 56.00    43.00   64  0.8071459E+00   0.9283890E-02   0.2103208E-03
 57.00    43.00   64  0.8114117E+00   0.9914412E-01   0.2072184E-03
 51.00    44.00   64  0.2529151E-06   0.2361979E-05   0.4998547E-03
 52.00    44.00   64  0.3739820E-02   0.2726295E-03   0.4805095E-03
 53.00    44.00   64  0.2662708E+00   0.2948316E-02   0.2392680E-03
 54.00    44.00   64  0.9875439E+00   0.3116410E-02   0.3824482E-04
 55.00    44.00   64  0.9741793E+00   0.2457580E-02   0.5869419E-04
 56.00    44.00   64  0.9066573E+00   0.4021823E-02   0.1306504E-03
 57.00    44.00   64  0.7881336E+00   0.2033371E-01   0.2238947E-03
 52.00    45.00   64  0.2615908E-04   0.2703118E-04   0.4985105E-03
 53.00    45.00   64  0.1811088E-01   0.4997943E-03   0.4524491E-03
 54.00    45.00   64  0.6652172E+00   0.2941536E-02   0.3116138E-04
 55.00    45.00   64  0.9999460E+00   0.1700602E-02   0.2146349E-05
 56.00    45.00   64  0.9801346E+00   0.2151657E-02   0.5021403E-04
 57.00    45.00   64  0.9995577E+00   0.9728812E-02  -0.5850743E-05
 53.00    46.00   64  0.1578708E-01   0.1040443E-02   0.4561229E-03
 54.00    46.00   64  0.4897957E+00   0.3334877E-02   0.1107946E-03
 55.00    46.00   64  0.9994913E+00   0.1883099E-02   0.6763148E-05
 56.00    46.00   64  0.9647737E+00   0.1415750E-02  -0.3560452E-04
 57.00    46.00   64  0.9976093E+00   0.1505804E-02   0.1529304E-04
 58.00    46.00   64  0.9656112E+00   0.1148181E-01  -0.6801658E-04
 54.00    47.00   64  0.3153495E-01   0.1220841E-02   0.4337842E-03
 55.00    47.00   64  0.5824988E+00   0.3654680E-02   0.6639128E-04
 56.00    47.00   64  0.9376699E+00   0.2001439E-02  -0.3862334E-04
 57.00    47.00   64  0.8803547E+00   0.1051485E-02  -0.3386586E-04
 58.00    47.00   64  0.4332586E+00   0.7651695E-03   0.1403248E-03
 59.00    47.00   64  0.4787176E+00   0.1281561E-02   0.8327921E-04
 60.00    47.00   64  0.2729269E+00   0.1317128E-02  -0.9100395E-04
 64.00    47.00   64  0.4641483E-01   0.6197098E-03   0.3732833E-03
 65.00    47.00   64  0.5812435E+00   0.1545272E+00   0.2151612E-03
 54.00    48.00   64  0.2087883E-01   0.9833089E-02   0.4482862E-03
 55.00    48.00   64  0.6853134E+00   0.1523609E-01   0.2328510E-04
 56.00    48.00   64  0.3154585E+00   0.2983490E-02   0.2081240E-03
 57.00    48.00   64  0.2130148E+00   0.1539626E-02   0.2752981E-03
 58.00    48.00   64  0.2580267E+00   0.5620022E-03   0.2446772E-03
 59.00    48.00   64  0.3317395E+00   0.6497456E-03   0.1982110E-03
 60.00    48.00   64  0.3078582E+00   0.5883139E-03   0.2097429E-03
 61.00    48.00   64  0.5734389E+00   0.1204418E-02  -0.3912281E-03
 64.00    48.00   64  0.1790125E+00   0.2569908E-03   0.2683394E-03
 65.00    48.00   64  0.5355483E+00   0.3942147E-02   0.1686905E-03
 66.00    48.00   64  0.7500002E+00   0.8255835E+00   0.2500000E-03
 55.00    49.00   64  0.7927461E+00   0.2910519E+00   0.2206382E-03
 56.00    49.00   64  0.8947875E+00   0.1929090E-01  -0.3596715E-04
 57.00    49.00   64  0.1152910E+00   0.3770294E-02   0.3501595E-03
 58.00    49.00   64  0.7954933E-01   0.1973491E-02   0.3821115E-03
 59.00    49.00   64  0.1030420E+00   0.7091936E-03   0.3607178E-03
 60.00    49.00   64  0.2532425E+00   0.8209430E-03   0.2478430E-03
 61.00    49.00   64  0.1338736E+00   0.4774165E-03   0.2519709E-03
 65.00    49.00   64  0.7351183E-01   0.3262508E-03   0.3418578E-03
 66.00    49.00   64  0.5429659E-01   0.4004810E-02   0.3691713E-03
 67.00    49.00   64  0.7500002E+00   0.2965857E+00   0.2500000E-03
 55.00    50.00   64  0.7500001E+00   0.5967047E+01   0.2500000E-03
 56.00    50.00   64  0.8199995E+00   0.1562116E-01   0.2009059E-03
 57.00    50.00   64  0.7695736E+00   0.5162415E-01  -0.6349583E-05
 58.00    50.00   64  0.9667611E+00   0.2158582E+00  -0.3512838E-04
 59.00    50.00   64  0.1633091E+00   0.1121950E-01   0.3116374E-03
 60.00    50.00   64  0.1921743E-01   0.2715429E-02   0.4507595E-03
 61.00    50.00   64  0.6131929E-01   0.7510592E-03   0.3825446E-03
 66.00    50.00   64  0.5707117E-01   0.1207580E-02   0.3652001E-03
 67.00    50.00   64  0.6779051E+00   0.1366981E+00   0.2302163E-03
 60.00    51.00   64  0.9372367E+00   0.4583761E+00   0.1013962E-03
 61.00    51.00   64  0.1846201E+00   0.2198643E-02   0.2949249E-03
 66.00    51.00   64  0.6280183E-01   0.4818900E-03   0.3567177E-03
 67.00    51.00   64  0.2949019E+00   0.2728027E-01   0.2367291E-03
 61.00    52.00   64  0.3924362E+00   0.4518654E-02   0.1628239E-03
 62.00    52.00   64  0.7936440E-01   0.4674719E-03   0.3476484E-03
 66.00    52.00   64  0.9881274E-04   0.1208809E-04   0.4942075E-03
 67.00    52.00   64  0.3342347E+00   0.1024082E-01   0.2276511E-03
 61.00    53.00   64  0.3751605E+00   0.1852410E-01   0.1726536E-03
 62.00    53.00   64  0.1135764E+00   0.1043839E-02   0.3245120E-03
 66.00    53.00   64  0.1420020E+00   0.2027940E-03   0.2963852E-03
 67.00    53.00   64  0.4049633E+00   0.4344854E-02   0.2132422E-03
 56.00    54.00   64  0.7500001E+00   0.8613274E+01   0.2500000E-03
 57.00    54.00   64  0.7500001E+00   0.4155733E+01   0.2500000E-03
 61.00    54.00   64  0.8331719E-01   0.3119281E-01   0.3785629E-03
 62.00    54.00   64  0.2962055E-01   0.1100606E-02   0.4147034E-03
 66.00    54.00   64  0.1239586E+00   0.1047689E-03   0.3049749E-03
 67.00    54.00   64  0.5756516E+00   0.1228077E-02   0.2096192E-03
 68.00    54.00   64  0.7500001E+00   0.5306260E+00   0.2500000E-03
 56.00    55.00   64  0.9589472E-01   0.1132945E-01   0.3670532E-03
 57.00    55.00   64  0.4255743E-01   0.2384548E-02   0.4204502E-03
 58.00    55.00   64  0.7918342E-01   0.4643266E-02   0.3824588E-03
 59.00    55.00   64  0.8744518E-01   0.1546039E-01   0.3747307E-03
 60.00    55.00   64  0.9646601E+00   0.2317364E+00   0.7097016E-04
 61.00    55.00   64  0.2445361E-01   0.2502057E-02   0.4431866E-03
 62.00    55.00   64  0.8952274E-01   0.1550222E-02   0.3693224E-03
 63.00    55.00   64  0.2365497E+00   0.1588870E-02  -0.2479053E-04
 66.00    55.00   64  0.6634603E-01   0.5235837E-04   0.3499428E-03
 67.00    55.00   64  0.5906546E+00   0.4078340E-03   0.2058969E-03
 68.00    55.00   64  0.7012718E+00   0.6358688E-01   0.2357466E-03
 55.00    56.00   64  0.4623882E+00   0.2065548E+00   0.1248773E-03
 56.00    56.00   64  0.3112041E+00   0.2310930E-02   0.2107453E-03
 57.00    56.00   64  0.6593483E+00   0.1181656E-02   0.3351449E-04
 58.00    56.00   64  0.4942576E+00   0.1045403E-02   0.1085431E-03
 59.00    56.00   64  0.8562528E-01   0.7638016E-03   0.3764132E-03
 60.00    56.00   64  0.6770612E-01   0.2628753E-02   0.3936200E-03
 61.00    56.00   64  0.2437458E+00   0.7326053E-02   0.2541870E-03
 62.00    56.00   64  0.4841933E+00   0.4116808E-02   0.8671716E-04
 63.00    56.00   64  0.2140795E+00   0.9971843E-03   0.1402833E-03
 66.00    56.00   64  0.1584857E+00   0.7160309E-04   0.2720520E-03
 67.00    56.00   64  0.5864277E+00   0.2846002E-03   0.1996587E-03
 68.00    56.00   64  0.7278202E+00   0.1733194E-01   0.2430319E-03
 53.00    57.00   64  0.9996582E+00   0.5610734E+00  -0.5165930E-05
 54.00    57.00   64  0.1462610E+00   0.1941597E-01   0.3248611E-03
 55.00    57.00   64  0.5913654E-01   0.1328707E-02   0.4023390E-03
 56.00    57.00   64  0.9767387E+00   0.7758058E-03  -0.3188202E-04
 57.00    57.00   64  0.9560366E+00   0.3464910E-03   0.8116415E-04
 58.00    57.00   64  0.9583325E+00   0.3834289E-03   0.7851922E-04
 59.00    57.00   64  0.4725963E+00   0.6020352E-03   0.1195813E-03
 60.00    57.00   64  0.4067621E-01   0.4142426E-03   0.4226373E-03
 61.00    57.00   64  0.2547134E-01   0.6089595E-03   0.4417831E-03
 62.00    57.00   64  0.1637263E+00   0.1187575E-02   0.2906458E-03
 63.00    57.00   64  0.2976693E-02   0.7742571E-04   0.4601105E-03
 66.00    57.00   64  0.3233337E+00   0.1094593E-03   0.2088711E-03
 67.00    57.00   64  0.6892232E+00   0.3794972E-03   0.2031566E-03
 68.00    57.00   64  0.6898531E+00   0.2065499E-01   0.2223264E-03
 53.00    58.00   64  0.4069282E-02   0.1510526E-02   0.4795880E-03
 54.00    58.00   64  0.1844486E-01   0.9337407E-03   0.4519353E-03
 55.00    58.00   64  0.2370026E+00   0.1013601E-02   0.2587414E-03
 56.00    58.00   64  0.9948392E+00   0.4909611E-03   0.2326479E-04
 57.00    58.00   64  0.9524504E+00   0.4717392E-03   0.8520816E-04
 58.00    58.00   64  0.8888257E+00   0.2359112E-03   0.1463314E-03
 59.00    58.00   64  0.9915815E+00   0.3977032E-03  -0.2216588E-04
 60.00    58.00   64  0.2010837E+00   0.3974094E-03   0.2837541E-03
 61.00    58.00   64  0.4959712E-01   0.2614311E-03   0.4125017E-03
 62.00    58.00   64  0.3185331E-01   0.1913238E-03   0.4247828E-03
 63.00    58.00   64  0.4917816E-03   0.2262639E-04   0.4809425E-03
 64.00    58.00   64  0.3288759E-02   0.8497421E-04   0.3677000E-03
 65.00    58.00   64  0.4267342E+00   0.1433497E-03   0.1553530E-03
 66.00    58.00   64  0.6604493E+00   0.1293607E-03   0.2005756E-03
 67.00    58.00   64  0.7642058E+00   0.5421122E-03   0.2103850E-03
 68.00    58.00   64  0.8337782E+00   0.4467501E-01   0.1686647E-03
 51.00    59.00   64  0.7015157E+00   0.1705526E+00   0.1714641E-04
 52.00    59.00   64  0.2672492E-02   0.6642346E-03   0.4837603E-03
 53.00    59.00   64  0.2077617E-02   0.3679857E-03   0.4858168E-03
 54.00    59.00   64  0.1092745E-02   0.5821875E-04   0.4899162E-03
 55.00    59.00   64  0.2288734E+00   0.9850996E-03   0.2642887E-03
 56.00    59.00   64  0.9202819E+00   0.1676921E-02  -0.3833038E-04
 57.00    59.00   64  0.9586350E+00   0.1072770E-02   0.7816707E-04
 58.00    59.00   64  0.8786338E+00   0.2711304E-03   0.1549506E-03
 59.00    59.00   64  0.8849239E+00   0.1716709E-03   0.1496583E-03
 60.00    59.00   64  0.9980483E+00   0.4475817E-03   0.1371597E-04
 61.00    59.00   64  0.2162024E+00   0.4014498E-03   0.2727342E-03
 62.00    59.00   64  0.2667311E-01   0.1701836E-03   0.4289714E-03
 64.00    59.00   64  0.1122998E+00   0.1582118E-03   0.1409111E-03
 65.00    59.00   64  0.6676422E+00   0.1395611E-03   0.1783039E-03
 66.00    59.00   64  0.7489195E+00   0.1867180E-03   0.2262889E-03
 67.00    59.00   64  0.7632381E+00   0.9597872E-03   0.2321295E-03
 68.00    59.00   64  0.8147154E+00   0.1302739E+00   0.2048008E-03
 51.00    60.00   64  0.2881522E-01   0.7702869E-02   0.4373008E-03
 52.00    60.00   64  0.6351334E-02   0.8795327E-03   0.4738915E-03
 53.00    60.00   64  0.6794422E-02   0.1266435E-02   0.4728888E-03
 54.00    60.00   64  0.1638573E+00   0.4587829E-02   0.3112194E-03
 55.00    60.00   64  0.9631624E+00   0.1311043E-01  -0.3595679E-04
 56.00    60.00   64  0.9993608E+00   0.9294365E-02  -0.6976828E-05
 57.00    60.00   64  0.9859913E+00   0.3360792E-02   0.4093154E-04
 58.00    60.00   64  0.8349423E+00   0.9555481E-03   0.1896945E-03
 59.00    60.00   64  0.8268775E+00   0.2172816E-03   0.1957823E-03
 60.00    60.00   64  0.8561695E+00   0.1650519E-03   0.1732165E-03
 61.00    60.00   64  0.9801412E+00   0.3260203E-03   0.4989799E-04
 62.00    60.00   64  0.6092127E+00   0.8795228E-03  -0.3167789E-04
 64.00    60.00   64  0.2025153E-01   0.6076524E-04   0.3555793E-03
 65.00    60.00   64  0.6286916E+00   0.1516594E-03   0.1601726E-03
 66.00    60.00   64  0.7644727E+00   0.2474893E-03   0.2195357E-03
 67.00    60.00   64  0.7798703E+00   0.1569881E-02   0.2296728E-03
 68.00    60.00   64  0.7500001E+00   0.5887636E+00   0.2500000E-03
 54.00    61.00   64  0.8126499E+00   0.1554666E+00   0.2063138E-03
 55.00    61.00   64  0.8321247E+00   0.1371913E+00   0.1918315E-03
 56.00    61.00   64  0.5675660E+00   0.9242458E-02   0.7320332E-04
 57.00    61.00   64  0.9639586E+00   0.9101213E-02  -0.3578636E-04
 58.00    61.00   64  0.7844327E+00   0.6406314E-02   0.2264913E-03
 59.00    61.00   64  0.8238444E+00   0.1526319E-02   0.1980492E-03
 60.00    61.00   64  0.8400040E+00   0.3069068E-03   0.1858271E-03
 61.00    61.00   64  0.8579516E+00   0.1838094E-03   0.1717887E-03
 62.00    61.00   64  0.9405154E+00   0.2730511E-03   0.9066027E-04
 63.00    61.00   64  0.9831758E+00   0.8668895E-03  -0.4261371E-03
 64.00    61.00   64  0.1888269E-01   0.2334480E-03   0.1798158E-03
 65.00    61.00   64  0.5999421E+00   0.2174640E-03   0.7341153E-04
 66.00    61.00   64  0.7589355E+00   0.1547947E-03   0.2099068E-03
 67.00    61.00   64  0.7798418E+00   0.7748478E-03   0.2280834E-03
 68.00    61.00   64  0.7500001E+00   0.1306030E+00   0.2500000E-03
 56.00    62.00   64  0.2954303E-01   0.8942282E-02   0.4363492E-03
 57.00    62.00   64  0.4869378E+00   0.1368459E+00   0.1122428E-03
 58.00    62.00   64  0.7500000E+00   0.1648067E+01   0.2500000E-03
 59.00    62.00   64  0.7631117E+00   0.2411876E+00   0.2411811E-03
 60.00    62.00   64  0.8222452E+00   0.5957975E-02   0.1992396E-03
 61.00    62.00   64  0.7856569E+00   0.6139897E-03   0.2256340E-03
 62.00    62.00   64  0.8303539E+00   0.1936571E-03   0.1931692E-03
 63.00    62.00   64  0.8796436E+00   0.2235680E-03   0.1528988E-03
 64.00    62.00   64  0.9693872E+00   0.4056345E-03   0.2266114E-04
 65.00    62.00   64  0.8756427E+00   0.2575293E-03   0.7500133E-04
 66.00    62.00   64  0.7690458E+00   0.1214305E-03   0.2042357E-03
 67.00    62.00   64  0.7696694E+00   0.4260868E-03   0.2300330E-03
 68.00    62.00   64  0.7737046E+00   0.1164913E+00   0.2339387E-03
 60.00    63.00   64  0.7500001E+00   0.5984102E+01   0.2500000E-03
 61.00    63.00   64  0.7812486E+00   0.1434914E-01   0.2287140E-03
 62.00    63.00   64  0.8120602E+00   0.7017441E-03   0.2067449E-03
 63.00    63.00   64  0.7945935E+00   0.2347975E-03   0.2193275E-03
 64.00    63.00   64  0.8488601E+00   0.2169272E-03   0.1789096E-03
 65.00    63.00   64  0.8616331E+00   0.1612949E-03   0.1669988E-03
 66.00    63.00   64  0.8045623E+00   0.1138404E-03   0.2067011E-03
 67.00    63.00   64  0.7707130E+00   0.3927608E-03   0.2285939E-03
 68.00    63.00   64  0.7539361E+00   0.3008457E+00   0.2473691E-03
 62.00    64.00   64  0.7737628E+00   0.2641124E-01   0.2338987E-03
 63.00    64.00   64  0.7905697E+00   0.8529978E-03   0.2221777E-03
 64.00    64.00   64  0.7896592E+00   0.1982642E-03   0.2219961E-03
 65.00    64.00   64  0.8121741E+00   0.1179606E-03   0.2044526E-03
 66.00    64.00   64  0.7881112E+00   0.1071714E-03   0.2193963E-03
 67.00    64.00   64  0.7798208E+00   0.4247180E-03   0.2263769E-03
 68.00    64.00   64  0.7500000E+00   0.5323967E+00   0.2500000E-03
 63.00    65.00   64  0.7648434E+00   0.8682780E-02   0.2400045E-03
 64.00    65.00   64  0.8055789E+00   0.3019947E-03   0.2065860E-03
 65.00    65.00   64  0.7855217E+00   0.9031552E-04   0.2234041E-03
 66.00    65.00   64  0.7840201E+00   0.1007724E-03   0.2236924E-03
 67.00    65.00   64  0.7916804E+00   0.5220426E-03   0.2189837E-03
 68.00    65.00   64  0.7500002E+00   0.4698665E+00   0.2500000E-03
 63.00    66.00   64  0.7500001E+00   0.4216440E+00   0.2500000E-03
 64.00    66.00   64  0.8306118E+00   0.1227354E-02   0.1929747E-03
 65.00    66.00   64  0.7907596E+00   0.1338997E-03   0.2220436E-03
 66.00    66.00   64  0.7799850E+00   0.1238518E-03   0.2286021E-03
 67.00    66.00   64  0.7935945E+00   0.6845397E-03   0.2179779E-03
 68.00    66.00   64  0.7500001E+00   0.4828803E-01   0.2500000E-03
 64.00    67.00   64  0.8364094E+00   0.6011812E-01   0.1885771E-03
 65.00    67.00   64  0.8191007E+00   0.9139321E-03   0.2015708E-03
 66.00    67.00   64  0.8174073E+00   0.3696650E-03   0.2028209E-03
 67.00    67.00   64  0.8086576E+00   0.1036694E-02   0.2092238E-03
 68.00    67.00   64  0.7500000E+00   0.4524991E-01   0.2500000E-03
 65.00    68.00   64  0.9823766E+00   0.9749378E-01   0.4679512E-04
 66.00    68.00   64  0.9326339E+00   0.9056943E-02   0.1060408E-03
 67.00    68.00   64  0.8573995E+00   0.1050211E-01   0.1722398E-03
 68.00    68.00   64  0.7500000E+00   0.3418914E+00   0.2500000E-03
 54.00    40.00   65  0.7500001E+00   0.1815004E+01   0.2500000E-03
 55.00    40.00   65  0.8339840E+00   0.1186618E+00   0.1904227E-03
 56.00    40.00   65  0.8558619E+00   0.5571125E-01  -0.2932228E-04
 57.00    40.00   65  0.5668912E-02   0.5999906E+00   0.4754923E-03
 54.00    41.00   65  0.7688119E+00   0.5706142E-01   0.2372973E-03
 55.00    41.00   65  0.7767348E+00   0.8078618E-02   0.2318469E-03
 56.00    41.00   65  0.9139867E+00   0.1522997E-01   0.1239465E-03
 57.00    41.00   65  0.7675407E+00   0.3508666E+00   0.2381661E-03
 53.00    42.00   65  0.8564658E+00   0.2528386E+00   0.1729814E-03
 54.00    42.00   65  0.8342164E+00   0.1036309E-01   0.1902462E-03
 55.00    42.00   65  0.9797708E+00   0.8636909E-02   0.5075522E-04
 56.00    42.00   65  0.8620626E+00   0.6416767E-02   0.1685139E-03
 57.00    42.00   65  0.7523481E+00   0.1002139E-01   0.2484322E-03
 58.00    42.00   65  0.7500001E+00   0.5131750E+00   0.2500000E-03
 53.00    43.00   65  0.1334922E-03   0.2161066E-03   0.4965982E-03
 54.00    43.00   65  0.9967982E+00   0.1463782E-01  -0.1470756E-04
 55.00    43.00   65  0.9900362E+00   0.5460854E-02  -0.2368947E-04
 56.00    43.00   65  0.9831246E+00   0.3430105E-02   0.4562049E-04
 57.00    43.00   65  0.8834148E+00   0.4484184E-02   0.1509358E-03
 58.00    43.00   65  0.7500000E+00   0.1388501E+00   0.2500000E-03
 52.00    44.00   65  0.1388132E-03   0.4442323E-04   0.4965297E-03
 53.00    44.00   65  0.1848139E-01   0.7497496E-03   0.4518793E-03
 54.00    44.00   65  0.7063714E+00   0.7450091E-02   0.1534485E-04
 55.00    44.00   65  0.9924328E+00   0.2828292E-02  -0.2123328E-04
 56.00    44.00   65  0.9993072E+00   0.2013284E-02   0.7941213E-05
 57.00    44.00   65  0.9488033E+00   0.3196113E-02   0.8922184E-04
 58.00    44.00   65  0.9693545E+00   0.3356256E+00  -0.3443210E-04
 52.00    45.00   65  0.3982110E-04   0.3468199E-04   0.4981585E-03
 53.00    45.00   65  0.1763252E-02   0.1586854E-03   0.4870073E-03
 54.00    45.00   65  0.2533972E+00   0.1760467E-02   0.2477403E-03
 55.00    45.00   65  0.9968612E+00   0.1645954E-02  -0.1457817E-04
 56.00    45.00   65  0.9892187E+00   0.1127145E-02  -0.2442132E-04
 57.00    45.00   65  0.9996234E+00   0.1775408E-02   0.5790731E-05
 58.00    45.00   65  0.9944990E+00   0.2721362E-01  -0.1860101E-04
 53.00    46.00   65  0.3179404E-03   0.1038978E-03   0.4946945E-03
 54.00    46.00   65  0.1102633E+00   0.1653146E-02   0.3544502E-03
 55.00    46.00   65  0.9784167E+00   0.2530788E-02  -0.3115815E-04
 56.00    46.00   65  0.9927741E+00   0.1262007E-02  -0.2083700E-04
 57.00    46.00   65  0.9704600E+00   0.8079471E-03  -0.3410678E-04
 58.00    46.00   65  0.8968713E+00   0.2706745E-02  -0.3622955E-04
 54.00    47.00   65  0.1110812E-01   0.1520420E-02   0.4641905E-03
 55.00    47.00   65  0.3797303E+00   0.5511047E-02   0.1700351E-03
 56.00    47.00   65  0.4777399E+00   0.2035003E-02   0.1169356E-03
 57.00    47.00   65  0.8125054E+00   0.1179368E-02  -0.1892494E-04
 58.00    47.00   65  0.3598355E+00   0.6350721E-03   0.1815321E-03
 59.00    47.00   65  0.1464198E+00   0.1239186E-02   0.2875504E-03
 65.00    47.00   65  0.4891295E+00   0.3615862E-02   0.2113931E-03
 66.00    47.00   65  0.6445168E+00   0.1214612E+00   0.2236458E-03
 67.00    47.00   65  0.7500000E+00   0.5868008E+01   0.2500000E-03
 54.00    48.00   65  0.9990101E-02   0.2223448E-01   0.4662962E-03
 55.00    48.00   65  0.8816923E+00   0.2821610E-01  -0.3408018E-04
 56.00    48.00   65  0.9538976E+00   0.9320350E-02  -0.3748597E-04
 57.00    48.00   65  0.3785563E+00   0.4683804E-02   0.1707066E-03
 58.00    48.00   65  0.1603901E+00   0.5924396E-03   0.3138706E-03
 59.00    48.00   65  0.4544047E+00   0.7466438E-03   0.1289659E-03
 60.00    48.00   65  0.3467575E+00   0.6374577E-03   0.1693526E-03
 61.00    48.00   65  0.6923241E+00   0.9080871E-03  -0.7885031E-04
 65.00    48.00   65  0.9659387E-01   0.2416661E-03   0.3236802E-03
 66.00    48.00   65  0.4390059E+00   0.1987189E-02   0.2119657E-03
 67.00    48.00   65  0.7128580E+00   0.2859194E-01   0.2387903E-03
 68.00    48.00   65  0.7499999E+00   0.2238761E+01   0.2500000E-03
 55.00    49.00   65  0.7500001E+00   0.1529779E+00   0.2500000E-03
 56.00    49.00   65  0.9399519E+00   0.1878837E-01   0.9860646E-04
 57.00    49.00   65  0.9621589E+00   0.1390318E-01   0.7400295E-04
 58.00    49.00   65  0.7819283E+00   0.1806423E-01  -0.1016859E-04
 59.00    49.00   65  0.2467429E+00   0.9499887E-03   0.2521761E-03
 60.00    49.00   65  0.1855211E+00   0.4066713E-03   0.2950257E-03
 61.00    49.00   65  0.1697772E+00   0.4407951E-03   0.3067306E-03
 66.00    49.00   65  0.2039456E-01   0.1223969E-03   0.4178196E-03
 67.00    49.00   65  0.5029537E+00   0.4607236E-02   0.2022529E-03
 68.00    49.00   65  0.6620247E+00   0.9238662E+00   0.2269017E-03
 56.00    50.00   65  0.7960569E+00   0.1121641E+00   0.2182866E-03
 57.00    50.00   65  0.8240248E+00   0.1691140E+00   0.1979148E-03
 58.00    50.00   65  0.8386167E-03   0.9537331E-02   0.4912245E-03
 59.00    50.00   65  0.1877518E+00   0.5329711E-02   0.2933925E-03
 60.00    50.00   65  0.1826164E+00   0.2173582E-02   0.2971617E-03
 61.00    50.00   65  0.3021369E-01   0.1017622E-02   0.4354792E-03
 62.00    50.00   65  0.4658819E-02   0.1306049E-03   0.4570850E-03
 67.00    50.00   65  0.7827405E-01   0.7353937E-03   0.3366995E-03
 68.00    50.00   65  0.5166247E+00   0.4383757E-01   0.2114845E-03
 59.00    51.00   65  0.8426836E+00   0.5130276E+01   0.1837644E-03
 60.00    51.00   65  0.5698969E-01   0.6544408E-01   0.4045837E-03
 61.00    51.00   65  0.1058901E-01   0.5076287E-02   0.4651577E-03
 62.00    51.00   65  0.2883185E+00   0.1473351E-02   0.2186891E-03
 67.00    51.00   65  0.1832745E-01   0.1570825E-03   0.4224305E-03
 68.00    51.00   65  0.4550126E+00   0.9534379E-02   0.2124257E-03
 61.00    52.00   65  0.1202162E+00   0.7566012E-01   0.3460107E-03
 62.00    52.00   65  0.4116879E+00   0.3750655E-02   0.1520877E-03
 63.00    52.00   65  0.8699222E-01   0.5392600E-03   0.3126508E-03
 67.00    52.00   65  0.5480492E-01   0.1292338E-03   0.3658148E-03
 68.00    52.00   65  0.3728103E+00   0.2490806E-02   0.2147045E-03
 69.00    52.00   65  0.7500001E+00   0.1211286E+01   0.2500000E-03
 61.00    53.00   65  0.9846075E+00   0.1903494E+01   0.4323438E-04
 62.00    53.00   65  0.2954588E+00   0.1276418E-01   0.2205630E-03
 63.00    53.00   65  0.1819804E+00   0.1197502E-02   0.2710900E-03
 67.00    53.00   65  0.5250141E-01   0.6624826E-04   0.3684655E-03
 68.00    53.00   65  0.5157512E+00   0.1016850E-02   0.2075637E-03
 69.00    53.00   65  0.7499998E+00   0.4347773E+00   0.2500000E-03
 56.00    54.00   65  0.2419151E+00   0.3437885E+02   0.2554193E-03
 57.00    54.00   65  0.8683351E-02   0.8124438E-02   0.4688753E-03
 58.00    54.00   65  0.3618631E+00   0.4741918E-01   0.1803486E-03
 59.00    54.00   65  0.1078283E-03   0.6090429E-03   0.4969487E-03
 62.00    54.00   65  0.4006996E-02   0.6664046E-02   0.4797598E-03
 63.00    54.00   65  0.4284146E-01   0.1485851E-02   0.4054091E-03
 67.00    54.00   65  0.1457740E-02   0.7469909E-05   0.4768811E-03
 68.00    54.00   65  0.4858353E+00   0.3780907E-03   0.2054307E-03
 69.00    54.00   65  0.7522119E+00   0.4544866E-01   0.2288547E-03
 56.00    55.00   65  0.9507290E-01   0.1706371E-01   0.3677906E-03
 57.00    55.00   65  0.4089755E+00   0.1803735E-02   0.1535867E-03
 58.00    55.00   65  0.7686003E+00   0.1611080E-02  -0.6042363E-05
 59.00    55.00   65  0.7489947E-01   0.6710196E-03   0.3865626E-03
 60.00    55.00   65  0.3482599E+00   0.1058292E-01   0.1883399E-03
 61.00    55.00   65  0.5054265E+00   0.6847741E-01   0.1029577E-03
 62.00    55.00   65  0.1774120E-01   0.3197982E-02   0.4530216E-03
 63.00    55.00   65  0.1428331E+00   0.4741060E-02   0.3253796E-03
 64.00    55.00   65  0.5558875E-01   0.5325587E-03   0.3486450E-03
 67.00    55.00   65  0.2992610E-01   0.2572102E-04   0.3935736E-03
 68.00    55.00   65  0.5178774E+00   0.2302005E-03   0.1991983E-03
 69.00    55.00   65  0.7838498E+00   0.2114324E-01   0.1987992E-03
 55.00    56.00   65  0.7727954E-02   0.3549625E-01   0.4708572E-03
 56.00    56.00   65  0.6143525E+00   0.2739596E-02   0.5231175E-04
 57.00    56.00   65  0.9717341E+00   0.4205605E-03   0.6197562E-04
 58.00    56.00   65  0.9399794E+00   0.2887478E-03   0.9857776E-04
 59.00    56.00   65  0.7385125E+00   0.7798653E-03   0.3886933E-05
 60.00    56.00   65  0.4774076E-01   0.4040613E-03   0.4145791E-03
 61.00    56.00   65  0.4652843E-01   0.1297330E-02   0.4159332E-03
 62.00    56.00   65  0.4612863E-01   0.3746817E-02   0.4163822E-03
 63.00    56.00   65  0.1402388E+00   0.2369505E-02   0.3259052E-03
 64.00    56.00   65  0.6457599E-01   0.5395174E-03   0.3269128E-03
 67.00    56.00   65  0.1304373E+00   0.5328001E-04   0.2893310E-03
 68.00    56.00   65  0.6268243E+00   0.2241950E-03   0.2033182E-03
 69.00    56.00   65  0.8458150E+00   0.1385262E-01   0.1667309E-03
 54.00    57.00   65  0.8937757E-04   0.2673794E-03   0.4972263E-03
 55.00    57.00   65  0.5096491E-02   0.5558404E-03   0.4768959E-03
 56.00    57.00   65  0.9452303E+00   0.8783630E-03  -0.3829750E-04
 57.00    57.00   65  0.9616941E+00   0.3661940E-03   0.7455933E-04
 58.00    57.00   65  0.8907105E+00   0.2089692E-03   0.1447120E-03
 59.00    57.00   65  0.9780501E+00   0.2930096E-03   0.5327153E-04
 60.00    57.00   65  0.5659941E+00   0.6633258E-03   0.7392809E-04
 61.00    57.00   65  0.9394243E-01   0.5951871E-03   0.3688082E-03
 62.00    57.00   65  0.4403007E-01   0.6537588E-03   0.4187598E-03
 63.00    57.00   65  0.7242671E-01   0.5648752E-03   0.3859572E-03
 64.00    57.00   65  0.2915813E-02   0.8043245E-04   0.4625935E-03
 67.00    57.00   65  0.4567440E+00   0.9795417E-04   0.1868604E-03
 68.00    57.00   65  0.7033076E+00   0.3161908E-03   0.2130926E-03
 69.00    57.00   65  0.7754107E+00   0.2880099E-01   0.2314519E-03
 53.00    58.00   65  0.1001254E-04   0.8209590E-04   0.4990816E-03
 54.00    58.00   65  0.1346736E-02   0.2283669E-03   0.4887400E-03
 55.00    58.00   65  0.1316004E+00   0.8090067E-03   0.3366115E-03
 56.00    58.00   65  0.9994609E+00   0.8905343E-03  -0.6432179E-05
 57.00    58.00   65  0.9224215E+00   0.6293932E-03   0.1160119E-03
 58.00    58.00   65  0.8483993E+00   0.2611885E-03   0.1793288E-03
 59.00    58.00   65  0.8614929E+00   0.1464266E-03   0.1689710E-03
 60.00    58.00   65  0.9571112E+00   0.2792443E-03   0.7993178E-04
 61.00    58.00   65  0.6496155E+00   0.7557655E-03   0.3746815E-04
 62.00    58.00   65  0.1098898E+00   0.4234900E-03   0.3547713E-03
 63.00    58.00   65  0.6270019E-01   0.2794583E-03   0.3808273E-03
 66.00    58.00   65  0.4931691E+00   0.1368476E-03   0.1454192E-03
 67.00    58.00   65  0.6897560E+00   0.1105347E-03   0.2038920E-03
 68.00    58.00   65  0.7682900E+00   0.5015564E-03   0.2102045E-03
 69.00    58.00   65  0.8566543E+00   0.8117393E-01   0.1728318E-03
 51.00    59.00   65  0.1333173E-01   0.5999915E-01   0.4602257E-03
 52.00    59.00   65  0.5401464E-04   0.1534793E-03   0.4978515E-03
 53.00    59.00   65  0.3855099E-02   0.6441861E-03   0.4801834E-03
 54.00    59.00   65  0.8113759E-03   0.7884863E-04   0.4913749E-03
 55.00    59.00   65  0.3713598E+00   0.2061158E-02   0.1748413E-03
 56.00    59.00   65  0.9606642E+00   0.3949923E-02  -0.3644841E-04
 57.00    59.00   65  0.9302117E+00   0.1772262E-02   0.1084457E-03
 58.00    59.00   65  0.8828782E+00   0.9129138E-03   0.1513890E-03
 59.00    59.00   65  0.8243025E+00   0.2213875E-03   0.1977076E-03
 60.00    59.00   65  0.8435016E+00   0.1603560E-03   0.1831329E-03
 61.00    59.00   65  0.9943237E+00   0.3502968E-03   0.2452548E-04
 62.00    59.00   65  0.3952489E+00   0.5957081E-03   0.1497669E-03
 65.00    59.00   65  0.5972346E-01   0.1091186E-03   0.2515753E-03
 66.00    59.00   65  0.7066715E+00   0.1264410E-03   0.1954222E-03
 67.00    59.00   65  0.7559010E+00   0.1442255E-03   0.2258199E-03
 68.00    59.00   65  0.7881273E+00   0.1079081E-02   0.2188394E-03
 69.00    59.00   65  0.7955983E+00   0.1704215E+00   0.2186132E-03
 51.00    60.00   65  0.8075328E+00   0.3268727E+00  -0.1757307E-04
 52.00    60.00   65  0.1461238E+00   0.1240931E-01   0.3249693E-03
 53.00    60.00   65  0.8305767E-01   0.5502247E-02   0.3788057E-03
 54.00    60.00   65  0.1737429E-01   0.1314273E-02   0.4535942E-03
 55.00    60.00   65  0.3043305E+00   0.1026434E-01   0.2150086E-03
 56.00    60.00   65  0.9977051E+00   0.2095662E-01  -0.1266593E-04
 57.00    60.00   65  0.9980509E+00   0.9310706E-02   0.1370744E-04
 58.00    60.00   65  0.9687765E+00   0.1558151E-01   0.6581852E-04
 59.00    60.00   65  0.8173215E+00   0.1337737E-02   0.2028840E-03
 60.00    60.00   65  0.8425543E+00   0.3277594E-03   0.1838644E-03
 61.00    60.00   65  0.8897089E+00   0.2074228E-03   0.1455737E-03
 62.00    60.00   65  0.9918906E+00   0.4879766E-03  -0.3035192E-04
 66.00    60.00   65  0.6217811E+00   0.1529536E-03   0.1648303E-03
 67.00    60.00   65  0.7592173E+00   0.1510664E-03   0.2224717E-03
 68.00    60.00   65  0.7729990E+00   0.9560434E-03   0.2321420E-03
 69.00    60.00   65  0.7500001E+00   0.4297620E+00   0.2500000E-03
 52.00    61.00   65  0.6002897E-02   0.2258648E-02   0.4746997E-03
 53.00    61.00   65  0.4149197E-01   0.3802288E-01   0.4216849E-03
 54.00    61.00   65  0.3197855E+00   0.4366632E+00   0.2054711E-03
 55.00    61.00   65  0.7500000E+00   0.8863484E+00   0.2500000E-03
 56.00    61.00   65  0.3136596E+00   0.1879829E-01   0.2092308E-03
 57.00    61.00   65  0.8836170E+00   0.2741824E-01   0.1507648E-03
 58.00    61.00   65  0.7499999E+00   0.1637623E+02   0.2500000E-03
 59.00    61.00   65  0.7923948E+00   0.9559429E-01   0.2208871E-03
 60.00    61.00   65  0.8451743E+00   0.3020413E-02   0.1818377E-03
 61.00    61.00   65  0.8202834E+00   0.3050181E-03   0.2006955E-03
 62.00    61.00   65  0.8622930E+00   0.1911215E-03   0.1607407E-03
 63.00    61.00   65  0.7642104E+00   0.4841310E-03  -0.1320409E-03
 66.00    61.00   65  0.7213294E+00   0.2753595E-03   0.3004234E-04
 67.00    61.00   65  0.7573088E+00   0.1143730E-03   0.2101269E-03
 68.00    61.00   65  0.7748107E+00   0.4778776E-03   0.2261018E-03
 69.00    61.00   65  0.7709082E+00   0.1025160E+00   0.2358612E-03
 60.00    62.00   65  0.7611153E+00   0.1685051E+00   0.2425341E-03
 61.00    62.00   65  0.7842592E+00   0.1757069E-02   0.2266127E-03
 62.00    62.00   65  0.8159901E+00   0.2798130E-03   0.2038644E-03
 63.00    62.00   65  0.8668379E+00   0.2278273E-03   0.1625300E-03
 64.00    62.00   65  0.9457884E+00   0.3508922E-03   0.6396548E-04
 65.00    62.00   65  0.9801077E+00   0.3572366E-03   0.2789090E-04
 66.00    62.00   65  0.9337145E+00   0.2507115E-03   0.6637059E-04
 67.00    62.00   65  0.7859373E+00   0.1052729E-03   0.2084753E-03
 68.00    62.00   65  0.7626650E+00   0.3407687E-03   0.2340364E-03
 69.00    62.00   65  0.7823254E+00   0.9117213E-01   0.2279633E-03
 61.00    63.00   65  0.7500002E+00   0.2324116E+01   0.2500000E-03
 62.00    63.00   65  0.8409778E+00   0.3435634E-02   0.1850787E-03
 63.00    63.00   65  0.7917644E+00   0.3823838E-03   0.2213332E-03
 64.00    63.00   65  0.8294889E+00   0.2347430E-03   0.1938210E-03
 65.00    63.00   65  0.8817517E+00   0.2215244E-03   0.1523297E-03
 66.00    63.00   65  0.8739665E+00   0.1507765E-03   0.1567503E-03
 67.00    63.00   65  0.7982842E+00   0.9768066E-04   0.2065552E-03
 68.00    63.00   65  0.7693107E+00   0.3553264E-03   0.2233771E-03
 69.00    63.00   65  0.8673926E+00   0.3050205E+00   0.1642077E-03
 62.00    64.00   65  0.7500001E+00   0.2578169E+01   0.2500000E-03
 63.00    64.00   65  0.7523302E+00   0.4972043E-02   0.2484441E-03
 64.00    64.00   65  0.7809825E+00   0.2852904E-03   0.2288991E-03
 65.00    64.00   65  0.7917968E+00   0.1450182E-03   0.2213104E-03
 66.00    64.00   65  0.8026280E+00   0.9761925E-04   0.2111503E-03
 67.00    64.00   65  0.7868105E+00   0.8228479E-04   0.2174021E-03
 68.00    64.00   65  0.7933110E+00   0.4600653E-03   0.2123686E-03
 69.00    64.00   65  0.5799811E+00   0.6282251E+00   0.6753049E-04
 63.00    65.00   65  0.7599139E+00   0.2125895E+00   0.2433465E-03
 64.00    65.00   65  0.8008528E+00   0.4575347E-03   0.2148587E-03
 65.00    65.00   65  0.7867573E+00   0.1027781E-03   0.2243599E-03
 66.00    65.00   65  0.7780150E+00   0.7379084E-04   0.2277289E-03
 67.00    65.00   65  0.7838745E+00   0.8282685E-04   0.2241036E-03
 68.00    65.00   65  0.8008275E+00   0.6249150E-03   0.2136252E-03
 69.00    65.00   65  0.7500001E+00   0.4730787E+00   0.2500000E-03
 64.00    66.00   65  0.8232673E+00   0.2647146E-02   0.1984793E-03
 65.00    66.00   65  0.8085040E+00   0.1875426E-03   0.2077788E-03
 66.00    66.00   65  0.7840050E+00   0.9103401E-04   0.2237165E-03
 67.00    66.00   65  0.7918422E+00   0.1204530E-03   0.2174078E-03
 68.00    66.00   65  0.8085693E+00   0.7364815E-03   0.2047929E-03
 69.00    66.00   65  0.7500000E+00   0.8506652E-01   0.2500000E-03
 64.00    67.00   65  0.7502505E+00   0.3847796E+00   0.2498330E-03
 65.00    67.00   65  0.8869326E+00   0.2304405E-02   0.1479500E-03
 66.00    67.00   65  0.8319327E+00   0.3893636E-03   0.1919690E-03
 67.00    67.00   65  0.8093209E+00   0.3289149E-03   0.2087369E-03
 68.00    67.00   65  0.8247370E+00   0.1367258E-02   0.1973833E-03
 69.00    67.00   65  0.7500001E+00   0.2544360E+00   0.2500000E-03
 66.00    68.00   65  0.8698997E+00   0.3281270E-01   0.1621644E-03
 67.00    68.00   65  0.8673472E+00   0.7722280E-02   0.1642449E-03
 68.00    68.00   65  0.9066539E+00   0.1566551E-01   0.1306535E-03
 69.00    68.00   65  0.7500001E+00   0.1295333E+01   0.2500000E-03
 55.00    40.00   66  0.7500001E+00   0.2747918E-01   0.2500000E-03
 56.00    40.00   66  0.9562588E+00   0.1481585E-01   0.8091002E-04
 57.00    40.00   66  0.8360636E+00   0.4707406E-01   0.1888410E-03
 55.00    41.00   66  0.7500001E+00   0.4956840E-02   0.2500000E-03
 56.00    41.00   66  0.7831656E+00   0.7048326E-02   0.2273771E-03
 57.00    41.00   66  0.7558433E+00   0.1450223E-01   0.2460892E-03
 58.00    41.00   66  0.7499999E+00   0.8277647E-01   0.2500000E-03
 54.00    42.00   66  0.7499999E+00   0.1134611E-01   0.2500000E-03
 55.00    42.00   66  0.7623322E+00   0.5715898E-02   0.2417098E-03
 56.00    42.00   66  0.7861103E+00   0.2259846E-02   0.2253160E-03
 57.00    42.00   66  0.8413483E+00   0.2889045E-02   0.1847937E-03
 58.00    42.00   66  0.7500001E+00   0.2006332E-01   0.2500000E-03
 53.00    43.00   66  0.4215650E-01   0.2746183E-01   0.4209136E-03
 54.00    43.00   66  0.9892844E+00   0.7550595E-02   0.3508004E-04
 55.00    43.00   66  0.9684571E+00   0.3580247E-02   0.6622585E-04
 56.00    43.00   66  0.9824848E+00   0.2508243E-02  -0.2911105E-04
 57.00    43.00   66  0.9689599E+00   0.2138096E-02   0.6558391E-04
 58.00    43.00   66  0.8304311E+00   0.1339265E-01   0.1931108E-03
 52.00    44.00   66  0.1022391E-07   0.1454164E-05   0.4999708E-03
 53.00    44.00   66  0.3837721E-02   0.6825015E-03   0.4802323E-03
 54.00    44.00   66  0.7152750E+00   0.7532334E-02   0.1208816E-04
 55.00    44.00   66  0.9910644E+00   0.2995939E-02  -0.2269814E-04
 56.00    44.00   66  0.8911593E+00   0.1275104E-02  -0.3548438E-04
 57.00    44.00   66  0.9966037E+00   0.1679746E-02   0.1849321E-04
 58.00    44.00   66  0.9930566E+00   0.1019934E-01   0.2744270E-04
 52.00    45.00   66  0.1140160E-07   0.4875799E-06   0.4999692E-03
 53.00    45.00   66  0.7379263E-02   0.3254320E-03   0.4716041E-03
 54.00    45.00   66  0.7841993E-01   0.7504586E-03   0.3831852E-03
 55.00    45.00   66  0.8330044E+00   0.2753895E-02  -0.2416997E-04
 56.00    45.00   66  0.9993314E+00   0.1270354E-02   0.7796101E-05
 57.00    45.00   66  0.9889563E+00   0.7092024E-03   0.3569046E-04
 58.00    45.00   66  0.9977544E+00   0.2326544E-02   0.1478684E-04
 59.00    45.00   66  0.8345170E+00   0.7776018E-01  -0.9653036E-04
 53.00    46.00   66  0.9351750E-06   0.4181426E-05   0.4997204E-03
 54.00    46.00   66  0.3052013E-01   0.9457739E-03   0.4350839E-03
 55.00    46.00   66  0.4764451E+00   0.5020016E-02   0.1176001E-03
 56.00    46.00   66  0.9667307E+00   0.2094621E-02  -0.3513595E-04
 57.00    46.00   66  0.9932433E+00   0.8729538E-03  -0.2027029E-04
 58.00    46.00   66  0.8701802E+00   0.1198775E-02  -0.3211526E-04
 59.00    46.00   66  0.4724291E+00   0.4505006E-02   0.1176555E-03
 54.00    47.00   66  0.1693121E-02   0.4122579E-03   0.4872853E-03
 55.00    47.00   66  0.2019420E-01   0.1745257E-02   0.4492967E-03
 56.00    47.00   66  0.6131275E+00   0.3699937E-02   0.5284155E-04
 57.00    47.00   66  0.6052312E+00   0.4242494E-02   0.5627971E-04
 58.00    47.00   66  0.4167708E+00   0.8656934E-03   0.1492908E-03
 59.00    47.00   66  0.2481168E+00   0.7178771E-03   0.2508631E-03
 66.00    47.00   66  0.5250390E+00   0.3211269E-02   0.2116871E-03
 67.00    47.00   66  0.6642906E+00   0.1543695E-01   0.2273534E-03
 68.00    47.00   66  0.2881960E+00   0.8951391E-01   0.2385049E-03
 69.00    47.00   66  0.7500001E+00   0.3647482E+02   0.2500000E-03
 55.00    48.00   66  0.4283772E-01   0.1486680E-01   0.4201270E-03
 56.00    48.00   66  0.9997497E+00   0.1241074E-01   0.4691421E-05
 57.00    48.00   66  0.9172593E+00   0.1202247E-01  -0.3815675E-04
 58.00    48.00   66  0.4778900E-01   0.1081397E-02   0.4145255E-03
 59.00    48.00   66  0.2757400E+00   0.8659010E-03   0.2331250E-03
 60.00    48.00   66  0.4049571E+00   0.1112428E-02   0.1340064E-03
 61.00    48.00   66  0.1413092E+00   0.3115804E-02  -0.8375232E-03
 62.00    48.00   66  0.9191381E+00   0.1824990E-02  -0.6620910E-03
 66.00    48.00   66  0.1401336E-04   0.2617445E-05   0.4978097E-03
 67.00    48.00   66  0.2351541E+00   0.7986245E-03   0.2544938E-03
 68.00    48.00   66  0.1820702E+00   0.7824158E-02   0.2771992E-03
 69.00    48.00   66  0.7500001E+00   0.1825454E+02   0.2500000E-03
 55.00    49.00   66  0.7500002E+00   0.3303465E+01   0.2500000E-03
 56.00    49.00   66  0.1669650E+00   0.4174717E-01   0.3088577E-03
 57.00    49.00   66  0.9018898E+00   0.3703874E-01  -0.3681518E-04
 58.00    49.00   66  0.8492733E+00   0.1450156E+00   0.1786463E-03
 59.00    49.00   66  0.1668889E-01   0.4692865E-03   0.4546754E-03
 60.00    49.00   66  0.1957111E+00   0.5495370E-03   0.2874701E-03
 61.00    49.00   66  0.2628650E+00   0.5946547E-03   0.2395563E-03
 62.00    49.00   66  0.2764896E+00   0.5623773E-03   0.2306980E-03
 68.00    49.00   66  0.3484285E-01   0.5236826E-03   0.3929858E-03
 69.00    49.00   66  0.4018546E+00   0.8494542E-01   0.2169409E-03
 59.00    50.00   66  0.8412872E-02   0.1991205E-02   0.4694274E-03
 60.00    50.00   66  0.2622152E+00   0.3080570E-02   0.2419218E-03
 61.00    50.00   66  0.7563482E-01   0.8542133E-03   0.3858532E-03
 62.00    50.00   66  0.4105773E-01   0.7701708E-03   0.4221912E-03
 62.00    51.00   66  0.4864952E-01   0.4954355E-02   0.4135714E-03
 63.00    51.00   66  0.2737921E+00   0.1583806E-02   0.2233052E-03
 69.00    51.00   66  0.2379043E+00   0.2045262E-02   0.2497342E-03
 70.00    51.00   66  0.4949895E+00   0.3953736E+00   0.2113394E-03
 62.00    52.00   66  0.8276235E+00   0.1192439E+00  -0.2284657E-04
 63.00    52.00   66  0.5672303E+00   0.5151985E-02   0.7323682E-04
 64.00    52.00   66  0.8329915E-01   0.5279544E-03   0.3422449E-03
 69.00    52.00   66  0.4872304E+00   0.9568199E-03   0.2101109E-03
 70.00    52.00   66  0.7365769E+00   0.5051395E-01   0.2456830E-03
 57.00    53.00   66  0.7663296E+00   0.1395910E+00   0.2389924E-03
 58.00    53.00   66  0.9994554E+00   0.7107870E-01  -0.6461982E-05
 59.00    53.00   66  0.2454457E-01   0.1210069E-01   0.4430603E-03
 60.00    53.00   66  0.5010431E+00   0.2313740E+00   0.1051412E-03
 62.00    53.00   66  0.7500000E+00   0.6680914E+00   0.2500000E-03
 63.00    53.00   66  0.1820602E+00   0.1359541E-01   0.2975719E-03
 64.00    53.00   66  0.9776010E-01   0.8881958E-03   0.3499154E-03
 69.00    53.00   66  0.4607599E+00   0.4260355E-03   0.2056501E-03
 70.00    53.00   66  0.7433567E+00   0.1097262E-01   0.2364670E-03
 57.00    54.00   66  0.1467978E+00   0.2950172E-02   0.3244377E-03
 58.00    54.00   66  0.3578134E+00   0.1414417E-02   0.1827150E-03
 59.00    54.00   66  0.9751619E-01   0.6815515E-03   0.3656037E-03
 60.00    54.00   66  0.1153877E+00   0.2932698E-02   0.3500775E-03
 61.00    54.00   66  0.4141719E+00   0.1249323E+00   0.1507189E-03
 63.00    54.00   66  0.6137846E-03   0.2940332E-02   0.4925435E-03
 64.00    54.00   66  0.8091807E-02   0.6729650E-03   0.4680830E-03
 65.00    54.00   66  0.1145430E-01   0.2510680E-03   0.4242782E-03
 69.00    54.00   66  0.4403723E+00   0.2517533E-03   0.1917856E-03
 70.00    54.00   66  0.7207624E+00   0.5941859E-02   0.2249770E-03
 56.00    55.00   66  0.3734756E-01   0.3667606E-02   0.4265900E-03
 57.00    55.00   66  0.9708542E+00   0.1086672E-02  -0.3398652E-04
 58.00    55.00   66  0.9611320E+00   0.3642198E-03   0.7522921E-04
 59.00    55.00   66  0.8871756E+00   0.7112997E-03  -0.3491825E-04
 60.00    55.00   66  0.2378786E+00   0.1014604E-02   0.2581473E-03
 61.00    55.00   66  0.1043293E+00   0.1674004E-02   0.3595911E-03
 62.00    55.00   66  0.4129021E-01   0.4807766E-02   0.4219199E-03
 63.00    55.00   66  0.1502185E+00   0.2301034E-01   0.3217513E-03
 64.00    55.00   66  0.1721099E+00   0.6961624E-02   0.2993954E-03
 65.00    55.00   66  0.4504294E-01   0.5766716E-03   0.3870330E-03
 68.00    55.00   66  0.1175330E-01   0.1838073E-04   0.4324879E-03
 69.00    55.00   66  0.5291721E+00   0.2006691E-03   0.1940357E-03
 70.00    55.00   66  0.7196409E+00   0.5048605E-02   0.2367773E-03
 56.00    56.00   66  0.8451202E+00   0.3210061E-02  -0.2699991E-04
 57.00    56.00   66  0.9931810E+00   0.4360289E-03   0.2716604E-04
 58.00    56.00   66  0.9042520E+00   0.2365553E-03   0.1328153E-03
 59.00    56.00   66  0.9544709E+00   0.2841745E-03   0.8294205E-04
 60.00    56.00   66  0.8848162E+00   0.7069786E-03  -0.3456586E-04
 61.00    56.00   66  0.3125464E+00   0.7668039E-03   0.2099168E-03
 62.00    56.00   66  0.5686213E-01   0.9347331E-03   0.4047178E-03
 63.00    56.00   66  0.4505095E-01   0.1903954E-02   0.4175987E-03
 64.00    56.00   66  0.1281475E+00   0.3142384E-02   0.3384168E-03
 65.00    56.00   66  0.7587234E-01   0.6214905E-03   0.3322186E-03
 68.00    56.00   66  0.2457512E+00   0.8437462E-04   0.2264464E-03
 69.00    56.00   66  0.6535838E+00   0.2622287E-03   0.2112945E-03
 70.00    56.00   66  0.7378369E+00   0.5830961E-02   0.2429115E-03
 54.00    57.00   66  0.7231799E-01   0.2540793E-01   0.3890702E-03
 55.00    57.00   66  0.1248376E-01   0.1564149E-02   0.4617062E-03
 56.00    57.00   66  0.9095241E+00   0.1200785E-02  -0.3757206E-04
 57.00    57.00   66  0.9784271E+00   0.5764878E-03   0.5272633E-04
 58.00    57.00   66  0.8742439E+00   0.3189147E-03   0.1585954E-03
 59.00    57.00   66  0.8709520E+00   0.1701595E-03   0.1613032E-03
 60.00    57.00   66  0.9309930E+00   0.2274503E-03   0.1076730E-03
 61.00    57.00   66  0.9927729E+00   0.5194698E-03  -0.2083875E-04
 62.00    57.00   66  0.3604281E+00   0.8377791E-03   0.1811859E-03
 63.00    57.00   66  0.6342483E-01   0.6207887E-03   0.3978450E-03
 64.00    57.00   66  0.2560252E+00   0.1311307E-02   0.2375689E-03
 65.00    57.00   66  0.6789155E-01   0.3864589E-03   0.3102716E-03
 67.00    57.00   66  0.8603066E-01   0.9286185E-04   0.2864486E-03
 68.00    57.00   66  0.5911563E+00   0.1195231E-03   0.1905949E-03
 69.00    57.00   66  0.7320652E+00   0.4633197E-03   0.2209361E-03
 70.00    57.00   66  0.7916787E+00   0.3171127E-01   0.1973023E-03
 53.00    58.00   66  0.1992042E-04   0.3714688E-03   0.4987016E-03
 54.00    58.00   66  0.4695536E-02   0.6983010E-03   0.4779176E-03
 55.00    58.00   66  0.5717295E-01   0.5622262E-03   0.4043910E-03
 56.00    58.00   66  0.9327719E+00   0.1524692E-02  -0.3867492E-04
 57.00    58.00   66  0.9625918E+00   0.1387585E-02   0.7348316E-04
 58.00    58.00   66  0.8527403E+00   0.1031482E-02   0.1759262E-03
 59.00    58.00   66  0.8211520E+00   0.3015813E-03   0.2000516E-03
 60.00    58.00   66  0.8405381E+00   0.1724536E-03   0.1854167E-03
 61.00    58.00   66  0.9368663E+00   0.2163811E-03   0.1017734E-03
 62.00    58.00   66  0.9609700E+00   0.5933184E-03  -0.3639166E-04
 63.00    58.00   66  0.1229801E+00   0.3899042E-03   0.3434701E-03
 64.00    58.00   66  0.1228964E+00   0.4846565E-03   0.2992664E-03
 66.00    58.00   66  0.1454026E+00   0.2633028E-03   0.6294603E-04
 67.00    58.00   66  0.6107763E+00   0.1207381E-03   0.1662007E-03
 68.00    58.00   66  0.7166168E+00   0.1276682E-03   0.2182454E-03
 69.00    58.00   66  0.7466012E+00   0.9547833E-03   0.2410425E-03
 70.00    58.00   66  0.7500000E+00   0.1550888E+00   0.2500000E-03
 53.00    59.00   66  0.4462299E-04   0.1107019E-03   0.4980494E-03
 54.00    59.00   66  0.3732610E-03   0.7164390E-04   0.4942372E-03
 55.00    59.00   66  0.1310894E+00   0.1183185E-02   0.3370280E-03
 56.00    59.00   66  0.9765983E+00   0.4850346E-02  -0.3193988E-04
 57.00    59.00   66  0.7000422E+00   0.4913139E-02   0.1769661E-04
 58.00    59.00   66  0.8292144E+00   0.9995442E-02   0.1940275E-03
 59.00    59.00   66  0.8055319E+00   0.2361033E-02   0.2114890E-03
 60.00    59.00   66  0.8246808E+00   0.5378397E-03   0.1974254E-03
 61.00    59.00   66  0.8686008E+00   0.2240904E-03   0.1632247E-03
 62.00    59.00   66  0.9837175E+00   0.3195133E-03   0.4464446E-04
 63.00    59.00   66  0.7172031E+00   0.8982490E-03  -0.1213918E-03
 66.00    59.00   66  0.2109633E+00   0.2057753E-03   0.7671848E-04
 67.00    59.00   66  0.6807731E+00   0.1256693E-03   0.1695368E-03
 68.00    59.00   66  0.7691354E+00   0.1926920E-03   0.2179022E-03
 69.00    59.00   66  0.7950435E+00   0.2275540E-02   0.2187794E-03
 70.00    59.00   66  0.7499999E+00   0.2168887E+00   0.2500000E-03
 52.00    60.00   66  0.1765491E-02   0.1348673E-02   0.4869985E-03
 53.00    60.00   66  0.6861621E-04   0.1193869E-03   0.4975746E-03
 54.00    60.00   66  0.6361280E-02   0.6635665E-03   0.4738687E-03
 55.00    60.00   66  0.4207276E+00   0.1292536E-01   0.1471243E-03
 56.00    60.00   66  0.4426153E+00   0.2173310E-01   0.1353085E-03
 57.00    60.00   66  0.1311846E+00   0.8069762E-02   0.3369504E-03
 58.00    60.00   66  0.7862461E+00   0.1993561E+01  -0.1146691E-04
 59.00    60.00   66  0.7500002E+00   0.1289650E+00   0.2500000E-03
 60.00    60.00   66  0.7974786E+00   0.5880239E-02   0.2172731E-03
 61.00    60.00   66  0.8294031E+00   0.5015680E-03   0.1938854E-03
 62.00    60.00   66  0.8906435E+00   0.2619310E-03   0.1445639E-03
 63.00    60.00   66  0.8818536E+00   0.7225817E-03  -0.2618525E-03
 67.00    60.00   66  0.5360984E+00   0.1640222E-03   0.1250089E-03
 68.00    60.00   66  0.7387750E+00   0.1624901E-03   0.2196980E-03
 69.00    60.00   66  0.7573380E+00   0.1231617E-02   0.2395950E-03
 70.00    60.00   66  0.7500000E+00   0.9160529E+00   0.2500000E-03
 51.00    61.00   66  0.8741894E+00   0.7990383E+00   0.1586403E-03
 52.00    61.00   66  0.8220007E-02   0.1587797E-02   0.4698253E-03
 53.00    61.00   66  0.2612001E-04   0.8128273E-04   0.4985117E-03
 54.00    61.00   66  0.5851350E+00   0.5090818E+00   0.6520259E-04
 55.00    61.00   66  0.7500000E+00   0.5980666E+00   0.2500000E-03
 56.00    61.00   66  0.1323358E-06   0.2515507E-04   0.4998950E-03
 57.00    61.00   66  0.6387131E-05   0.4727432E-03   0.4992672E-03
 60.00    61.00   66  0.1879045E+00   0.2220184E+01   0.2932809E-03
 61.00    61.00   66  0.7733476E+00   0.2041759E-02   0.2341847E-03
 62.00    61.00   66  0.8089905E+00   0.3352940E-03   0.2089808E-03
 63.00    61.00   66  0.8548248E+00   0.2697586E-03   0.1267825E-03
 64.00    61.00   66  0.2129080E+00   0.3319193E-03   0.5903828E-05
 65.00    61.00   66  0.9616095E-01   0.2363589E-03   0.1263756E-03
 66.00    61.00   66  0.8734346E+00   0.1351708E-02  -0.8580213E-03
 67.00    61.00   66  0.7920349E+00   0.2841035E-03   0.1970076E-04
 68.00    61.00   66  0.7524720E+00   0.1159990E-03   0.2055248E-03
 69.00    61.00   66  0.7865085E+00   0.5418883E-03   0.2211757E-03
 70.00    61.00   66  0.7499999E+00   0.1545546E+00   0.2500001E-03
 51.00    62.00   66  0.7500001E+00   0.2825735E+01   0.2500000E-03
 52.00    62.00   66  0.3624918E-02   0.3361457E-02   0.4808388E-03
 61.00    62.00   66  0.7500001E+00   0.1197394E+00   0.2500000E-03
 62.00    62.00   66  0.7828158E+00   0.2060646E-02   0.2276213E-03
 63.00    62.00   66  0.8234937E+00   0.3529997E-03   0.1978608E-03
 64.00    62.00   66  0.8762133E+00   0.2734524E-03   0.1451171E-03
 65.00    62.00   66  0.9259073E+00   0.2882087E-03   0.8919061E-04
 66.00    62.00   66  0.9563010E+00   0.2987104E-03   0.7243722E-04
 67.00    62.00   66  0.9113309E+00   0.2166139E-03   0.9456970E-04
 68.00    62.00   66  0.7923488E+00   0.1043105E-03   0.2104056E-03
 69.00    62.00   66  0.7771751E+00   0.4306562E-03   0.2300638E-03
 70.00    62.00   66  0.7500001E+00   0.2547715E+00   0.2500000E-03
 62.00    63.00   66  0.9998739E+00   0.4035893E+00  -0.3179652E-05
 63.00    63.00   66  0.7966185E+00   0.2385296E-02   0.2178866E-03
 64.00    63.00   66  0.7980264E+00   0.3774042E-03   0.2168820E-03
 65.00    63.00   66  0.8307626E+00   0.1998395E-03   0.1928608E-03
 66.00    63.00   66  0.8511609E+00   0.1914441E-03   0.1771677E-03
 67.00    63.00   66  0.8680958E+00   0.1365252E-03   0.1578300E-03
 68.00    63.00   66  0.7915142E+00   0.8849403E-04   0.2124758E-03
 69.00    63.00   66  0.7896476E+00   0.4845161E-03   0.2180109E-03
 70.00    63.00   66  0.9948148E+00   0.8877006E+00  -0.1814036E-04
 63.00    64.00   66  0.7500001E+00   0.6724125E+00   0.2500000E-03
 64.00    64.00   66  0.8193484E+00   0.8804629E-03   0.2013876E-03
 65.00    64.00   66  0.7872713E+00   0.1366743E-03   0.2232198E-03
 66.00    64.00   66  0.7928675E+00   0.1290299E-03   0.2193621E-03
 67.00    64.00   66  0.8066745E+00   0.8751666E-04   0.2064583E-03
 68.00    64.00   66  0.7765071E+00   0.8612438E-04   0.2222096E-03
 69.00    64.00   66  0.7907166E+00   0.7398624E-03   0.2147128E-03
 70.00    64.00   66  0.6322464E-01   0.7965117E+00   0.3981338E-03
 64.00    65.00   66  0.8157489E+00   0.1389728E-02   0.2040418E-03
 65.00    65.00   66  0.7962563E+00   0.1276344E-03   0.2160330E-03
 66.00    65.00   66  0.7771376E+00   0.7522910E-04   0.2283506E-03
 67.00    65.00   66  0.7805523E+00   0.6777039E-04   0.2274875E-03
 68.00    65.00   66  0.7873238E+00   0.1072811E-03   0.2225722E-03
 69.00    65.00   66  0.8227603E+00   0.1273560E-02   0.1884477E-03
 70.00    65.00   66  0.7500000E+00   0.8335804E+00   0.2500001E-03
 64.00    66.00   66  0.7685637E+00   0.2043623E-01   0.2374670E-03
 65.00    66.00   66  0.8225101E+00   0.4955906E-03   0.1977104E-03
 66.00    66.00   66  0.7953692E+00   0.1165154E-03   0.2155393E-03
 67.00    66.00   66  0.7785941E+00   0.8753999E-04   0.2281713E-03
 68.00    66.00   66  0.7897521E+00   0.1641004E-03   0.2186668E-03
 69.00    66.00   66  0.7941009E+00   0.1513453E-02   0.2015540E-03
 70.00    66.00   66  0.7500001E+00   0.1228234E+00   0.2500000E-03
 65.00    67.00   66  0.9212289E+00   0.2963098E-01   0.1171493E-03
 66.00    67.00   66  0.8756844E+00   0.1463979E-02   0.1574036E-03
 67.00    67.00   66  0.8180489E+00   0.4913976E-03   0.2023477E-03
 68.00    67.00   66  0.8548974E+00   0.7149729E-03   0.1742239E-03
 69.00    67.00   66  0.7787493E+00   0.3913929E-02   0.2304513E-03
 70.00    67.00   66  0.7500000E+00   0.2420915E+00   0.2500000E-03
 66.00    68.00   66  0.7500001E+00   0.1031275E+02   0.2500000E-03
 67.00    68.00   66  0.9710464E+00   0.2233254E+00   0.6288092E-04
 68.00    68.00   66  0.8992427E+00   0.4195231E-01   0.1372718E-03
 69.00    68.00   66  0.8012351E+00   0.3534920E-01   0.2145842E-03
 70.00    68.00   66  0.7499999E+00   0.7895829E+00   0.2500000E-03
 55.00    39.00   67  0.7499999E+00   0.2354490E+01   0.2500000E-03
 56.00    39.00   67  0.7500000E+00   0.1851071E+00   0.2500000E-03
 55.00    40.00   67  0.7500001E+00   0.1985374E-01   0.2500000E-03
 56.00    40.00   67  0.7500000E+00   0.7574834E-02   0.2500000E-03
 57.00    40.00   67  0.7500000E+00   0.4902259E-01   0.2500000E-03
 58.00    40.00   67  0.7500001E+00   0.3406665E-01   0.2500000E-03
 59.00    40.00   67  0.7500001E+00   0.4754356E+00   0.2500000E-03
 55.00    41.00   67  0.7500000E+00   0.6779269E-02   0.2500000E-03
 56.00    41.00   67  0.8096209E+00   0.9673158E-02   0.2085236E-03
 57.00    41.00   67  0.8410540E+00   0.3988089E-02   0.1850200E-03
 58.00    41.00   67  0.7625007E+00   0.9762907E-02   0.2415956E-03
 59.00    41.00   67  0.7500000E+00   0.2215266E+01   0.2500000E-03
 54.00    42.00   67  0.7500001E+00   0.4975999E-01   0.2500000E-03
 55.00    42.00   67  0.7760077E+00   0.5690074E-02   0.2323498E-03
 56.00    42.00   67  0.9986306E+00   0.8582847E-02  -0.9990297E-05
 57.00    42.00   67  0.9824381E+00   0.2929260E-02   0.4669893E-04
 58.00    42.00   67  0.7997997E+00   0.4970012E-02   0.2156136E-03
 54.00    43.00   67  0.8902085E+00   0.2131088E-01  -0.3535271E-04
 55.00    43.00   67  0.9878052E+00   0.4270406E-02  -0.2558617E-04
 56.00    43.00   67  0.8657520E+00   0.1564079E-02  -0.3129075E-04
 57.00    43.00   67  0.9526628E+00   0.1355316E-02   0.8497128E-04
 58.00    43.00   67  0.9991280E+00   0.4554664E-02   0.8956646E-05
 59.00    43.00   67  0.3096286E-01   0.3498247E-01   0.4345151E-03
 54.00    44.00   67  0.5330888E+00   0.7642026E-02   0.8943441E-04
 55.00    44.00   67  0.9167771E+00   0.2410738E-02   0.1213489E-03
 56.00    44.00   67  0.9749006E+00   0.1440577E-02  -0.3260706E-04
 57.00    44.00   67  0.9990330E+00   0.8478381E-03   0.9455660E-05
 58.00    44.00   67  0.9999996E+00   0.1746028E-02  -0.2235174E-06
 59.00    44.00   67  0.9811532E+00   0.3159411E-01   0.4867822E-04
 54.00    45.00   67  0.5581123E-02   0.1808449E-03   0.4757037E-03
 55.00    45.00   67  0.3654427E+00   0.1955939E-02   0.1782660E-03
 56.00    45.00   67  0.9999613E+00   0.1758164E-02  -0.1772714E-05
 57.00    45.00   67  0.9991819E+00   0.7718325E-03  -0.7843948E-05
 58.00    45.00   67  0.8354896E+00   0.1120233E-02  -0.2476765E-04
 59.00    45.00   67  0.4016009E+00   0.5126238E-02   0.1576846E-03
 55.00    46.00   67  0.6825228E-02   0.9577231E-03   0.4728201E-03
 56.00    46.00   67  0.7951317E+00   0.3171674E-02  -0.1407665E-04
 57.00    46.00   67  0.9105514E+00   0.3010776E-02  -0.3766076E-04
 58.00    46.00   67  0.5720413E+00   0.1231190E-02   0.7114784E-04
 59.00    46.00   67  0.4301018E+00   0.1340069E-02   0.1420289E-03
 60.00    46.00   67  0.4510740E-01   0.3171800E-02   0.3585205E-03
 67.00    46.00   67  0.6666086E+00   0.4390692E-01   0.2278226E-03
 68.00    46.00   67  0.7208347E+00   0.5431158E-01   0.2410070E-03
 69.00    46.00   67  0.7500000E+00   0.2674398E+00   0.2500001E-03
 70.00    46.00   67  0.7499999E+00   0.3520635E+01   0.2500000E-03
 55.00    47.00   67  0.4081441E-09   0.1649744E-06   0.4999942E-03
 56.00    47.00   67  0.9017321E+00   0.7979394E-02  -0.3679784E-04
 57.00    47.00   67  0.8937782E+00   0.1238215E-01  -0.3583601E-04
 58.00    47.00   67  0.1039105E+00   0.1511539E-02   0.3599572E-03
 59.00    47.00   67  0.2079807E+00   0.7388287E-03   0.2788471E-03
 60.00    47.00   67  0.2552688E+00   0.1544611E-02   0.2174706E-03
 66.00    47.00   67  0.3249369E-01   0.1644895E-03   0.3968915E-03
 67.00    47.00   67  0.9083258E-01   0.5655169E-03   0.3307695E-03
 68.00    47.00   67  0.1363490E+00   0.1746533E-02   0.3018772E-03
 69.00    47.00   67  0.1134705E+00   0.7950878E-02   0.3168835E-03
 70.00    47.00   67  0.6710517E+00   0.3335011E+00   0.2287428E-03
 56.00    48.00   67  0.8854841E+00   0.2020824E-01  -0.3466679E-04
 57.00    48.00   67  0.8049992E+00   0.1353631E-01  -0.1687306E-04
 58.00    48.00   67  0.9553741E+00   0.3494532E+00  -0.3729301E-04
 59.00    48.00   67  0.2505979E-01   0.7103558E-03   0.4423482E-03
 60.00    48.00   67  0.9881610E-01   0.4911831E-03   0.3635543E-03
 63.00    48.00   67  0.9964464E+00   0.2371864E-02  -0.8058637E-03
 69.00    48.00   67  0.1683898E-01   0.4803985E-03   0.4257136E-03
 70.00    48.00   67  0.1608528E+00   0.1820112E-01   0.2878844E-03
 71.00    48.00   67  0.7500000E+00   0.2858771E+01   0.2500000E-03
 60.00    49.00   67  0.1755094E+00   0.2366078E-02   0.3024326E-03
 61.00    49.00   67  0.2542227E+00   0.1336351E-02   0.2449272E-03
 62.00    49.00   67  0.4431687E+00   0.1278191E-02   0.1275177E-03
 63.00    49.00   67  0.4348293E+00   0.9641970E-03   0.1214463E-03
 69.00    49.00   67  0.3897744E-04   0.7272299E-05   0.4963925E-03
 70.00    49.00   67  0.2518800E-01   0.8003052E-03   0.4091478E-03
 60.00    50.00   67  0.5614197E-02   0.1453132E-02   0.4756239E-03
 61.00    50.00   67  0.5793247E-01   0.1370503E-02   0.4035947E-03
 62.00    50.00   67  0.5776492E-01   0.7483000E-03   0.4037701E-03
 63.00    50.00   67  0.6822045E-01   0.1396111E-02   0.3931079E-03
 64.00    50.00   67  0.1242431E-02   0.9992695E-04   0.4699480E-03
 70.00    50.00   67  0.1993247E+00   0.7642108E-03   0.2637063E-03
 71.00    50.00   67  0.3765961E+00   0.2457171E-01   0.2202552E-03
 63.00    51.00   67  0.5566859E+00   0.4696641E-01   0.7825010E-04
 64.00    51.00   67  0.3957929E+00   0.2327934E-02   0.1513274E-03
 65.00    51.00   67  0.1017872E+00   0.1064224E-02   0.6302181E-04
 70.00    51.00   67  0.2167355E+00   0.3355417E-03   0.2491630E-03
 71.00    51.00   67  0.6529274E+00   0.9160703E-02   0.2240418E-03
 59.00    52.00   67  0.3305465E-03   0.9061376E-03   0.4945872E-03
 60.00    52.00   67  0.1846713E+00   0.7763450E-01   0.2956495E-03
 63.00    52.00   67  0.9937904E+00   0.1490927E+00   0.2578183E-04
 64.00    52.00   67  0.5054007E+00   0.7763647E-02   0.1029705E-03
 65.00    52.00   67  0.2071264E+00   0.1658505E-02   0.2294375E-03
 70.00    52.00   67  0.1614404E+00   0.1644020E-03   0.2764786E-03
 71.00    52.00   67  0.6274000E+00   0.2992996E-02   0.2072985E-03
 57.00    53.00   67  0.9961913E+00   0.6664365E-01   0.1968615E-04
 58.00    53.00   67  0.3925177E+00   0.3908734E-02   0.1627779E-03
 59.00    53.00   67  0.8346880E-01   0.9142848E-03   0.3784211E-03
 60.00    53.00   67  0.9079093E-01   0.1418089E-02   0.3716648E-03
 61.00    53.00   67  0.6890088E-01   0.8828959E-02   0.3924324E-03
 62.00    53.00   67  0.9282098E+00   0.2262650E+00  -0.3862352E-04
 63.00    53.00   67  0.8741904E+00   0.5380991E+01   0.1586396E-03
 64.00    53.00   67  0.1764394E+00   0.2289408E-01   0.3017392E-03
 65.00    53.00   67  0.3287171E+00   0.4970117E-02   0.1615043E-03
 66.00    53.00   67  0.2803738E-01   0.6175155E-03   0.3944496E-03
 70.00    53.00   67  0.2193182E+00   0.1249771E-03   0.2445596E-03
 71.00    53.00   67  0.6010916E+00   0.2239912E-02   0.2104988E-03
 57.00    54.00   67  0.9750057E+00   0.5282757E-02  -0.3256724E-04
 58.00    54.00   67  0.9990386E+00   0.7774747E-03   0.9427720E-05
 59.00    54.00   67  0.9046235E+00   0.9313502E-03  -0.3710558E-04
 60.00    54.00   67  0.3370159E+00   0.9814183E-03   0.1950381E-03
 61.00    54.00   67  0.1014709E+00   0.1325389E-02   0.3620988E-03
 62.00    54.00   67  0.1376930E+00   0.4556175E-02   0.3316826E-03
 63.00    54.00   67  0.4170843E-03   0.1107320E-02   0.4938972E-03
 65.00    54.00   67  0.1237055E-01   0.2412833E-02   0.4617487E-03
 66.00    54.00   67  0.6230160E-01   0.1005050E-02   0.3899057E-03
 67.00    54.00   67  0.1633078E-02   0.1700482E-03   0.4426025E-03
 70.00    54.00   67  0.4013289E+00   0.1446884E-03   0.2051598E-03
 71.00    54.00   67  0.6435336E+00   0.2262262E-02   0.2217231E-03
 56.00    55.00   67  0.8813155E-01   0.3889342E-02   0.3740989E-03
 57.00    55.00   67  0.8999115E+00   0.9422945E-03  -0.3659236E-04
 58.00    55.00   67  0.9312697E+00   0.3225539E-03   0.1073986E-03
 59.00    55.00   67  0.9169005E+00   0.3369464E-03   0.1212336E-03
 60.00    55.00   67  0.9995875E+00   0.7114508E-03  -0.5655049E-05
 61.00    55.00   67  0.6919170E+00   0.1028509E-02   0.2075991E-04
 62.00    55.00   67  0.2802249E+00   0.1259913E-02   0.2302410E-03
 63.00    55.00   67  0.1892512E-01   0.8408017E-03   0.4512024E-03
 64.00    55.00   67  0.3588520E-01   0.2829907E-02   0.4283627E-03
 65.00    55.00   67  0.5941048E+00   0.1545656E-01   0.6060934E-04
 66.00    55.00   67  0.3007186E+00   0.3064588E-02   0.1081645E-03
 69.00    55.00   67  0.1222208E+00   0.7527211E-04   0.2939666E-03
 70.00    55.00   67  0.5804416E+00   0.1947049E-03   0.2006136E-03
 71.00    55.00   67  0.7267831E+00   0.3758956E-02   0.2324496E-03
 56.00    56.00   67  0.9882479E+00   0.3601076E-02  -0.2523384E-04
 57.00    56.00   67  0.9999003E+00   0.6136440E-03   0.2932327E-05
 58.00    56.00   67  0.9203693E+00   0.5144314E-03   0.1179656E-03
 59.00    56.00   67  0.8622667E+00   0.2845062E-03   0.1683498E-03
 60.00    56.00   67  0.9023833E+00   0.2901829E-03   0.1344859E-03
 61.00    56.00   67  0.9669729E+00   0.3655879E-03   0.6810177E-04
 62.00    56.00   67  0.9955438E+00   0.7226458E-03  -0.1699966E-04
 63.00    56.00   67  0.4589204E+00   0.1464303E-02   0.1266902E-03
 64.00    56.00   67  0.5664156E-01   0.1098578E-02   0.4049501E-03
 65.00    56.00   67  0.9602535E-01   0.2293382E-02   0.3661944E-03
 66.00    56.00   67  0.1901787E+00   0.1392046E-02   0.1655711E-03
 68.00    56.00   67  0.2194067E-02   0.2298527E-04   0.4584022E-03
 69.00    56.00   67  0.5137692E+00   0.1360532E-03   0.1857826E-03
 70.00    56.00   67  0.6834964E+00   0.2808655E-03   0.2173785E-03
 71.00    56.00   67  0.7516779E+00   0.7196203E-02   0.2412500E-03
 55.00    57.00   67  0.8922060E-02   0.4210305E-02   0.4683936E-03
 56.00    57.00   67  0.9971321E+00   0.1152013E-02   0.1687140E-04
 57.00    57.00   67  0.9714997E+00   0.9340536E-03   0.6228487E-04
 58.00    57.00   67  0.8464259E+00   0.1124637E-02   0.1808660E-03
 59.00    57.00   67  0.8567956E+00   0.6165319E-03   0.1727198E-03
 60.00    57.00   67  0.8319089E+00   0.2875626E-03   0.1919949E-03
 61.00    57.00   67  0.8907477E+00   0.2355501E-03   0.1446800E-03
 62.00    57.00   67  0.9720865E+00   0.3393941E-03   0.6150882E-04
 63.00    57.00   67  0.8592070E+00   0.8356614E-03  -0.3000698E-04
 64.00    57.00   67  0.1187208E+00   0.5459423E-03   0.3472649E-03
 65.00    57.00   67  0.1378090E+00   0.8599387E-03   0.3116657E-03
 66.00    57.00   67  0.3733478E-02   0.1140513E-03   0.4464407E-03
 68.00    57.00   67  0.5098808E+00   0.1959990E-03   0.1202875E-03
 69.00    57.00   67  0.6896652E+00   0.1508369E-03   0.2151935E-03
 70.00    57.00   67  0.7351133E+00   0.5259353E-03   0.2274613E-03
 71.00    57.00   67  0.7500000E+00   0.3398980E-01   0.2500000E-03
 53.00    58.00   67  0.7500000E+00   0.4225104E+01   0.2500000E-03
 54.00    58.00   67  0.6425143E-04   0.5869575E-04   0.4976540E-03
 55.00    58.00   67  0.4085112E-01   0.5366675E-03   0.4224326E-03
 56.00    58.00   67  0.9584862E+00   0.1835759E-02  -0.3682665E-04
 57.00    58.00   67  0.9217153E+00   0.3852312E-02  -0.3840128E-04
 58.00    58.00   67  0.8193972E+00   0.6318867E-02   0.2013515E-03
 59.00    58.00   67  0.8327239E+00   0.5144714E-02   0.1913781E-03
 60.00    58.00   67  0.8543957E+00   0.1788878E-02   0.1746205E-03
 61.00    58.00   67  0.8466315E+00   0.4576552E-03   0.1807061E-03
 62.00    58.00   67  0.8957457E+00   0.2467851E-03   0.1403434E-03
 63.00    58.00   67  0.9957038E+00   0.4343096E-03   0.2086358E-04
 64.00    58.00   67  0.5099115E+00   0.7173013E-03   0.7644345E-04
 65.00    58.00   67  0.3489553E-01   0.3018778E-03   0.3855368E-03
 67.00    58.00   67  0.1546063E+00   0.2424733E-03   0.1353831E-03
 68.00    58.00   67  0.6296527E+00   0.2014440E-03   0.1789096E-03
 69.00    58.00   67  0.7511423E+00   0.2848235E-03   0.2251343E-03
 70.00    58.00   67  0.7736718E+00   0.1782471E-02   0.2289772E-03
 71.00    58.00   67  0.7500000E+00   0.1356714E+00   0.2500000E-03
 53.00    59.00   67  0.9682332E+00   0.2284641E+00  -0.3474404E-04
 54.00    59.00   67  0.2925835E-01   0.1075688E-02   0.4367205E-03
 55.00    59.00   67  0.1465122E-01   0.3141241E-03   0.4579894E-03
 56.00    59.00   67  0.9579294E+00   0.4795195E-02   0.7898713E-04
 57.00    59.00   67  0.9816772E+00   0.1284026E-01  -0.2955442E-04
 58.00    59.00   67  0.9619121E+00   0.1034382E+01   0.7429876E-04
 59.00    59.00   67  0.7500000E+00   0.9226386E+01   0.2500000E-03
 60.00    59.00   67  0.8392376E+00   0.7226671E-01   0.1864150E-03
 61.00    59.00   67  0.8391508E+00   0.2158426E-02   0.1864815E-03
 62.00    59.00   67  0.8228301E+00   0.3046810E-03   0.1988046E-03
 63.00    59.00   67  0.9439366E+00   0.3254755E-03   0.9251272E-04
 64.00    59.00   67  0.9902204E+00   0.8820614E-03  -0.3382085E-03
 68.00    59.00   67  0.5655013E+00   0.2210012E-03   0.1474516E-03
 69.00    59.00   67  0.7440879E+00   0.2751748E-03   0.2267334E-03
 70.00    59.00   67  0.7648146E+00   0.2030596E-02   0.2400240E-03
 71.00    59.00   67  0.7500000E+00   0.7548966E+00   0.2500000E-03
 53.00    60.00   67  0.6014774E-04   0.1902804E-03   0.4977312E-03
 54.00    60.00   67  0.2192577E-03   0.1012382E-03   0.4956163E-03
 55.00    60.00   67  0.1179353E-03   0.3494592E-03   0.4968063E-03
 56.00    60.00   67  0.7500000E+00   0.1758393E-01   0.2500000E-03
 57.00    60.00   67  0.7500000E+00   0.4134430E-01   0.2500000E-03
 61.00    60.00   67  0.7953841E+00   0.2429056E-01   0.2187655E-03
 62.00    60.00   67  0.7921976E+00   0.1005659E-02   0.2210267E-03
 63.00    60.00   67  0.8918034E+00   0.3853030E-03   0.1433136E-03
 64.00    60.00   67  0.8863139E+00   0.5335727E-03  -0.7916108E-04
 68.00    60.00   67  0.6410397E+00   0.3244136E-03   0.6376897E-04
 69.00    60.00   67  0.7498817E+00   0.1997343E-03   0.2057276E-03
 70.00    60.00   67  0.7783414E+00   0.1215594E-02   0.2268578E-03
 71.00    60.00   67  0.7500001E+00   0.5368068E+00   0.2500000E-03
 61.00    61.00   67  0.7500000E+00   0.4862987E+02   0.2500000E-03
 62.00    61.00   67  0.7827958E+00   0.7298782E-02   0.2276352E-03
 63.00    61.00   67  0.8331833E+00   0.7307959E-03   0.1910299E-03
 64.00    61.00   67  0.8618035E+00   0.3914131E-03   0.1470628E-03
 65.00    61.00   67  0.8664122E+00   0.3727104E-03   0.1840448E-04
 66.00    61.00   67  0.8334147E+00   0.4423779E-03  -0.7500261E-04
 67.00    61.00   67  0.9550328E+00   0.5436441E-03  -0.4002260E-04
 68.00    61.00   67  0.9188266E+00   0.3803965E-03   0.3876138E-04
 69.00    61.00   67  0.7889049E+00   0.1668941E-03   0.2064461E-03
 70.00    61.00   67  0.7883433E+00   0.6759294E-03   0.2235451E-03
 71.00    61.00   67  0.7500000E+00   0.5234009E+00   0.2500000E-03
 62.00    62.00   67  0.9167913E+00   0.3724576E+01  -0.3812695E-04
 63.00    62.00   67  0.8390256E+00   0.5995773E-02   0.1865774E-03
 64.00    62.00   67  0.8111509E+00   0.7392668E-03   0.2074088E-03
 65.00    62.00   67  0.8267043E+00   0.2616105E-03   0.1957948E-03
 66.00    62.00   67  0.8551246E+00   0.2297382E-03   0.1735510E-03
 67.00    62.00   67  0.9318808E+00   0.3068202E-03   0.1061591E-03
 68.00    62.00   67  0.9061991E+00   0.2137899E-03   0.1228128E-03
 69.00    62.00   67  0.7995144E+00   0.1252214E-03   0.2111647E-03
 70.00    62.00   67  0.7710615E+00   0.6166930E-03   0.2348604E-03
 71.00    62.00   67  0.7500001E+00   0.1836083E+02   0.2500000E-03
 63.00    63.00   67  0.7500000E+00   0.7094265E+00   0.2500000E-03
 64.00    63.00   67  0.8254758E+00   0.4183179E-02   0.1968314E-03
 65.00    63.00   67  0.7782901E+00   0.3063742E-03   0.2307697E-03
 66.00    63.00   67  0.7822888E+00   0.1747389E-03   0.2273952E-03
 67.00    63.00   67  0.8272389E+00   0.2173306E-03   0.1953277E-03
 68.00    63.00   67  0.8389471E+00   0.1315042E-03   0.1828827E-03
 69.00    63.00   67  0.7901272E+00   0.1085423E-03   0.2156816E-03
 70.00    63.00   67  0.7819543E+00   0.7933468E-03   0.2251707E-03
 71.00    63.00   67  0.7500000E+00   0.4680512E+01   0.2500000E-03
 64.00    64.00   67  0.8708714E+00   0.4604526E-02   0.1613693E-03
 65.00    64.00   67  0.8024412E+00   0.2416512E-03   0.2137175E-03
 66.00    64.00   67  0.7781386E+00   0.1374234E-03   0.2286094E-03
 67.00    64.00   67  0.7819993E+00   0.1238634E-03   0.2272508E-03
 68.00    64.00   67  0.7853602E+00   0.9154282E-04   0.2229230E-03
 69.00    64.00   67  0.7838532E+00   0.1104241E-03   0.2235751E-03
 70.00    64.00   67  0.7792214E+00   0.1100571E-02   0.2289879E-03
 71.00    64.00   67  0.7500001E+00   0.2141484E+01   0.2500000E-03
 64.00    65.00   67  0.7977764E+00   0.2699338E-01   0.2170605E-03
 65.00    65.00   67  0.8293159E+00   0.5713781E-03   0.1939408E-03
 66.00    65.00   67  0.7781068E+00   0.1333152E-03   0.2270448E-03
 67.00    65.00   67  0.7754989E+00   0.8905796E-04   0.2300219E-03
 68.00    65.00   67  0.7761031E+00   0.8381326E-04   0.2292927E-03
 69.00    65.00   67  0.7776166E+00   0.1588762E-03   0.2268529E-03
 70.00    65.00   67  0.7744391E+00   0.1720052E-02   0.2112981E-03
 71.00    65.00   67  0.7500001E+00   0.5690635E+01   0.2500000E-03
 65.00    66.00   67  0.7804534E+00   0.7882934E-02   0.2292556E-03
 66.00    66.00   67  0.8126299E+00   0.6679730E-03   0.2059712E-03
 67.00    66.00   67  0.7972957E+00   0.2778029E-03   0.2169466E-03
 68.00    66.00   67  0.7880303E+00   0.2227653E-03   0.2233108E-03
 69.00    66.00   67  0.8045540E+00   0.3716241E-03   0.2102129E-03
 70.00    66.00   67  0.7806703E+00   0.1420366E-02   0.2287969E-03
 71.00    66.00   67  0.7500001E+00   0.8124892E+00   0.2500000E-03
 66.00    67.00   67  0.9590703E+00   0.1946360E+00   0.7765932E-04
 67.00    67.00   67  0.8071471E+00   0.8363508E-02   0.2103198E-03
 68.00    67.00   67  0.7705474E+00   0.4257597E-02   0.2361086E-03
 69.00    67.00   67  0.7689856E+00   0.1826042E-02   0.2371785E-03
 70.00    67.00   67  0.7501804E+00   0.4545049E-02   0.2498798E-03
 71.00    67.00   67  0.7500000E+00   0.3493872E+01   0.2500000E-03
 68.00    68.00   67  0.7500002E+00   0.7391152E+01   0.2500000E-03
 69.00    68.00   67  0.7500001E+00   0.4402561E-01   0.2500000E-03
 70.00    68.00   67  0.7500001E+00   0.7727219E-01   0.2500000E-03
