 -99.90 -99.90 20171003 09 20171003 09 0.10E+01   201  3  3 1.00 1.00 -179.0    0.0 360  89 "CORRELATION MAP"
  1
  17.95  59.41
 51.00    14.00   16  0.4995157E-08   0.2798093E-08   0.4999796E-03
 52.00    14.00   16  0.5313799E-05   0.2886282E-05   0.4993319E-03
 50.00    15.00   16  0.1467958E-10   0.1021864E-09   0.4999989E-03
 51.00    15.00   16  0.2753648E-04   0.1297581E-06   0.4984714E-03
 52.00    15.00   16  0.2253666E-02   0.1143525E-04   0.4851844E-03
 50.00    16.00   16  0.7003578E-05   0.9969450E-07   0.4992326E-03
 51.00    16.00   16  0.8784943E-01   0.1580606E-04   0.3743584E-03
 52.00    16.00   16  0.9989582E+00   0.2133735E-03  -0.8792500E-05
 53.00    16.00   16  0.7500000E+00   0.4861982E-02   0.2500000E-03
 54.00    16.00   16  0.7500001E+00   0.5678403E-01   0.2500000E-03
 50.00    17.00   16  0.3521294E-03   0.9492276E-06   0.4944079E-03
 51.00    17.00   16  0.9994668E+00   0.1018171E-03   0.6930844E-05
 52.00    17.00   16  0.7585276E+00   0.5155732E-04   0.2442822E-03
 53.00    17.00   16  0.7500001E+00   0.6454584E-04   0.2500000E-03
 54.00    17.00   16  0.7500000E+00   0.1419294E-03   0.2500000E-03
 55.00    17.00   16  0.7500000E+00   0.2940322E-02   0.2500000E-03
 56.00    17.00   16  0.7500000E+00   0.1452046E-01   0.2500000E-03
 57.00    17.00   16  0.7500002E+00   0.7675277E-02   0.2500000E-03
 58.00    17.00   16  0.7500002E+00   0.3882321E-02   0.2500000E-03
 59.00    17.00   16  0.7499999E+00   0.6213495E-05   0.2500000E-03
 50.00    18.00   16  0.7128848E-03   0.1004528E-05   0.4919387E-03
 51.00    18.00   16  0.9784399E+00   0.1054594E-03  -0.3114768E-04
 52.00    18.00   16  0.7519966E+00   0.5504330E-04   0.2486673E-03
 53.00    18.00   16  0.7500001E+00   0.2938751E-04   0.2500000E-03
 54.00    18.00   16  0.7500001E+00   0.2950418E-04   0.2500000E-03
 55.00    18.00   16  0.7500001E+00   0.1462276E-03   0.2500000E-03
 56.00    18.00   16  0.7500000E+00   0.3625805E-04   0.2500000E-03
 57.00    18.00   16  0.7500000E+00   0.1212597E-04   0.2500000E-03
 58.00    18.00   16  0.7500001E+00   0.5314539E-05   0.2500000E-03
 59.00    18.00   16  0.7500000E+00   0.9285937E-05   0.2500000E-03
 50.00    19.00   16  0.3749020E-03   0.6333053E-06   0.4942242E-03
 51.00    19.00   16  0.7581775E+00   0.4105442E-04  -0.2695830E-05
 52.00    19.00   16  0.7582283E+00   0.3200263E-04   0.2444841E-03
 53.00    19.00   16  0.7500000E+00   0.3484761E-04   0.2500000E-03
 54.00    19.00   16  0.7500001E+00   0.2334941E-04   0.2500000E-03
 55.00    19.00   16  0.7500000E+00   0.1192080E-04   0.2500000E-03
 56.00    19.00   16  0.7500001E+00   0.7882866E-05   0.2500000E-03
 57.00    19.00   16  0.7500000E+00   0.8416899E-05   0.2500000E-03
 58.00    19.00   16  0.7500000E+00   0.2093698E-04   0.2500000E-03
 59.00    19.00   16  0.7500001E+00   0.1713711E-02   0.2500000E-03
 50.00    20.00   16  0.3754607E-04   0.3363050E-06   0.4982124E-03
 51.00    20.00   16  0.4585007E+00   0.2478842E-04   0.1269100E-03
 52.00    20.00   16  0.7646932E+00   0.1196212E-04   0.2401067E-03
 53.00    20.00   16  0.7500001E+00   0.9712321E-05   0.2500000E-03
 54.00    20.00   16  0.7500001E+00   0.8991093E-05   0.2500000E-03
 55.00    20.00   16  0.7500000E+00   0.1436108E-04   0.2500000E-03
 56.00    20.00   16  0.7500000E+00   0.6208343E-04   0.2500000E-03
 57.00    20.00   16  0.7499999E+00   0.8547400E-03   0.2500000E-03
 58.00    20.00   16  0.7500001E+00   0.3617012E+00   0.2500000E-03
 50.00    21.00   16  0.1279184E-05   0.1708070E-06   0.4996729E-03
 51.00    21.00   16  0.2382513E+00   0.2895949E-04   0.2578948E-03
 52.00    21.00   16  0.7854679E+00   0.2139493E-04   0.2257664E-03
 53.00    21.00   16  0.7500001E+00   0.2094389E-04   0.2500000E-03
 54.00    21.00   16  0.7499999E+00   0.4796494E-04   0.2500000E-03
 55.00    21.00   16  0.7500000E+00   0.7862259E-03   0.2500000E-03
 56.00    21.00   16  0.7499999E+00   0.1841912E+01   0.2500000E-03
 50.00    22.00   16  0.6336533E-07   0.3215157E-06   0.4999273E-03
 51.00    22.00   16  0.6703286E-01   0.9883851E-04   0.3942920E-03
 52.00    22.00   16  0.8653660E+00   0.4857993E-03   0.1658511E-03
 53.00    22.00   16  0.7500000E+00   0.1378070E-02   0.2500000E-03
 54.00    22.00   16  0.7500001E+00   0.3383372E-01   0.2500000E-03
 51.00    23.00   16  0.1505582E-02   0.1184910E-02   0.4880545E-03
 52.00    23.00   16  0.5004747E+00   0.4497675E+00   0.1054251E-03
 50.00    15.00   17  0.3072102E-05   0.3879432E-07   0.4994925E-03
 51.00    15.00   17  0.1406760E-03   0.6399713E-06   0.4965061E-03
 52.00    15.00   17  0.2534725E-01   0.2075545E-02   0.4419532E-03
 49.00    16.00   17  0.1075819E-05   0.4530818E-07   0.4997001E-03
 50.00    16.00   17  0.2328146E-01   0.7172602E-05   0.4448282E-03
 51.00    16.00   17  0.4873133E+00   0.9005314E-04   0.1120523E-03
 52.00    16.00   17  0.7988938E+00   0.3729724E-02   0.2162619E-03
 53.00    16.00   17  0.7500000E+00   0.7578390E-01   0.2500000E-03
 54.00    16.00   17  0.7500000E+00   0.8472378E+00   0.2500000E-03
 49.00    17.00   17  0.1040184E-03   0.4879963E-06   0.4970040E-03
 50.00    17.00   17  0.8434225E+00   0.1195023E-03  -0.2661638E-04
 51.00    17.00   17  0.7849132E+00   0.5930592E-04   0.2261550E-03
 52.00    17.00   17  0.7502375E+00   0.1748996E-03   0.2498417E-03
 53.00    17.00   17  0.7500001E+00   0.4930539E-03   0.2500000E-03
 54.00    17.00   17  0.7500001E+00   0.8899556E-02   0.2500000E-03
 55.00    17.00   17  0.7500001E+00   0.1210114E+02   0.2500000E-03
 56.00    17.00   17  0.7500001E+00   0.5144640E+00   0.2500000E-03
 57.00    17.00   17  0.7500000E+00   0.5520389E+00   0.2500000E-03
 58.00    17.00   17  0.7484165E+00   0.4627205E-01   0.2494743E-03
 49.00    18.00   17  0.2994473E-04   0.2298484E-06   0.4984054E-03
 50.00    18.00   17  0.1411662E+00   0.2634614E-04   0.3289022E-03
 51.00    18.00   17  0.7859117E+00   0.5758089E-04   0.2254553E-03
 52.00    18.00   17  0.7499999E+00   0.3896559E-04   0.2500000E-03
 53.00    18.00   17  0.7500001E+00   0.4475857E-04   0.2500000E-03
 54.00    18.00   17  0.7500000E+00   0.1211706E-03   0.2500000E-03
 55.00    18.00   17  0.7500000E+00   0.8754645E-03   0.2500000E-03
 56.00    18.00   17  0.7499999E+00   0.1899568E-03   0.2500000E-03
 57.00    18.00   17  0.7499999E+00   0.2900958E-04   0.2500000E-03
 58.00    18.00   17  0.6477063E+00   0.6526635E-05   0.2242085E-03
 49.00    19.00   17  0.2209964E-07   0.1390457E-07   0.4999571E-03
 50.00    19.00   17  0.2429343E-01   0.4958885E-05   0.4434093E-03
 51.00    19.00   17  0.9329300E+00   0.4600728E-04   0.1057451E-03
 52.00    19.00   17  0.7500135E+00   0.4418189E-04   0.2499909E-03
 53.00    19.00   17  0.7500000E+00   0.2874948E-04   0.2500000E-03
 54.00    19.00   17  0.7500000E+00   0.3867608E-04   0.2500000E-03
 55.00    19.00   17  0.7500001E+00   0.1904521E-04   0.2500000E-03
 56.00    19.00   17  0.7500002E+00   0.8168802E-05   0.2500000E-03
 57.00    19.00   17  0.7500001E+00   0.5860049E-05   0.2500000E-03
 58.00    19.00   17  0.7494065E+00   0.1218231E-04   0.2498025E-03
 59.00    19.00   17  0.7398271E+00   0.8974423E-03   0.2466998E-03
 50.00    20.00   17  0.1081462E-01   0.3833975E-05   0.4647352E-03
 51.00    20.00   17  0.9771775E+00   0.2895468E-04   0.5452146E-04
 52.00    20.00   17  0.7501518E+00   0.2062357E-04   0.2498988E-03
 53.00    20.00   17  0.7500000E+00   0.1789906E-04   0.2500000E-03
 54.00    20.00   17  0.7500001E+00   0.1008558E-04   0.2500000E-03
 55.00    20.00   17  0.7500000E+00   0.9208100E-05   0.2500000E-03
 56.00    20.00   17  0.7500000E+00   0.1537780E-04   0.2500000E-03
 57.00    20.00   17  0.7500001E+00   0.6084295E-04   0.2500000E-03
 58.00    20.00   17  0.7500000E+00   0.3347625E-02   0.2500000E-03
 50.00    21.00   17  0.5047389E-02   0.4375014E-05   0.4770192E-03
 51.00    21.00   17  0.9723045E+00   0.2708721E-04   0.6121895E-04
 52.00    21.00   17  0.7506349E+00   0.9457975E-05   0.2495766E-03
 53.00    21.00   17  0.7499999E+00   0.9983457E-05   0.2500001E-03
 54.00    21.00   17  0.7500000E+00   0.2073408E-04   0.2500000E-03
 55.00    21.00   17  0.7500001E+00   0.1301601E-03   0.2500000E-03
 56.00    21.00   17  0.7500002E+00   0.4642264E-02   0.2500000E-03
 57.00    21.00   17  0.7500000E+00   0.1044226E+02   0.2500000E-03
 50.00    22.00   17  0.4578386E-02   0.1434558E-04   0.4782227E-03
 51.00    22.00   17  0.9946065E+00   0.8050112E-04   0.2383979E-04
 52.00    22.00   17  0.7517207E+00   0.3264005E-04   0.2488516E-03
 53.00    22.00   17  0.7500001E+00   0.7957921E-04   0.2500000E-03
 54.00    22.00   17  0.7500000E+00   0.1585924E-02   0.2500000E-03
 55.00    22.00   17  0.7500002E+00   0.2709115E+02   0.2500000E-03
 50.00    23.00   17  0.3641036E-02   0.1531122E-03   0.4807923E-03
 51.00    23.00   17  0.9160405E+00   0.1715876E-02  -0.3807765E-04
 52.00    23.00   17  0.7634273E+00   0.2632749E-02   0.2409669E-03
 53.00    23.00   17  0.7500000E+00   0.6378756E-01   0.2500000E-03
 50.00    24.00   17  0.1690859E-02   0.1614732E-01   0.4872943E-03
 51.00    24.00   17  0.7842845E+00   0.8979017E+00  -0.1087942E-04
 49.00    15.00   18  0.3885979E-09   0.6966088E-09   0.4999943E-03
 50.00    15.00   18  0.2719057E-05   0.4938569E-07   0.4995227E-03
 51.00    15.00   18  0.9842031E-04   0.4827104E-05   0.4970871E-03
 48.00    16.00   18  0.7673881E-08   0.5379186E-08   0.4999747E-03
 49.00    16.00   18  0.7107367E-03   0.1036633E-05   0.4919514E-03
 50.00    16.00   18  0.5766973E-01   0.1457023E-04   0.4038698E-03
 51.00    16.00   18  0.7846935E+00   0.1558468E-02  -0.1100230E-04
 48.00    17.00   18  0.1467564E-05   0.5413181E-07   0.4996496E-03
 49.00    17.00   18  0.1106224E+00   0.3449406E-04   0.3541419E-03
 50.00    17.00   18  0.8756736E+00   0.6349690E-04   0.1574125E-03
 51.00    17.00   18  0.7528055E+00   0.2141072E-03   0.2481262E-03
 52.00    17.00   18  0.7500001E+00   0.4853289E-02   0.2500000E-03
 53.00    17.00   18  0.7500001E+00   0.7458094E-01   0.2500000E-03
 48.00    18.00   18  0.2240289E-06   0.2529457E-07   0.4998633E-03
 49.00    18.00   18  0.5936787E-02   0.3535330E-05   0.4748552E-03
 50.00    18.00   18  0.9878148E+00   0.8440878E-04   0.3776376E-04
 51.00    18.00   18  0.7512428E+00   0.5671230E-04   0.2491708E-03
 52.00    18.00   18  0.7499999E+00   0.1285109E-03   0.2500000E-03
 53.00    18.00   18  0.7500002E+00   0.1230421E-02   0.2500000E-03
 54.00    18.00   18  0.7500001E+00   0.5518065E-01   0.2500000E-03
 55.00    18.00   18  0.7500001E+00   0.4246251E-01   0.2500000E-03
 56.00    18.00   18  0.7500000E+00   0.6751976E-02   0.2500000E-03
 57.00    18.00   18  0.4179128E+00   0.1119239E-03   0.2152418E-03
 49.00    19.00   18  0.1156132E-03   0.4812009E-06   0.4968385E-03
 50.00    19.00   18  0.2635700E+00   0.2444802E-04   0.2410338E-03
 51.00    19.00   18  0.7770526E+00   0.4188947E-04   0.2316270E-03
 52.00    19.00   18  0.7499999E+00   0.3377307E-04   0.2500000E-03
 53.00    19.00   18  0.7500001E+00   0.6546794E-04   0.2500000E-03
 54.00    19.00   18  0.7500001E+00   0.2954420E-03   0.2500000E-03
 55.00    19.00   18  0.7500001E+00   0.7984397E-04   0.2500000E-03
 56.00    19.00   18  0.7499999E+00   0.2097731E-04   0.2500000E-03
 57.00    19.00   18  0.7097528E+00   0.6800018E-05   0.2379544E-03
 58.00    19.00   18  0.6748721E-01   0.5131259E-05   0.3551637E-03
 49.00    20.00   18  0.2264053E-06   0.7244321E-07   0.4998625E-03
 50.00    20.00   18  0.1454370E+00   0.1306130E-04   0.3255117E-03
 51.00    20.00   18  0.8481715E+00   0.3497498E-04   0.1795067E-03
 52.00    20.00   18  0.7500002E+00   0.3401170E-04   0.2500000E-03
 53.00    20.00   18  0.7500000E+00   0.3115619E-04   0.2500000E-03
 54.00    20.00   18  0.7500001E+00   0.1560169E-04   0.2500000E-03
 55.00    20.00   18  0.7500001E+00   0.7687348E-05   0.2500000E-03
 56.00    20.00   18  0.7499999E+00   0.6687687E-05   0.2500000E-03
 57.00    20.00   18  0.7497969E+00   0.1333222E-04   0.2499324E-03
 58.00    20.00   18  0.7446257E+00   0.3317666E-03   0.2482340E-03
 49.00    21.00   18  0.3012496E-08   0.1659460E-07   0.4999842E-03
 50.00    21.00   18  0.1613692E+00   0.1657267E-04   0.3131201E-03
 51.00    21.00   18  0.8158107E+00   0.1793347E-04   0.2039963E-03
 52.00    21.00   18  0.7500000E+00   0.1579764E-04   0.2500000E-03
 53.00    21.00   18  0.7500000E+00   0.1061056E-04   0.2500000E-03
 54.00    21.00   18  0.7500001E+00   0.1051771E-04   0.2500000E-03
 55.00    21.00   18  0.7500000E+00   0.1891833E-04   0.2500000E-03
 56.00    21.00   18  0.7499999E+00   0.8653807E-04   0.2500000E-03
 57.00    21.00   18  0.7499999E+00   0.4735638E-02   0.2500000E-03
 49.00    22.00   18  0.1457043E-06   0.3940575E-06   0.4998898E-03
 50.00    22.00   18  0.2782338E+00   0.3938089E-04   0.2315193E-03
 51.00    22.00   18  0.7940941E+00   0.1417283E-04   0.2196822E-03
 52.00    22.00   18  0.7500000E+00   0.1012228E-04   0.2500000E-03
 53.00    22.00   18  0.7500001E+00   0.1928836E-04   0.2500000E-03
 54.00    22.00   18  0.7499999E+00   0.1637279E-03   0.2500000E-03
 55.00    22.00   18  0.7500000E+00   0.3783742E-02   0.2500000E-03
 56.00    22.00   18  0.7500002E+00   0.3646243E+01   0.2500000E-03
 50.00    23.00   18  0.3202196E+00   0.1468339E-03   0.2052056E-03
 51.00    23.00   18  0.8148135E+00   0.5515521E-04   0.2047288E-03
 52.00    23.00   18  0.7499999E+00   0.6148509E-04   0.2500000E-03
 53.00    23.00   18  0.7499999E+00   0.5538468E-03   0.2500000E-03
 54.00    23.00   18  0.7499999E+00   0.1519807E+01   0.2500000E-03
 50.00    24.00   18  0.6375947E-01   0.7915992E-03   0.3975900E-03
 51.00    24.00   18  0.9824807E+00   0.3454137E-02   0.4663286E-04
 52.00    24.00   18  0.7500000E+00   0.1306275E-01   0.2500001E-03
 53.00    24.00   18  0.7500001E+00   0.3167869E+01   0.2500000E-03
 49.00    15.00   19  0.6072938E-09   0.8100147E-09   0.4999929E-03
 50.00    15.00   19  0.1142128E-06   0.4344274E-07   0.4999024E-03
 48.00    16.00   19  0.1175522E-05   0.5313357E-07   0.4996865E-03
 49.00    16.00   19  0.1617803E-02   0.1496007E-05   0.4875895E-03
 50.00    16.00   19  0.1776812E-01   0.3327002E-04   0.4529798E-03
 51.00    16.00   19  0.9112992E+00   0.5718698E+00   0.1264242E-03
 48.00    17.00   19  0.5600773E-03   0.1326912E-05   0.4928901E-03
 49.00    17.00   19  0.8478026E+00   0.8833646E-04  -0.2759695E-04
 50.00    17.00   19  0.8233731E+00   0.1156847E-03   0.1984004E-03
 51.00    17.00   19  0.7500001E+00   0.6533454E-02   0.2500000E-03
 52.00    17.00   19  0.7500001E+00   0.4709941E+01   0.2500000E-03
 48.00    18.00   19  0.1167076E-03   0.5130439E-06   0.4968233E-03
 49.00    18.00   19  0.3132144E+00   0.4978490E-04   0.2095051E-03
 50.00    18.00   19  0.7975410E+00   0.6085387E-04   0.2172285E-03
 51.00    18.00   19  0.7500000E+00   0.2167701E-03   0.2500000E-03
 52.00    18.00   19  0.7500000E+00   0.6247241E-02   0.2500000E-03
 53.00    18.00   19  0.7500000E+00   0.7171673E+01   0.2500000E-03
 56.00    18.00   19  0.7500001E+00   0.2344236E+02   0.2500000E-03
 48.00    19.00   19  0.1365920E-09   0.1467766E-08   0.4999966E-03
 49.00    19.00   19  0.5032625E-02   0.2642206E-05   0.4770564E-03
 50.00    19.00   19  0.9888018E+00   0.7271950E-04  -0.2477737E-04
 51.00    19.00   19  0.7501708E+00   0.5679429E-04   0.2498862E-03
 52.00    19.00   19  0.7500001E+00   0.3017961E-03   0.2500000E-03
 53.00    19.00   19  0.7500000E+00   0.9750026E-02   0.2500000E-03
 54.00    19.00   19  0.7499999E+00   0.5510067E-02   0.2500000E-03
 55.00    19.00   19  0.7500001E+00   0.2057573E-02   0.2500000E-03
 56.00    19.00   19  0.7087256E+00   0.1234232E-03   0.2376811E-03
 49.00    20.00   19  0.1733241E-02   0.2923989E-05   0.4871256E-03
 50.00    20.00   19  0.5776923E+00   0.3768353E-04   0.6856941E-04
 51.00    20.00   19  0.7573574E+00   0.3636756E-04   0.2450707E-03
 52.00    20.00   19  0.7500001E+00   0.4609043E-04   0.2500000E-03
 53.00    20.00   19  0.7500000E+00   0.1764325E-03   0.2500000E-03
 54.00    20.00   19  0.7500000E+00   0.4503063E-04   0.2500000E-03
 55.00    20.00   19  0.7500002E+00   0.1417364E-04   0.2500000E-03
 56.00    20.00   19  0.7459460E+00   0.6634228E-05   0.2486633E-03
 57.00    20.00   19  0.5063438E+00   0.9661698E-05   0.2113481E-03
 49.00    21.00   19  0.8313818E-03   0.2818709E-05   0.4912642E-03
 50.00    21.00   19  0.7089124E+00   0.3905172E-04   0.1440907E-04
 51.00    21.00   19  0.7609134E+00   0.3904890E-04   0.2426706E-03
 52.00    21.00   19  0.7500001E+00   0.3259889E-04   0.2500000E-03
 53.00    21.00   19  0.7500002E+00   0.2220324E-04   0.2500000E-03
 54.00    21.00   19  0.7499998E+00   0.8093919E-05   0.2500000E-03
 55.00    21.00   19  0.7500000E+00   0.6935063E-05   0.2500000E-03
 56.00    21.00   19  0.7499998E+00   0.1503792E-04   0.2499999E-03
 57.00    21.00   19  0.7499782E+00   0.2794235E-03   0.2499928E-03
 49.00    22.00   19  0.7322079E-03   0.4170243E-05   0.4918254E-03
 50.00    22.00   19  0.9258984E+00   0.4368286E-04  -0.3856368E-04
 51.00    22.00   19  0.7549499E+00   0.1719891E-04   0.2466891E-03
 52.00    22.00   19  0.7500002E+00   0.1449586E-04   0.2500000E-03
 53.00    22.00   19  0.7500001E+00   0.1282841E-04   0.2500000E-03
 54.00    22.00   19  0.7500000E+00   0.2247521E-04   0.2500000E-03
 55.00    22.00   19  0.7500000E+00   0.8987024E-04   0.2500000E-03
 56.00    22.00   19  0.7500000E+00   0.2318961E-02   0.2500000E-03
 49.00    23.00   19  0.1944971E-02   0.1724188E-04   0.4863088E-03
 50.00    23.00   19  0.9993646E+00   0.5550971E-04   0.7592840E-05
 51.00    23.00   19  0.7543976E+00   0.1259257E-04   0.2470596E-03
 52.00    23.00   19  0.7499999E+00   0.1539789E-04   0.2500000E-03
 53.00    23.00   19  0.7500000E+00   0.8770375E-04   0.2500000E-03
 54.00    23.00   19  0.7500001E+00   0.4316478E-02   0.2500000E-03
 55.00    23.00   19  0.7499998E+00   0.4906136E+01   0.2500000E-03
 49.00    24.00   19  0.3139832E-02   0.6643301E-04   0.4822798E-03
 50.00    24.00   19  0.9915099E+00   0.2300303E-03  -0.2224097E-04
 51.00    24.00   19  0.7578106E+00   0.7215120E-04   0.2447656E-03
 52.00    24.00   19  0.7500001E+00   0.2405868E-03   0.2500000E-03
 53.00    24.00   19  0.7500000E+00   0.2265405E-01   0.2500000E-03
 49.00    25.00   19  0.4606312E-03   0.3690871E-03   0.4935755E-03
 50.00    25.00   19  0.6860589E+00   0.7650325E-02   0.2299860E-04
 51.00    25.00   19  0.8273722E+00   0.1206312E-01   0.1954116E-03
 52.00    25.00   19  0.7500002E+00   0.4398227E+00   0.2500000E-03
 48.00    16.00   20  0.2088399E-05   0.5179717E-07   0.4995818E-03
 49.00    16.00   20  0.2377000E-03   0.1783705E-05   0.4954311E-03
 50.00    16.00   20  0.8431116E-02   0.1449700E-02   0.4693900E-03
 47.00    17.00   20  0.2000092E-07   0.6428838E-08   0.4999592E-03
 48.00    17.00   20  0.1717256E-01   0.6986668E-05   0.4539108E-03
 49.00    17.00   20  0.9976758E+00   0.1186785E-03  -0.1273910E-04
 50.00    17.00   20  0.7636325E+00   0.6181447E-03   0.2408276E-03
 51.00    17.00   20  0.7500001E+00   0.2062243E+01   0.2500000E-03
 47.00    18.00   20  0.1240393E-06   0.1794904E-07   0.4998983E-03
 48.00    18.00   20  0.1568179E-01   0.8235024E-05   0.4562938E-03
 49.00    18.00   20  0.9977177E+00   0.8780941E-04   0.1491650E-04
 50.00    18.00   20  0.7592657E+00   0.1122829E-03   0.2437842E-03
 51.00    18.00   20  0.7500000E+00   0.3553186E-02   0.2500000E-03
 52.00    18.00   20  0.7500002E+00   0.5471222E+02   0.2500000E-03
 48.00    19.00   20  0.7662875E-05   0.1848040E-06   0.4991971E-03
 49.00    19.00   20  0.5873882E-01   0.1111343E-04   0.4027529E-03
 50.00    19.00   20  0.8599095E+00   0.7395793E-04   0.1702389E-03
 51.00    19.00   20  0.7500000E+00   0.3826379E-03   0.2500000E-03
 52.00    19.00   20  0.7499999E+00   0.3692235E-01   0.2500000E-03
 53.00    19.00   20  0.7500001E+00   0.2555353E+02   0.2500000E-03
 54.00    19.00   20  0.7500000E+00   0.1921819E+01   0.2500000E-03
 55.00    19.00   20  0.7314273E+00   0.2744144E+00   0.2441086E-03
 48.00    20.00   20  0.4216391E-06   0.1453451E-05   0.4998124E-03
 49.00    20.00   20  0.3801307E-01   0.1071491E-04   0.4257908E-03
 50.00    20.00   20  0.9844797E+00   0.6088005E-04   0.4344329E-04
 51.00    20.00   20  0.7500258E+00   0.8279745E-04   0.2499828E-03
 52.00    20.00   20  0.7499999E+00   0.9755001E-03   0.2500000E-03
 53.00    20.00   20  0.7500001E+00   0.4642236E-02   0.2500000E-03
 54.00    20.00   20  0.7500000E+00   0.2954701E-03   0.2500000E-03
 55.00    20.00   20  0.7494794E+00   0.4609885E-04   0.2498267E-03
 56.00    20.00   20  0.2361567E+00   0.7092959E-05   0.2547881E-03
 49.00    21.00   20  0.4213623E-01   0.1273319E-04   0.4209371E-03
 50.00    21.00   20  0.9990404E+00   0.5047096E-04   0.9419105E-05
 51.00    21.00   20  0.7501019E+00   0.3898304E-04   0.2499321E-03
 52.00    21.00   20  0.7500000E+00   0.8052350E-04   0.2500000E-03
 53.00    21.00   20  0.7500001E+00   0.7489492E-04   0.2500000E-03
 54.00    21.00   20  0.7500002E+00   0.1331341E-04   0.2500000E-03
 55.00    21.00   20  0.7499616E+00   0.5961021E-05   0.2499871E-03
 56.00    21.00   20  0.7127556E+00   0.8630112E-05   0.2387625E-03
 57.00    21.00   20  0.1665450E+00   0.1431579E-03   0.2848971E-03
 49.00    22.00   20  0.6398445E-01   0.1871250E-04   0.3973617E-03
 50.00    22.00   20  0.9830047E+00   0.4176187E-04   0.4580989E-04
 51.00    22.00   20  0.7500054E+00   0.3598305E-04   0.2499964E-03
 52.00    22.00   20  0.7500001E+00   0.3012725E-04   0.2500000E-03
 53.00    22.00   20  0.7500000E+00   0.1253847E-04   0.2500000E-03
 54.00    22.00   20  0.7500001E+00   0.9422798E-05   0.2500000E-03
 55.00    22.00   20  0.7500000E+00   0.1726609E-04   0.2500000E-03
 56.00    22.00   20  0.7500000E+00   0.1971873E-03   0.2500000E-03
 49.00    23.00   20  0.1068808E+00   0.3524411E-04   0.3573701E-03
 50.00    23.00   20  0.8959744E+00   0.2559417E-04   0.1401435E-03
 51.00    23.00   20  0.7500917E+00   0.1710472E-04   0.2499388E-03
 52.00    23.00   20  0.7500001E+00   0.1335396E-04   0.2500000E-03
 53.00    23.00   20  0.7500001E+00   0.2414937E-04   0.2500000E-03
 54.00    23.00   20  0.7500000E+00   0.1172819E-03   0.2500000E-03
 55.00    23.00   20  0.7500001E+00   0.2287272E-02   0.2500000E-03
 56.00    23.00   20  0.7500001E+00   0.7551943E+02   0.2500000E-03
 48.00    24.00   20  0.4481726E-05   0.1797112E-04   0.4993866E-03
 49.00    24.00   20  0.2350061E+00   0.7909485E-04   0.2600980E-03
 50.00    24.00   20  0.8344324E+00   0.2279416E-04   0.1900820E-03
 51.00    24.00   20  0.7500404E+00   0.1387565E-04   0.2499730E-03
 52.00    24.00   20  0.7500000E+00   0.3500131E-04   0.2500000E-03
 53.00    24.00   20  0.7500000E+00   0.1163504E-02   0.2500000E-03
 54.00    24.00   20  0.7500001E+00   0.6085835E+01   0.2500000E-03
 48.00    25.00   20  0.6519185E-04   0.2854411E-03   0.4976367E-03
 49.00    25.00   20  0.1928777E+00   0.2437179E-03   0.2896621E-03
 50.00    25.00   20  0.8608220E+00   0.1110777E-03   0.1695087E-03
 51.00    25.00   20  0.7501290E+00   0.1110955E-03   0.2499140E-03
 52.00    25.00   20  0.7500000E+00   0.1609832E-02   0.2500000E-03
 49.00    26.00   20  0.5224235E-01   0.3455404E-02   0.4096442E-03
 50.00    26.00   20  0.9930635E+00   0.1185689E-01  -0.2049061E-04
 51.00    26.00   20  0.7500000E+00   0.7356931E-01   0.2500000E-03
 46.00    16.00   21  0.1401911E-03   0.3954872E-05   0.4965122E-03
 47.00    16.00   21  0.5270290E-05   0.1055347E-06   0.4993347E-03
 48.00    16.00   21  0.3196454E-05   0.1374845E-06   0.4994823E-03
 49.00    16.00   21  0.2727065E-04   0.1614093E-04   0.4984789E-03
 45.00    17.00   21  0.6601264E-05   0.1988634E-05   0.4992550E-03
 46.00    17.00   21  0.9085861E-02   0.7322674E-05   0.4680659E-03
 47.00    17.00   21  0.1284180E-01   0.5240988E-05   0.4610767E-03
 48.00    17.00   21  0.1902562E+00   0.4931134E-04   0.2915660E-03
 49.00    17.00   21  0.8400510E+00   0.2689867E-03   0.1857911E-03
 50.00    17.00   21  0.7500001E+00   0.1432457E-01   0.2500000E-03
 45.00    18.00   21  0.1097620E-05   0.6279845E-06   0.4996971E-03
 46.00    18.00   21  0.4122255E-02   0.5084775E-05   0.4794428E-03
 47.00    18.00   21  0.3177118E-01   0.1285832E-04   0.4334836E-03
 48.00    18.00   21  0.4410335E+00   0.7213828E-04   0.1361529E-03
 49.00    18.00   21  0.8754268E+00   0.8126489E-04   0.1576171E-03
 50.00    18.00   21  0.7500389E+00   0.4528611E-03   0.2499740E-03
 51.00    18.00   21  0.7500000E+00   0.7713346E+00   0.2500000E-03
 46.00    19.00   21  0.2143713E-06   0.1155031E-06   0.4998663E-03
 47.00    19.00   21  0.2860094E-04   0.3855194E-06   0.4984419E-03
 48.00    19.00   21  0.8727639E-03   0.1487007E-05   0.4910391E-03
 49.00    19.00   21  0.4254217E+00   0.4930784E-04   0.1445663E-03
 50.00    19.00   21  0.7642330E+00   0.1522922E-03   0.2404196E-03
 51.00    19.00   21  0.7500000E+00   0.2954012E-01   0.2500000E-03
 48.00    20.00   21  0.5968746E-03   0.8808143E-05   0.4926511E-03
 49.00    20.00   21  0.1991422E+00   0.2836574E-04   0.2851450E-03
 50.00    20.00   21  0.8229939E+00   0.9068469E-04   0.1986827E-03
 51.00    20.00   21  0.7500000E+00   0.1585160E-02   0.2500000E-03
 53.00    20.00   21  0.7500002E+00   0.9936829E+00   0.2500000E-03
 54.00    20.00   21  0.7500000E+00   0.1894185E-01   0.2500000E-03
 55.00    20.00   21  0.1891105E-01   0.3674016E-04   0.4213586E-03
 48.00    21.00   21  0.8903265E-05   0.3087780E-05   0.4991342E-03
 49.00    21.00   21  0.1881719E+00   0.2735576E-04   0.2930856E-03
 50.00    21.00   21  0.8580075E+00   0.5311582E-04   0.1717562E-03
 51.00    21.00   21  0.7500000E+00   0.2016101E-03   0.2500000E-03
 52.00    21.00   21  0.7500000E+00   0.4620403E-02   0.2500000E-03
 53.00    21.00   21  0.7500000E+00   0.6564028E-03   0.2500000E-03
 54.00    21.00   21  0.7499999E+00   0.7035007E-04   0.2500000E-03
 55.00    21.00   21  0.5747858E+00   0.9936100E-05   0.2145722E-03
 48.00    22.00   21  0.4955295E-09   0.3030533E-07   0.4999936E-03
 49.00    22.00   21  0.2475143E+00   0.3079389E-04   0.2516599E-03
 50.00    22.00   21  0.8685612E+00   0.4148229E-04   0.1632569E-03
 51.00    22.00   21  0.7500001E+00   0.4411498E-04   0.2500000E-03
 52.00    22.00   21  0.7500000E+00   0.1428901E-03   0.2500000E-03
 53.00    22.00   21  0.7500000E+00   0.2479145E-04   0.2500000E-03
 54.00    22.00   21  0.7499999E+00   0.9539386E-05   0.2500000E-03
 55.00    22.00   21  0.7441792E+00   0.8506674E-05   0.2480897E-03
 56.00    22.00   21  0.6631897E+00   0.1074756E-03   0.2271331E-03
 48.00    23.00   21  0.8916149E-04   0.6999842E-05   0.4972297E-03
 49.00    23.00   21  0.3389653E+00   0.3773966E-04   0.1938707E-03
 50.00    23.00   21  0.8550235E+00   0.3790970E-04   0.1741242E-03
 51.00    23.00   21  0.7500000E+00   0.3406044E-04   0.2500000E-03
 52.00    23.00   21  0.7500001E+00   0.2393372E-04   0.2500000E-03
 53.00    23.00   21  0.7500000E+00   0.1177013E-04   0.2500000E-03
 54.00    23.00   21  0.7500001E+00   0.1874277E-04   0.2500000E-03
 55.00    23.00   21  0.7500000E+00   0.9364000E-04   0.2500000E-03
 56.00    23.00   21  0.7500000E+00   0.3047358E-01   0.2500000E-03
 48.00    24.00   21  0.3536056E-02   0.2445459E-04   0.4810964E-03
 49.00    24.00   21  0.7183126E+00   0.5841573E-04   0.1099135E-04
 50.00    24.00   21  0.7899102E+00   0.1999732E-04   0.2226431E-03
 51.00    24.00   21  0.7500001E+00   0.1769699E-04   0.2500000E-03
 52.00    24.00   21  0.7500002E+00   0.1736318E-04   0.2500000E-03
 53.00    24.00   21  0.7499999E+00   0.7041507E-04   0.2500000E-03
 54.00    24.00   21  0.7500002E+00   0.1551436E-02   0.2500000E-03
 55.00    24.00   21  0.7500000E+00   0.3892601E+00   0.2500000E-03
 48.00    25.00   21  0.7471704E-02   0.8677536E-04   0.4714048E-03
 49.00    25.00   21  0.9672439E+00   0.8842935E-04  -0.3500556E-04
 50.00    25.00   21  0.7720237E+00   0.1625594E-04   0.2350952E-03
 51.00    25.00   21  0.7500000E+00   0.1643962E-04   0.2500000E-03
 52.00    25.00   21  0.7500000E+00   0.8147439E-04   0.2500000E-03
 53.00    25.00   21  0.7500002E+00   0.2161341E-01   0.2500000E-03
 48.00    26.00   21  0.3004788E-02   0.3946049E-03   0.4826974E-03
 49.00    26.00   21  0.9785846E+00   0.3092695E-03  -0.3108231E-04
 50.00    26.00   21  0.7765093E+00   0.5660993E-04   0.2320029E-03
 51.00    26.00   21  0.7499999E+00   0.1395101E-03   0.2500000E-03
 52.00    26.00   21  0.7500000E+00   0.6903477E-02   0.2500000E-03
 49.00    27.00   21  0.9917188E+00   0.6561039E-02   0.3030142E-04
 50.00    27.00   21  0.8045095E+00   0.1673115E-02   0.2122274E-03
 51.00    27.00   21  0.7500000E+00   0.2988336E-01   0.2500000E-03
 49.00    28.00   21  0.7500001E+00   0.1742259E+01   0.2500000E-03
 50.00    28.00   21  0.7499999E+00   0.1395349E+01   0.2500000E-03
 48.00    14.00   22  0.8733880E-06   0.8711723E-07   0.4997298E-03
 49.00    14.00   22  0.4807368E-06   0.1304500E-06   0.4997996E-03
 46.00    15.00   22  0.2068993E-07   0.8335400E-07   0.4999585E-03
 47.00    15.00   22  0.2894873E-06   0.4984458E-07   0.4998446E-03
 48.00    15.00   22  0.2091355E-05   0.1155178E-06   0.4995815E-03
 49.00    15.00   22  0.1181246E-04   0.3113800E-05   0.4990020E-03
 45.00    16.00   22  0.7868529E-06   0.1742460E-05   0.4997436E-03
 46.00    16.00   22  0.3999366E-04   0.6051042E-06   0.4981545E-03
 47.00    16.00   22  0.3079706E-04   0.4068609E-06   0.4983827E-03
 48.00    16.00   22  0.1833692E-03   0.7151015E-05   0.4959996E-03
 49.00    16.00   22  0.6422841E-03   0.2076233E-02   0.4923652E-03
 45.00    17.00   22  0.1487353E-03   0.4306825E-05   0.4964053E-03
 46.00    17.00   22  0.6911452E-02   0.5052527E-05   0.4726283E-03
 47.00    17.00   22  0.2477759E-01   0.1846314E-04   0.4427376E-03
 48.00    17.00   22  0.9988820E+00   0.8716164E-03  -0.9088195E-05
 49.00    17.00   22  0.7571993E+00   0.3179624E-02   0.2451772E-03
 50.00    17.00   22  0.7500002E+00   0.2627246E+02   0.2500000E-03
 45.00    18.00   22  0.5821291E-03   0.5749090E-05   0.4927460E-03
 46.00    18.00   22  0.1043911E+00   0.2724141E-04   0.3595371E-03
 47.00    18.00   22  0.7408794E+00   0.1132924E-03   0.3076624E-05
 48.00    18.00   22  0.9798173E+00   0.1210707E-03   0.5068645E-04
 49.00    18.00   22  0.7841861E+00   0.1519968E-03   0.2266638E-03
 50.00    18.00   22  0.7500000E+00   0.3474228E-02   0.2500000E-03
 45.00    19.00   22  0.2334276E-04   0.1302698E-05   0.4985937E-03
 46.00    19.00   22  0.1573295E-02   0.3483700E-05   0.4877721E-03
 47.00    19.00   22  0.5007146E-02   0.4545155E-05   0.4771207E-03
 48.00    19.00   22  0.7993345E-01   0.1709082E-04   0.3817474E-03
 49.00    19.00   22  0.9439469E+00   0.8634375E-04   0.9442872E-04
 50.00    19.00   22  0.7500660E+00   0.3613754E-03   0.2499560E-03
 51.00    19.00   22  0.7500000E+00   0.3559316E-01   0.2500000E-03
 47.00    20.00   22  0.1581964E-06   0.6378179E-07   0.4998851E-03
 48.00    20.00   22  0.4470428E-01   0.1694267E-04   0.4179921E-03
 49.00    20.00   22  0.9975705E+00   0.8452339E-04  -0.1299707E-04
 50.00    20.00   22  0.7519653E+00   0.1671563E-03   0.2486881E-03
 51.00    20.00   22  0.7499999E+00   0.4120313E-02   0.2500000E-03
 52.00    20.00   22  0.7500000E+00   0.2029721E+00   0.2500000E-03
 53.00    20.00   22  0.7500000E+00   0.3963634E+02   0.2500000E-03
 48.00    21.00   22  0.1302215E+00   0.5397464E-04   0.3377365E-03
 49.00    21.00   22  0.9984559E+00   0.7449289E-04   0.1210719E-04
 50.00    21.00   22  0.7559811E+00   0.1392220E-03   0.2459966E-03
 51.00    21.00   22  0.7500000E+00   0.7070996E-03   0.2500000E-03
 52.00    21.00   22  0.7500001E+00   0.1257627E-02   0.2500000E-03
 53.00    21.00   22  0.7500000E+00   0.1414865E-02   0.2500000E-03
 54.00    21.00   22  0.7000038E+00   0.2544168E-03   0.2354259E-03
 48.00    22.00   22  0.2411610E+00   0.1144402E-03   0.2559278E-03
 49.00    22.00   22  0.9983850E+00   0.7168372E-04   0.1239948E-04
 50.00    22.00   22  0.7646089E+00   0.9308365E-04   0.2401639E-03
 51.00    22.00   22  0.7500002E+00   0.7170755E-04   0.2500000E-03
 52.00    22.00   22  0.7500001E+00   0.6547977E-04   0.2500000E-03
 53.00    22.00   22  0.7500000E+00   0.3567072E-04   0.2500000E-03
 54.00    22.00   22  0.7318192E+00   0.1465063E-04   0.2442268E-03
 55.00    22.00   22  0.5656217E-01   0.4976708E-05   0.3666297E-03
 48.00    23.00   22  0.5502632E+00   0.1935415E-03   0.8126200E-04
 49.00    23.00   22  0.9794356E+00   0.6775251E-04   0.5125121E-04
 50.00    23.00   22  0.7585247E+00   0.4468971E-04   0.2442842E-03
 51.00    23.00   22  0.7500002E+00   0.2738215E-04   0.2500000E-03
 52.00    23.00   22  0.7500001E+00   0.2626906E-04   0.2500000E-03
 53.00    23.00   22  0.7500002E+00   0.1361343E-04   0.2500000E-03
 54.00    23.00   22  0.7490215E+00   0.1262205E-04   0.2496747E-03
 55.00    23.00   22  0.7226501E+00   0.4479538E-04   0.2415258E-03
 47.00    24.00   22  0.1204397E-03   0.1734440E-03   0.4967719E-03
 48.00    24.00   22  0.9911585E+00   0.1555757E-03  -0.2260291E-04
 49.00    24.00   22  0.8767660E+00   0.3731894E-04   0.1565062E-03
 50.00    24.00   22  0.7531319E+00   0.2408418E-04   0.2479077E-03
 51.00    24.00   22  0.7500002E+00   0.2598226E-04   0.2500000E-03
 52.00    24.00   22  0.7500001E+00   0.1785320E-04   0.2500000E-03
 53.00    24.00   22  0.7500000E+00   0.1912219E-04   0.2500000E-03
 54.00    24.00   22  0.7500000E+00   0.9633368E-04   0.2500000E-03
 55.00    24.00   22  0.7499998E+00   0.2983192E-02   0.2500001E-03
 47.00    25.00   22  0.3186492E-02   0.8150605E-03   0.4821373E-03
 48.00    25.00   22  0.9397850E+00   0.1070333E-03   0.9877878E-04
 49.00    25.00   22  0.8174223E+00   0.2412151E-04   0.2028099E-03
 50.00    25.00   22  0.7531059E+00   0.1821810E-04   0.2479251E-03
 51.00    25.00   22  0.7500001E+00   0.2208547E-04   0.2500000E-03
 52.00    25.00   22  0.7500000E+00   0.3130026E-04   0.2500000E-03
 53.00    25.00   22  0.7500001E+00   0.2645286E-03   0.2500000E-03
 54.00    25.00   22  0.7500000E+00   0.5749924E-01   0.2500000E-03
 47.00    26.00   22  0.1610248E-03   0.1009965E-02   0.4962566E-03
 48.00    26.00   22  0.9539124E+00   0.2289463E-03   0.8357168E-04
 49.00    26.00   22  0.8128200E+00   0.2943664E-04   0.2061894E-03
 50.00    26.00   22  0.7554260E+00   0.1920477E-04   0.2463694E-03
 51.00    26.00   22  0.7500000E+00   0.3117031E-04   0.2500000E-03
 52.00    26.00   22  0.7500000E+00   0.2963678E-03   0.2500000E-03
 53.00    26.00   22  0.7499999E+00   0.7749612E+00   0.2500000E-03
 48.00    27.00   22  0.9992987E+00   0.1811842E-02   0.7992261E-05
 49.00    27.00   22  0.8180870E+00   0.8111782E-04   0.2023196E-03
 50.00    27.00   22  0.7585469E+00   0.5174044E-04   0.2442692E-03
 51.00    27.00   22  0.7500000E+00   0.2024513E-03   0.2500000E-03
 52.00    27.00   22  0.7499999E+00   0.3409332E-01   0.2500000E-03
 48.00    28.00   22  0.2429608E+00   0.2773476E-01   0.2547151E-03
 49.00    28.00   22  0.9135778E+00   0.1358344E-02   0.1243249E-03
 50.00    28.00   22  0.7715152E+00   0.1078261E-02   0.2354446E-03
 51.00    28.00   22  0.7500001E+00   0.1541524E-01   0.2500000E-03
 49.00    29.00   22  0.1910362E+00   0.9399921E-01   0.2909987E-03
 50.00    29.00   22  0.9565970E+00   0.8627683E+00   0.8052285E-04
 47.00    14.00   23  0.1116859E-08   0.3051375E-07   0.4999904E-03
 48.00    14.00   23  0.6044941E-07   0.2503759E-07   0.4999290E-03
 49.00    14.00   23  0.3905002E-08   0.2380568E-07   0.4999820E-03
 46.00    15.00   23  0.7836562E-07   0.9152426E-07   0.4999192E-03
 47.00    15.00   23  0.1148320E-06   0.2201253E-07   0.4999021E-03
 48.00    15.00   23  0.2111275E-05   0.1205724E-06   0.4995795E-03
 49.00    15.00   23  0.9117175E-06   0.1532506E-05   0.4997239E-03
 45.00    16.00   23  0.1024765E-05   0.1033283E-05   0.4997073E-03
 46.00    16.00   23  0.1024607E-03   0.6156654E-06   0.4970269E-03
 47.00    16.00   23  0.2549742E-03   0.1297690E-05   0.4952636E-03
 48.00    16.00   23  0.1475560E-03   0.8457722E-05   0.4964199E-03
 45.00    17.00   23  0.9704593E-03   0.6363015E-05   0.4905263E-03
 46.00    17.00   23  0.5529486E-02   0.4300556E-05   0.4758287E-03
 47.00    17.00   23  0.6227424E-01   0.1281628E-03   0.3991037E-03
 48.00    17.00   23  0.8078539E+00   0.5829497E-02   0.2098073E-03
 49.00    17.00   23  0.7500000E+00   0.1261737E+00   0.2500000E-03
 45.00    18.00   23  0.4552341E-02   0.8267415E-05   0.4782910E-03
 46.00    18.00   23  0.1146791E+00   0.2318045E-04   0.3506786E-03
 47.00    18.00   23  0.9948052E+00   0.1458547E-03   0.2334989E-04
 48.00    18.00   23  0.8275842E+00   0.1329463E-03   0.1952525E-03
 49.00    18.00   23  0.7578157E+00   0.5432261E-03   0.2447622E-03
 50.00    18.00   23  0.7500001E+00   0.1140494E+00   0.2500000E-03
 45.00    19.00   23  0.2829151E-02   0.6848075E-05   0.4832526E-03
 46.00    19.00   23  0.1347938E+00   0.2967165E-04   0.3340196E-03
 47.00    19.00   23  0.2088692E+00   0.3327106E-04   0.2782187E-03
 48.00    19.00   23  0.4664155E+00   0.5006228E-04   0.1227806E-03
 49.00    19.00   23  0.8097687E+00   0.1069492E-03   0.2084159E-03
 50.00    19.00   23  0.7499999E+00   0.1548795E-02   0.2500000E-03
 51.00    19.00   23  0.7500001E+00   0.3615952E-01   0.2500000E-03
 52.00    19.00   23  0.7499999E+00   0.1968752E+00   0.2500000E-03
 45.00    20.00   23  0.1489899E-05   0.1911582E-06   0.4996469E-03
 46.00    20.00   23  0.5614735E-04   0.5154666E-06   0.4978089E-03
 47.00    20.00   23  0.1120551E-03   0.5988912E-06   0.4968884E-03
 48.00    20.00   23  0.9296199E-01   0.1703179E-04   0.3696938E-03
 49.00    20.00   23  0.8818986E+00   0.6467614E-04   0.1522143E-03
 50.00    20.00   23  0.7500000E+00   0.1113057E-03   0.2500000E-03
 51.00    20.00   23  0.7500001E+00   0.3856829E-03   0.2500000E-03
 52.00    20.00   23  0.7500000E+00   0.4180267E-02   0.2500000E-03
 47.00    21.00   23  0.7127105E-07   0.2046692E-06   0.4999229E-03
 48.00    21.00   23  0.2623721E+00   0.4260003E-04   0.2418189E-03
 49.00    21.00   23  0.8973281E+00   0.4867616E-04   0.1389576E-03
 50.00    21.00   23  0.7500000E+00   0.5942157E-04   0.2500000E-03
 51.00    21.00   23  0.7500000E+00   0.1101211E-03   0.2500000E-03
 52.00    21.00   23  0.7500001E+00   0.1054623E-02   0.2500000E-03
 53.00    21.00   23  0.7499999E+00   0.1840584E-01   0.2500000E-03
 54.00    21.00   23  0.5930832E-01   0.3771990E-02   0.3636294E-03
 48.00    22.00   23  0.4220665E+00   0.7301036E-04   0.1463932E-03
 49.00    22.00   23  0.9133291E+00   0.4241312E-04   0.1245548E-03
 50.00    22.00   23  0.7500071E+00   0.6043109E-04   0.2499953E-03
 51.00    22.00   23  0.7500001E+00   0.4481020E-04   0.2500000E-03
 52.00    22.00   23  0.7500001E+00   0.8306995E-04   0.2500000E-03
 53.00    22.00   23  0.7499788E+00   0.6423131E-04   0.2499929E-03
 54.00    22.00   23  0.3089785E+00   0.2401646E-04   0.2332224E-03
 48.00    23.00   23  0.7669453E+00   0.1353033E-03  -0.5517795E-05
 49.00    23.00   23  0.8866796E+00   0.4352832E-04   0.1481656E-03
 50.00    23.00   23  0.7500092E+00   0.4517537E-04   0.2499939E-03
 51.00    23.00   23  0.7500000E+00   0.2548643E-04   0.2500000E-03
 52.00    23.00   23  0.7499999E+00   0.2374654E-04   0.2500000E-03
 53.00    23.00   23  0.7499824E+00   0.1361068E-04   0.2499941E-03
 54.00    23.00   23  0.6070939E+00   0.9919419E-05   0.2180243E-03
 47.00    24.00   23  0.1193911E-02   0.1862178E-03   0.4894344E-03
 48.00    24.00   23  0.9996458E+00   0.1080023E-03  -0.5254580E-05
 49.00    24.00   23  0.8172640E+00   0.3263944E-04   0.2029264E-03
 50.00    24.00   23  0.7500054E+00   0.1837471E-04   0.2499964E-03
 51.00    24.00   23  0.7500001E+00   0.1938092E-04   0.2500000E-03
 52.00    24.00   23  0.7500001E+00   0.1895808E-04   0.2500000E-03
 53.00    24.00   23  0.7500001E+00   0.1442164E-04   0.2500000E-03
 54.00    24.00   23  0.7487643E+00   0.2567424E-04   0.2495896E-03
 55.00    24.00   23  0.7303988E+00   0.4156173E-03   0.2437994E-03
 47.00    25.00   23  0.1576538E-01   0.3218976E-03   0.4561580E-03
 48.00    25.00   23  0.9350401E+00   0.6183767E-04   0.1036255E-03
 49.00    25.00   23  0.7779261E+00   0.1829351E-04   0.2310221E-03
 50.00    25.00   23  0.7500607E+00   0.1425077E-04   0.2499595E-03
 51.00    25.00   23  0.7500001E+00   0.2485136E-04   0.2500000E-03
 52.00    25.00   23  0.7499999E+00   0.2029016E-04   0.2500000E-03
 53.00    25.00   23  0.7500000E+00   0.5585673E-04   0.2500000E-03
 54.00    25.00   23  0.7500001E+00   0.1011398E-02   0.2500000E-03
 55.00    25.00   23  0.7500000E+00   0.6568500E+00   0.2500000E-03
 47.00    26.00   23  0.4018228E-01   0.1836215E-02   0.4232170E-03
 48.00    26.00   23  0.9002991E+00   0.9526005E-04   0.1363378E-03
 49.00    26.00   23  0.7883759E+00   0.2051218E-04   0.2237242E-03
 50.00    26.00   23  0.7525007E+00   0.1923163E-04   0.2483302E-03
 51.00    26.00   23  0.7500001E+00   0.2482502E-04   0.2500000E-03
 52.00    26.00   23  0.7500000E+00   0.5766986E-04   0.2500000E-03
 53.00    26.00   23  0.7500001E+00   0.3448512E-02   0.2500000E-03
 48.00    27.00   23  0.9598742E+00   0.7179704E-03   0.7671682E-04
 49.00    27.00   23  0.8123100E+00   0.4777493E-04   0.2065625E-03
 50.00    27.00   23  0.7591356E+00   0.2482811E-04   0.2438720E-03
 51.00    27.00   23  0.7500008E+00   0.4213075E-04   0.2499995E-03
 52.00    27.00   23  0.7499999E+00   0.8064182E-03   0.2500000E-03
 48.00    28.00   23  0.3160987E+00   0.1529094E-01   0.2077305E-03
 49.00    28.00   23  0.8646021E+00   0.3212157E-03   0.1664686E-03
 50.00    28.00   23  0.7672722E+00   0.8900605E-04   0.2383494E-03
 51.00    28.00   23  0.7500538E+00   0.3608527E-03   0.2499643E-03
 52.00    28.00   23  0.7500001E+00   0.3435680E+00   0.2500000E-03
 49.00    29.00   23  0.9434292E+00   0.1622912E-01  -0.3840448E-04
 50.00    29.00   23  0.8561286E+00   0.5424567E-02   0.1732490E-03
 51.00    29.00   23  0.7500001E+00   0.7367953E-01   0.2500000E-03
 46.00    15.00   24  0.1769242E-07   0.4522784E-07   0.4999616E-03
 47.00    15.00   24  0.1615644E-07   0.9666236E-08   0.4999633E-03
 48.00    15.00   24  0.1348050E-07   0.1735832E-07   0.4999665E-03
 46.00    16.00   24  0.2224719E-04   0.3153837E-06   0.4986273E-03
 47.00    16.00   24  0.5359215E-04   0.8515582E-06   0.4978600E-03
 48.00    16.00   24  0.8380969E-04   0.1863599E-04   0.4973155E-03
 45.00    17.00   24  0.1887224E-03   0.2562221E-05   0.4959403E-03
 46.00    17.00   24  0.2336399E-02   0.3740179E-05   0.4848946E-03
 47.00    17.00   24  0.4229698E-01   0.4082484E-03   0.4207511E-03
 48.00    17.00   24  0.8160309E+00   0.3490802E+00   0.2038343E-03
 45.00    18.00   24  0.2471663E-02   0.5045644E-05   0.4844302E-03
 46.00    18.00   24  0.3550757E-01   0.1729846E-04   0.4288243E-03
 47.00    18.00   24  0.9063256E+00   0.2684151E-03   0.1309499E-03
 48.00    18.00   24  0.7636215E+00   0.2832740E-03   0.2408350E-03
 49.00    18.00   24  0.7520567E+00   0.2985914E-02   0.2486270E-03
 45.00    19.00   24  0.1035638E-01   0.9848272E-05   0.4655969E-03
 46.00    19.00   24  0.3663877E+00   0.5436318E-04   0.1777175E-03
 47.00    19.00   24  0.8699505E+00   0.9547474E-04  -0.3207341E-04
 48.00    19.00   24  0.9651064E+00   0.1041349E-03  -0.3552809E-04
 49.00    19.00   24  0.7727451E+00   0.2326888E-03   0.2345994E-03
 50.00    19.00   24  0.7500001E+00   0.1918963E-01   0.2500000E-03
 51.00    19.00   24  0.7500000E+00   0.8622620E+00   0.2500000E-03
 45.00    20.00   24  0.8245634E-03   0.3071927E-05   0.4913018E-03
 46.00    20.00   24  0.6693221E-02   0.4996647E-05   0.4731154E-03
 47.00    20.00   24  0.3103282E-02   0.2616750E-05   0.4823921E-03
 48.00    20.00   24  0.1873458E+00   0.2775909E-04   0.2936893E-03
 49.00    20.00   24  0.8017461E+00   0.8239302E-04   0.2142173E-03
 50.00    20.00   24  0.7500003E+00   0.2129740E-03   0.2500000E-03
 51.00    20.00   24  0.7500001E+00   0.1190044E-02   0.2500000E-03
 52.00    20.00   24  0.7499999E+00   0.2081110E-01   0.2500001E-03
 45.00    21.00   24  0.1542697E-08   0.8510369E-08   0.4999887E-03
 46.00    21.00   24  0.3833811E-08   0.9192227E-08   0.4999822E-03
 47.00    21.00   24  0.7468652E-05   0.5729412E-06   0.4992074E-03
 48.00    21.00   24  0.4747918E+00   0.5618299E-04   0.1184501E-03
 49.00    21.00   24  0.8148412E+00   0.5666864E-04   0.2047085E-03
 50.00    21.00   24  0.7500000E+00   0.5269585E-04   0.2500000E-03
 51.00    21.00   24  0.7500000E+00   0.1872360E-03   0.2500000E-03
 52.00    21.00   24  0.7500000E+00   0.7554654E-02   0.2500000E-03
 47.00    22.00   24  0.9906953E-06   0.6938137E-06   0.4997122E-03
 48.00    22.00   24  0.5006200E+00   0.6876769E-04   0.1053526E-03
 49.00    22.00   24  0.8450990E+00   0.5720228E-04   0.1818961E-03
 50.00    22.00   24  0.7500000E+00   0.4369034E-04   0.2500000E-03
 51.00    22.00   24  0.7500000E+00   0.6796433E-04   0.2500000E-03
 52.00    22.00   24  0.7500000E+00   0.5860625E-03   0.2500000E-03
 53.00    22.00   24  0.7394201E+00   0.5052542E-03   0.2465715E-03
 47.00    23.00   24  0.4772181E-09   0.2539414E-07   0.4999937E-03
 48.00    23.00   24  0.8352376E+00   0.1136172E-03  -0.2470741E-04
 49.00    23.00   24  0.8344257E+00   0.4802204E-04   0.1900872E-03
 50.00    23.00   24  0.7499999E+00   0.4283050E-04   0.2500000E-03
 51.00    23.00   24  0.7500001E+00   0.3564642E-04   0.2500000E-03
 52.00    23.00   24  0.7500000E+00   0.4065874E-04   0.2500000E-03
 53.00    23.00   24  0.7365750E+00   0.1819814E-04   0.2456824E-03
 47.00    24.00   24  0.5919787E-02   0.2517505E-03   0.4748953E-03
 48.00    24.00   24  0.9996694E+00   0.9990641E-04   0.5412498E-05
 49.00    24.00   24  0.7952333E+00   0.3812988E-04   0.2188728E-03
 50.00    24.00   24  0.7500000E+00   0.2220001E-04   0.2500000E-03
 51.00    24.00   24  0.7500001E+00   0.2185338E-04   0.2500000E-03
 52.00    24.00   24  0.7500001E+00   0.1692710E-04   0.2500000E-03
 53.00    24.00   24  0.7462461E+00   0.1102707E-04   0.2487612E-03
 54.00    24.00   24  0.5540144E+00   0.1495324E-04   0.2130143E-03
 47.00    25.00   24  0.1701540E+00   0.6512501E-03   0.3064481E-03
 48.00    25.00   24  0.9337021E+00   0.5578204E-04   0.1049719E-03
 49.00    25.00   24  0.7686795E+00   0.2049374E-04   0.2373879E-03
 50.00    25.00   24  0.7500001E+00   0.1333379E-04   0.2500000E-03
 51.00    25.00   24  0.7500000E+00   0.2338003E-04   0.2500000E-03
 52.00    25.00   24  0.7500000E+00   0.1874997E-04   0.2500000E-03
 53.00    25.00   24  0.7499999E+00   0.2749525E-04   0.2500001E-03
 54.00    25.00   24  0.7500001E+00   0.1602517E-03   0.2500000E-03
 55.00    25.00   24  0.7500000E+00   0.4609782E-01   0.2500000E-03
 47.00    26.00   24  0.4308575E+00   0.1619958E-02   0.1416204E-03
 48.00    26.00   24  0.8723102E+00   0.5145699E-04   0.1601885E-03
 49.00    26.00   24  0.7704135E+00   0.1689293E-04   0.2362004E-03
 50.00    26.00   24  0.7504442E+00   0.1810178E-04   0.2497039E-03
 51.00    26.00   24  0.7500001E+00   0.2821689E-04   0.2500000E-03
 52.00    26.00   24  0.7500000E+00   0.3182208E-04   0.2500000E-03
 53.00    26.00   24  0.7500000E+00   0.4378470E-03   0.2500000E-03
 54.00    26.00   24  0.7500001E+00   0.4967588E+00   0.2500000E-03
 47.00    27.00   24  0.3209936E+00   0.3371362E-01   0.2047328E-03
 48.00    27.00   24  0.9131399E+00   0.2625350E-03   0.1247293E-03
 49.00    27.00   24  0.8055325E+00   0.4120106E-04   0.2114885E-03
 50.00    27.00   24  0.7575749E+00   0.2456383E-04   0.2449243E-03
 51.00    27.00   24  0.7500000E+00   0.2794674E-04   0.2500000E-03
 52.00    27.00   24  0.7500000E+00   0.1570290E-03   0.2500000E-03
 53.00    27.00   24  0.7500001E+00   0.2550835E+00   0.2500000E-03
 48.00    28.00   24  0.8311896E+00   0.2211807E-01  -0.2372800E-04
 49.00    28.00   24  0.8522963E+00   0.2220779E-03   0.1762755E-03
 50.00    28.00   24  0.7695190E+00   0.4147240E-04   0.2368133E-03
 51.00    28.00   24  0.7502117E+00   0.7096159E-04   0.2498589E-03
 52.00    28.00   24  0.7500001E+00   0.3423976E-02   0.2500000E-03
 49.00    29.00   24  0.9987430E+00   0.5944892E-02  -0.9599316E-05
 50.00    29.00   24  0.8098521E+00   0.4980431E-03   0.2083553E-03
 51.00    29.00   24  0.7538927E+00   0.1466676E-02   0.2473982E-03
 52.00    29.00   24  0.7500000E+00   0.3218258E+01   0.2500000E-03
 49.00    30.00   24  0.8681218E-02   0.1539527E-01   0.4688797E-03
 50.00    30.00   24  0.1205376E+00   0.3106087E-01   0.3457417E-03
 51.00    30.00   24  0.9748529E+00   0.2716658E+03  -0.3262481E-04
 46.00    15.00   25  0.2079605E-07   0.4024893E-07   0.4999584E-03
 47.00    15.00   25  0.4180780E-09   0.1837375E-08   0.4999941E-03
 45.00    16.00   25  0.1507324E-09   0.1548817E-07   0.4999965E-03
 46.00    16.00   25  0.9061253E-05   0.2271311E-06   0.4991265E-03
 47.00    16.00   25  0.7704633E-05   0.5207865E-06   0.4991949E-03
 45.00    17.00   25  0.5833498E-04   0.1528357E-05   0.4977661E-03
 46.00    17.00   25  0.5820872E-03   0.2355382E-05   0.4927463E-03
 47.00    17.00   25  0.8750059E-02   0.4090883E-03   0.4687402E-03
 48.00    17.00   25  0.7500000E+00   0.3753132E+01   0.2500000E-03
 44.00    18.00   25  0.8935832E-07   0.4125957E-05   0.4999137E-03
 45.00    18.00   25  0.1247680E-02   0.3284152E-05   0.4891858E-03
 46.00    18.00   25  0.2144305E-01   0.2376806E-04   0.4474622E-03
 47.00    18.00   25  0.8598544E+00   0.5461516E-03   0.1702828E-03
 48.00    18.00   25  0.7510743E+00   0.8578167E-03   0.2492832E-03
 49.00    18.00   25  0.7500001E+00   0.1417586E-01   0.2500000E-03
 44.00    19.00   25  0.2949124E-04   0.7984397E-05   0.4984176E-03
 45.00    19.00   25  0.9096300E-02   0.6089835E-05   0.4680451E-03
 46.00    19.00   25  0.3900959E+00   0.6616222E-04   0.1641445E-03
 47.00    19.00   25  0.9997493E+00   0.1054271E-03  -0.4443922E-05
 48.00    19.00   25  0.9814256E+00   0.1215340E-03   0.4826285E-04
 49.00    19.00   25  0.7574423E+00   0.5245287E-03   0.2450135E-03
 50.00    19.00   25  0.7500001E+00   0.3192568E+00   0.2500000E-03
 44.00    20.00   25  0.1988768E-04   0.5461656E-05   0.4987027E-03
 45.00    20.00   25  0.9331075E-02   0.7127380E-05   0.4675796E-03
 46.00    20.00   25  0.5424414E-01   0.1504159E-04   0.4074934E-03
 47.00    20.00   25  0.1472274E-01   0.5533861E-05   0.4578704E-03
 48.00    20.00   25  0.4471661E+00   0.5487353E-04   0.1328875E-03
 49.00    20.00   25  0.7636258E+00   0.1191349E-03   0.2408321E-03
 50.00    20.00   25  0.7500001E+00   0.9075186E-03   0.2500000E-03
 51.00    20.00   25  0.7500001E+00   0.2723998E-01   0.2500000E-03
 44.00    21.00   25  0.4893369E-07   0.6763305E-06   0.4999362E-03
 45.00    21.00   25  0.1399989E-04   0.3822749E-06   0.4989129E-03
 46.00    21.00   25  0.7206156E-05   0.1868241E-06   0.4992215E-03
 47.00    21.00   25  0.1657758E-03   0.1220099E-05   0.4962006E-03
 48.00    21.00   25  0.7319448E+00   0.6629046E-04   0.6160000E-05
 49.00    21.00   25  0.7661067E+00   0.5621563E-04   0.2391443E-03
 50.00    21.00   25  0.7500001E+00   0.8790538E-04   0.2500000E-03
 51.00    21.00   25  0.7500002E+00   0.9736778E-03   0.2500000E-03
 52.00    21.00   25  0.7500000E+00   0.2279726E+00   0.2500000E-03
 47.00    22.00   25  0.5188312E-03   0.8660207E-05   0.4931669E-03
 48.00    22.00   25  0.7981830E+00   0.7680007E-04  -0.1495308E-04
 49.00    22.00   25  0.7788869E+00   0.5337471E-04   0.2303557E-03
 50.00    22.00   25  0.7500000E+00   0.5657423E-04   0.2500000E-03
 51.00    22.00   25  0.7500001E+00   0.4558836E-03   0.2500000E-03
 52.00    22.00   25  0.7499999E+00   0.4904519E+00   0.2500000E-03
 53.00    22.00   25  0.2132243E+00   0.1769351E-01   0.2635261E-03
 47.00    23.00   25  0.1435241E-04   0.2096250E-05   0.4988992E-03
 48.00    23.00   25  0.8917886E+00   0.9878227E-04  -0.3557047E-04
 49.00    23.00   25  0.7931781E+00   0.5136914E-04   0.2203322E-03
 50.00    23.00   25  0.7500000E+00   0.3668427E-04   0.2500000E-03
 51.00    23.00   25  0.7500000E+00   0.1068144E-03   0.2500000E-03
 52.00    23.00   25  0.7499825E+00   0.2490685E-03   0.2499941E-03
 53.00    23.00   25  0.4574444E+00   0.7025732E-04   0.2123723E-03
 47.00    24.00   25  0.8404620E-02   0.1329375E-03   0.4694444E-03
 48.00    24.00   25  0.9973961E+00   0.9004875E-04   0.1601331E-04
 49.00    24.00   25  0.7782540E+00   0.4799519E-04   0.2307948E-03
 50.00    24.00   25  0.7500001E+00   0.3103701E-04   0.2500000E-03
 51.00    24.00   25  0.7500000E+00   0.3471560E-04   0.2500000E-03
 52.00    24.00   25  0.7499958E+00   0.1969143E-04   0.2499986E-03
 53.00    24.00   25  0.6254255E+00   0.1012870E-04   0.2205551E-03
 47.00    25.00   25  0.5695832E+00   0.8006721E-03   0.7227540E-04
 48.00    25.00   25  0.9157856E+00   0.5435442E-04   0.1222751E-03
 49.00    25.00   25  0.7580660E+00   0.2466044E-04   0.2445934E-03
 50.00    25.00   25  0.7500001E+00   0.1592677E-04   0.2500000E-03
 51.00    25.00   25  0.7500002E+00   0.2051703E-04   0.2500000E-03
 52.00    25.00   25  0.7500000E+00   0.1418972E-04   0.2500000E-03
 53.00    25.00   25  0.7424766E+00   0.1451572E-04   0.2475421E-03
 54.00    25.00   25  0.6762438E+00   0.6385401E-04   0.2298530E-03
 47.00    26.00   25  0.9049633E+00   0.7488424E-03  -0.3714010E-04
 48.00    26.00   25  0.8494152E+00   0.3358515E-04   0.1785352E-03
 49.00    26.00   25  0.7567356E+00   0.1442232E-04   0.2454893E-03
 50.00    26.00   25  0.7500098E+00   0.1569614E-04   0.2499935E-03
 51.00    26.00   25  0.7500001E+00   0.2584654E-04   0.2500000E-03
 52.00    26.00   25  0.7500000E+00   0.2000340E-04   0.2500000E-03
 53.00    26.00   25  0.7500001E+00   0.1037287E-03   0.2500000E-03
 54.00    26.00   25  0.7500000E+00   0.9500572E-02   0.2500000E-03
 47.00    27.00   25  0.8677178E+00   0.4456520E-02  -0.3166124E-04
 48.00    27.00   25  0.8595720E+00   0.7422664E-04   0.1705086E-03
 49.00    27.00   25  0.7814597E+00   0.2244556E-04   0.2285669E-03
 50.00    27.00   25  0.7533342E+00   0.2270277E-04   0.2477723E-03
 51.00    27.00   25  0.7500012E+00   0.2481216E-04   0.2499992E-03
 52.00    27.00   25  0.7499999E+00   0.5421104E-04   0.2500000E-03
 53.00    27.00   25  0.7500001E+00   0.6438404E-02   0.2500000E-03
 47.00    28.00   25  0.1600059E-02   0.2034979E-01   0.4876620E-03
 48.00    28.00   25  0.9820160E+00   0.1817184E-02   0.4735496E-04
 49.00    28.00   25  0.8355338E+00   0.1103978E-03   0.1892445E-03
 50.00    28.00   25  0.7660758E+00   0.2900574E-04   0.2391653E-03
 51.00    28.00   25  0.7500727E+00   0.2976986E-04   0.2499516E-03
 52.00    28.00   25  0.7500001E+00   0.3078104E-03   0.2500000E-03
 48.00    29.00   25  0.9968143E+00   0.1746646E+02   0.1786021E-04
 49.00    29.00   25  0.9438955E+00   0.2110922E-02   0.9448337E-04
 50.00    29.00   25  0.7799264E+00   0.1043409E-03   0.2296337E-03
 51.00    29.00   25  0.7505369E+00   0.1191466E-03   0.2496419E-03
 52.00    29.00   25  0.7499999E+00   0.6927766E-02   0.2500001E-03
 49.00    30.00   25  0.8602823E-01   0.2773434E-01   0.3760398E-03
 50.00    30.00   25  0.9972944E+00   0.6161120E-02   0.1634841E-04
 51.00    30.00   25  0.7505165E+00   0.8296903E-02   0.2496557E-03
 52.00    30.00   25  0.7500001E+00   0.7246245E+01   0.2500000E-03
 46.00    15.00   26  0.2447976E-07   0.3217880E-07   0.4999549E-03
 47.00    15.00   26  0.1120548E-08   0.3772774E-08   0.4999904E-03
 45.00    16.00   26  0.5896593E-05   0.3266647E-05   0.4992961E-03
 46.00    16.00   26  0.9447919E-04   0.7429760E-06   0.4971470E-03
 47.00    16.00   26  0.5013047E-04   0.2187691E-05   0.4979311E-03
 45.00    17.00   26  0.1819756E-06   0.1053866E-06   0.4998768E-03
 46.00    17.00   26  0.2395133E-04   0.5856902E-06   0.4985753E-03
 47.00    17.00   26  0.5731678E-04   0.6441738E-04   0.4977859E-03
 44.00    18.00   26  0.3839599E-07   0.1772697E-05   0.4999434E-03
 45.00    18.00   26  0.2961245E-03   0.1924887E-05   0.4948851E-03
 46.00    18.00   26  0.3844494E-02   0.1553576E-04   0.4802132E-03
 47.00    18.00   26  0.8603025E+00   0.1869549E-02   0.1699247E-03
 48.00    18.00   26  0.7554911E+00   0.3411225E-02   0.2463257E-03
 49.00    18.00   26  0.7500000E+00   0.4925771E-01   0.2500000E-03
 44.00    19.00   26  0.3393916E-03   0.1100297E-04   0.4945131E-03
 45.00    19.00   26  0.6116023E-02   0.5200668E-05   0.4744353E-03
 46.00    19.00   26  0.6411317E+00   0.1292724E-03   0.4096577E-04
 47.00    19.00   26  0.9591685E+00   0.1100966E-03   0.7754433E-04
 48.00    19.00   26  0.9145986E+00   0.1293056E-03   0.1233792E-03
 49.00    19.00   26  0.7527583E+00   0.6400532E-03   0.2481578E-03
 44.00    20.00   26  0.1987472E-02   0.1342590E-04   0.4861496E-03
 45.00    20.00   26  0.3183501E-01   0.1072522E-04   0.4334025E-03
 46.00    20.00   26  0.1591966E+00   0.2797653E-04   0.3147873E-03
 47.00    20.00   26  0.4369511E-01   0.9060906E-05   0.4191427E-03
 48.00    20.00   26  0.6941783E+00   0.6598653E-04   0.1990242E-04
 49.00    20.00   26  0.7565127E+00   0.1553251E-03   0.2456392E-03
 50.00    20.00   26  0.7500001E+00   0.5297475E-02   0.2500000E-03
 51.00    20.00   26  0.7500001E+00   0.2351234E+02   0.2500000E-03
 44.00    21.00   26  0.2072429E-03   0.9037527E-05   0.4957411E-03
 45.00    21.00   26  0.1027806E-02   0.2177770E-05   0.4902361E-03
 46.00    21.00   26  0.1823692E-03   0.7348368E-06   0.4960108E-03
 47.00    21.00   26  0.1326675E-02   0.2029146E-05   0.4888291E-03
 48.00    21.00   26  0.8650215E+00   0.6780239E-04  -0.3115117E-04
 49.00    21.00   26  0.7520121E+00   0.6363934E-04   0.2486568E-03
 50.00    21.00   26  0.7499999E+00   0.2371697E-03   0.2500000E-03
 51.00    21.00   26  0.7500001E+00   0.1981769E-01   0.2500000E-03
 47.00    22.00   26  0.1901155E-01   0.2788192E-04   0.4510712E-03
 48.00    22.00   26  0.9944660E+00   0.6792628E-04  -0.1864834E-04
 49.00    22.00   26  0.7525362E+00   0.4840218E-04   0.2483064E-03
 50.00    22.00   26  0.7500000E+00   0.9338409E-04   0.2500000E-03
 51.00    22.00   26  0.7500001E+00   0.1740343E-02   0.2500000E-03
 47.00    23.00   26  0.2778477E-02   0.1366794E-04   0.4834155E-03
 48.00    23.00   26  0.9811198E+00   0.7829736E-04  -0.2984906E-04
 49.00    23.00   26  0.7625892E+00   0.4727429E-04   0.2415356E-03
 50.00    23.00   26  0.7500000E+00   0.7038323E-04   0.2500000E-03
 51.00    23.00   26  0.7500001E+00   0.1785288E-02   0.2500000E-03
 52.00    23.00   26  0.7422207E+00   0.1673666E-01   0.2474602E-03
 47.00    24.00   26  0.1130764E-01   0.5945501E-04   0.4638233E-03
 48.00    24.00   26  0.9947792E+00   0.7166905E-04   0.2341392E-04
 49.00    24.00   26  0.7616114E+00   0.4345430E-04   0.2421982E-03
 50.00    24.00   26  0.7499999E+00   0.3741219E-04   0.2500000E-03
 51.00    24.00   26  0.7499998E+00   0.1013226E-03   0.2500001E-03
 52.00    24.00   26  0.7484843E+00   0.5149398E-04   0.2494968E-03
 53.00    24.00   26  0.6224754E-01   0.6742497E-05   0.3605096E-03
 47.00    25.00   26  0.5220312E+00   0.5976971E-03   0.9478704E-04
 48.00    25.00   26  0.9106447E+00   0.5182407E-04   0.1270239E-03
 49.00    25.00   26  0.7534347E+00   0.2984961E-04   0.2477050E-03
 50.00    25.00   26  0.7500001E+00   0.2288245E-04   0.2500000E-03
 51.00    25.00   26  0.7500000E+00   0.2227144E-04   0.2500000E-03
 52.00    25.00   26  0.7496809E+00   0.1099232E-04   0.2498937E-03
 53.00    25.00   26  0.6348734E+00   0.9210865E-05   0.2220257E-03
 47.00    26.00   26  0.9825362E+00   0.4957574E-03  -0.2908206E-04
 48.00    26.00   26  0.8323999E+00   0.3230733E-04   0.1916234E-03
 49.00    26.00   26  0.7510734E+00   0.1408297E-04   0.2492839E-03
 50.00    26.00   26  0.7499999E+00   0.1497022E-04   0.2500000E-03
 51.00    26.00   26  0.7500001E+00   0.1947177E-04   0.2500000E-03
 52.00    26.00   26  0.7500000E+00   0.1446794E-04   0.2500000E-03
 53.00    26.00   26  0.7500000E+00   0.4532385E-04   0.2500000E-03
 54.00    26.00   26  0.7500000E+00   0.1552039E-02   0.2500000E-03
 47.00    27.00   26  0.9956789E+00   0.1481465E-02  -0.1677457E-04
 48.00    27.00   26  0.8313206E+00   0.4002090E-04   0.1924395E-03
 49.00    27.00   26  0.7604094E+00   0.1427003E-04   0.2430117E-03
 50.00    27.00   26  0.7504362E+00   0.1896123E-04   0.2497092E-03
 51.00    27.00   26  0.7500002E+00   0.2365461E-04   0.2500000E-03
 52.00    27.00   26  0.7499999E+00   0.3153199E-04   0.2500000E-03
 53.00    27.00   26  0.7500001E+00   0.1402964E-02   0.2500000E-03
 47.00    28.00   26  0.1557966E+00   0.5310478E-01   0.3174101E-03
 48.00    28.00   26  0.9055586E+00   0.3571589E-03   0.1316414E-03
 49.00    28.00   26  0.8102412E+00   0.5136174E-04   0.2080718E-03
 50.00    28.00   26  0.7608613E+00   0.2453804E-04   0.2427059E-03
 51.00    28.00   26  0.7500126E+00   0.2323230E-04   0.2499916E-03
 52.00    28.00   26  0.7500001E+00   0.1084822E-03   0.2500000E-03
 53.00    28.00   26  0.7499999E+00   0.3303736E+01   0.2500000E-03
 48.00    29.00   26  0.7846633E+00   0.1770857E+00  -0.1099327E-04
 49.00    29.00   26  0.9436942E+00   0.6489826E-03   0.9469592E-04
 50.00    29.00   26  0.7774212E+00   0.4565661E-04   0.2313719E-03
 51.00    29.00   26  0.7511370E+00   0.3721124E-04   0.2492416E-03
 52.00    29.00   26  0.7500001E+00   0.7612536E-03   0.2500000E-03
 49.00    30.00   26  0.8090136E+00   0.4280490E-01  -0.1797872E-04
 50.00    30.00   26  0.7993870E+00   0.5931404E-03   0.2159090E-03
 51.00    30.00   26  0.7550245E+00   0.4464444E-03   0.2466391E-03
 52.00    30.00   26  0.7500000E+00   0.2841884E-01   0.2500000E-03
 50.00    31.00   26  0.2745831E-03   0.8033589E-03   0.4950799E-03
 51.00    31.00   26  0.8410893E-04   0.2117741E-02   0.4973106E-03
 45.00    16.00   27  0.5198765E-05   0.2837510E-05   0.4993393E-03
 46.00    16.00   27  0.5450678E-04   0.7165816E-06   0.4978416E-03
 47.00    16.00   27  0.8073049E-05   0.2031130E-05   0.4991758E-03
 45.00    17.00   27  0.6395174E-05   0.7960534E-06   0.4992668E-03
 46.00    17.00   27  0.4805053E-04   0.1137714E-05   0.4979750E-03
 47.00    17.00   27  0.2180503E-02   0.2924162E-02   0.4854446E-03
 45.00    18.00   27  0.3040988E-04   0.9134966E-06   0.4983930E-03
 46.00    18.00   27  0.1992773E-03   0.5376411E-05   0.4958257E-03
 47.00    18.00   27  0.9551585E+00   0.2490437E-01   0.8216381E-04
 48.00    18.00   27  0.7500001E+00   0.4725678E-01   0.2500000E-03
 49.00    18.00   27  0.7499999E+00   0.4658845E+00   0.2500000E-03
 44.00    19.00   27  0.3718251E-04   0.3906619E-05   0.4982212E-03
 45.00    19.00   27  0.3473532E-02   0.5829824E-05   0.4812793E-03
 46.00    19.00   27  0.9283315E+00   0.2293147E-03  -0.3862614E-04
 47.00    19.00   27  0.8903065E+00   0.1385476E-03   0.1450598E-03
 48.00    19.00   27  0.8503881E+00   0.1710100E-03   0.1777736E-03
 49.00    19.00   27  0.7543432E+00   0.8924332E-03   0.2470962E-03
 44.00    20.00   27  0.2789059E-02   0.1014459E-04   0.4833814E-03
 45.00    20.00   27  0.6349610E-01   0.1889211E-04   0.3978576E-03
 46.00    20.00   27  0.3230467E+00   0.4882999E-04   0.2034804E-03
 47.00    20.00   27  0.1393535E+00   0.2106859E-04   0.3303508E-03
 48.00    20.00   27  0.8278637E+00   0.7956403E-04  -0.2290640E-04
 49.00    20.00   27  0.7587544E+00   0.2248244E-03   0.2441294E-03
 50.00    20.00   27  0.7500000E+00   0.5543533E-01   0.2500000E-03
 44.00    21.00   27  0.2382075E-02   0.8668213E-05   0.4847365E-03
 45.00    21.00   27  0.8937689E-02   0.5692028E-05   0.4683622E-03
 46.00    21.00   27  0.8206781E-03   0.1524128E-05   0.4913232E-03
 47.00    21.00   27  0.2766700E-02   0.2217927E-05   0.4834535E-03
 48.00    21.00   27  0.8856676E+00   0.7231096E-04  -0.3469444E-04
 49.00    21.00   27  0.7508943E+00   0.9618590E-04   0.2494035E-03
 50.00    21.00   27  0.7499999E+00   0.1288966E-02   0.2500000E-03
 51.00    21.00   27  0.7499999E+00   0.4877620E+01   0.2500000E-03
 44.00    22.00   27  0.3208581E-03   0.8183099E-05   0.4946695E-03
 45.00    22.00   27  0.9442961E-05   0.3111545E-06   0.4991082E-03
 46.00    22.00   27  0.3141749E-09   0.3376006E-08   0.4999949E-03
 47.00    22.00   27  0.9936622E-01   0.3679927E-04   0.3639588E-03
 48.00    22.00   27  0.9833637E+00   0.6195092E-04   0.4524100E-04
 49.00    22.00   27  0.7501866E+00   0.5243754E-04   0.2498757E-03
 50.00    22.00   27  0.7500000E+00   0.2885037E-03   0.2500000E-03
 51.00    22.00   27  0.7500000E+00   0.2911754E-01   0.2500000E-03
 44.00    23.00   27  0.2701347E-06   0.2582157E-05   0.4998498E-03
 45.00    23.00   27  0.6491355E-08   0.6227616E-07   0.4999767E-03
 47.00    23.00   27  0.6917783E-01   0.4072600E-04   0.3921580E-03
 48.00    23.00   27  0.9857653E+00   0.6594494E-04   0.4131289E-04
 49.00    23.00   27  0.7509339E+00   0.4799953E-04   0.2493770E-03
 50.00    23.00   27  0.7500000E+00   0.1650456E-03   0.2500000E-03
 51.00    23.00   27  0.7500000E+00   0.9653241E-02   0.2500000E-03
 47.00    24.00   27  0.4987819E-01   0.6613423E-04   0.4122183E-03
 48.00    24.00   27  0.9774081E+00   0.6507669E-04   0.5419253E-04
 49.00    24.00   27  0.7526523E+00   0.4270523E-04   0.2482288E-03
 50.00    24.00   27  0.7500000E+00   0.8479036E-04   0.2500000E-03
 51.00    24.00   27  0.7500001E+00   0.1766842E-02   0.2500000E-03
 52.00    24.00   27  0.6926835E+00   0.6097787E-03   0.2336212E-03
 47.00    25.00   27  0.5903746E+00   0.4530102E-03   0.6285249E-04
 48.00    25.00   27  0.8896549E+00   0.5202430E-04   0.1456201E-03
 49.00    25.00   27  0.7505218E+00   0.3630378E-04   0.2496520E-03
 50.00    25.00   27  0.7500000E+00   0.3814802E-04   0.2500000E-03
 51.00    25.00   27  0.7500001E+00   0.5297287E-04   0.2500000E-03
 52.00    25.00   27  0.7395315E+00   0.1821367E-04   0.2466065E-03
 53.00    25.00   27  0.1624269E+00   0.6424536E-05   0.2870490E-03
 47.00    26.00   27  0.9968031E+00   0.4095972E-03   0.1789455E-04
 48.00    26.00   27  0.8218562E+00   0.3576731E-04   0.1995288E-03
 49.00    26.00   27  0.7502238E+00   0.1783126E-04   0.2498508E-03
 50.00    26.00   27  0.7500000E+00   0.1894931E-04   0.2500000E-03
 51.00    26.00   27  0.7500001E+00   0.1719703E-04   0.2500000E-03
 52.00    26.00   27  0.7494141E+00   0.1151377E-04   0.2498051E-03
 53.00    26.00   27  0.7352064E+00   0.2707461E-04   0.2452597E-03
 54.00    26.00   27  0.7097241E+00   0.9214192E-03   0.2379467E-03
 47.00    27.00   27  0.9856771E+00   0.7153578E-03   0.4146108E-04
 48.00    27.00   27  0.8101469E+00   0.3099171E-04   0.2081404E-03
 49.00    27.00   27  0.7534048E+00   0.1218963E-04   0.2477250E-03
 50.00    27.00   27  0.7500182E+00   0.1671410E-04   0.2499878E-03
 51.00    27.00   27  0.7499999E+00   0.1989389E-04   0.2500000E-03
 52.00    27.00   27  0.7500000E+00   0.2492416E-04   0.2500000E-03
 53.00    27.00   27  0.7500002E+00   0.8388674E-03   0.2500000E-03
 47.00    28.00   27  0.9890305E+00   0.1892253E-01  -0.2458342E-04
 48.00    28.00   27  0.8547338E+00   0.1131934E-03   0.1743533E-03
 49.00    28.00   27  0.7784076E+00   0.2505074E-04   0.2306882E-03
 50.00    28.00   27  0.7547647E+00   0.2275867E-04   0.2468133E-03
 51.00    28.00   27  0.7500000E+00   0.2364234E-04   0.2500000E-03
 52.00    28.00   27  0.7500002E+00   0.7379763E-04   0.2500000E-03
 53.00    28.00   27  0.7500000E+00   0.2268395E+00   0.2500000E-03
 48.00    29.00   27  0.8942285E+00   0.6942802E-02   0.1416663E-03
 49.00    29.00   27  0.8651726E+00   0.2420997E-03   0.1660077E-03
 50.00    29.00   27  0.7737106E+00   0.3447204E-04   0.2339346E-03
 51.00    29.00   27  0.7506752E+00   0.2589207E-04   0.2495497E-03
 52.00    29.00   27  0.7499999E+00   0.2431090E-03   0.2500000E-03
 49.00    30.00   27  0.8746280E+00   0.1101558E-01  -0.3290590E-04
 50.00    30.00   27  0.7944787E+00   0.1558091E-03   0.2194091E-03
 51.00    30.00   27  0.7537295E+00   0.8738181E-04   0.2475074E-03
 52.00    30.00   27  0.7500000E+00   0.2364491E-02   0.2500000E-03
 50.00    31.00   27  0.9560698E+00   0.1644858E-01  -0.3719586E-04
 51.00    31.00   27  0.9476717E+00   0.1079509E-01   0.9044871E-04
 52.00    31.00   27  0.7500000E+00   0.9523077E+00   0.2500000E-03
 45.00    16.00   28  0.1784211E-04   0.4607929E-05   0.4987717E-03
 46.00    16.00   28  0.1063305E-04   0.4670174E-06   0.4990534E-03
 45.00    17.00   28  0.1446281E-04   0.1375413E-05   0.4988950E-03
 46.00    17.00   28  0.7454229E-04   0.1773099E-05   0.4974705E-03
 45.00    18.00   28  0.1624125E-06   0.8748918E-07   0.4998836E-03
 46.00    18.00   28  0.3412106E-06   0.2667792E-06   0.4998312E-03
 44.00    19.00   28  0.1919674E-03   0.1129880E-04   0.4959048E-03
 45.00    19.00   28  0.3743262E-02   0.9202045E-05   0.4804997E-03
 46.00    19.00   28  0.9951136E+00   0.3468833E-03  -0.1768657E-04
 47.00    19.00   28  0.8462594E+00   0.2157159E-03   0.1809956E-03
 48.00    19.00   28  0.8023571E+00   0.2225569E-03   0.2137781E-03
 49.00    19.00   28  0.7546493E+00   0.1237131E-02   0.2468908E-03
 44.00    20.00   28  0.9820721E-03   0.5612072E-05   0.4904669E-03
 45.00    20.00   28  0.1022771E+00   0.2987550E-04   0.3613893E-03
 46.00    20.00   28  0.4962548E+00   0.6432083E-04   0.1075391E-03
 47.00    20.00   28  0.4489002E+00   0.5461210E-04   0.1319681E-03
 48.00    20.00   28  0.9551759E+00   0.9448105E-04  -0.3731990E-04
 49.00    20.00   28  0.7600135E+00   0.3101605E-03   0.2432792E-03
 50.00    20.00   28  0.7500000E+00   0.6905091E+01   0.2500000E-03
 43.00    21.00   28  0.1304418E-04   0.8978647E-04   0.4989509E-03
 44.00    21.00   28  0.6915577E-02   0.9389572E-05   0.4726192E-03
 45.00    21.00   28  0.3005521E-01   0.1062841E-04   0.4356843E-03
 46.00    21.00   28  0.1510213E-02   0.1819140E-05   0.4880351E-03
 47.00    21.00   28  0.4167746E-02   0.2325224E-05   0.4793187E-03
 48.00    21.00   28  0.8386545E+00   0.7519359E-04  -0.2551614E-04
 49.00    21.00   28  0.7511595E+00   0.1613082E-03   0.2492265E-03
 50.00    21.00   28  0.7500000E+00   0.1141089E-01   0.2500000E-03
 43.00    22.00   28  0.2260888E-02   0.1643133E-03   0.4851590E-03
 44.00    22.00   28  0.1023084E-01   0.1405633E-04   0.4658356E-03
 45.00    22.00   28  0.1279291E-02   0.2598143E-05   0.4890419E-03
 46.00    22.00   28  0.4614007E-07   0.2979944E-07   0.4999380E-03
 47.00    22.00   28  0.1186201E+00   0.2730355E-04   0.3473495E-03
 48.00    22.00   28  0.9567955E+00   0.6103273E-04   0.8029494E-04
 49.00    22.00   28  0.7500001E+00   0.7888977E-04   0.2500000E-03
 50.00    22.00   28  0.7499999E+00   0.1671515E-02   0.2500000E-03
 43.00    23.00   28  0.2995281E-02   0.5639744E-03   0.4827271E-03
 44.00    23.00   28  0.3068345E-02   0.2610426E-04   0.4824999E-03
 45.00    23.00   28  0.3086130E-04   0.1467770E-05   0.4983809E-03
 46.00    23.00   28  0.1316905E-05   0.8486699E-06   0.4996681E-03
 47.00    23.00   28  0.3688662E+00   0.6972388E-04   0.1762818E-03
 48.00    23.00   28  0.9023355E+00   0.5642648E-04   0.1345285E-03
 49.00    23.00   28  0.7500008E+00   0.5461466E-04   0.2499995E-03
 50.00    23.00   28  0.7500001E+00   0.6141092E-03   0.2500000E-03
 51.00    23.00   28  0.7499999E+00   0.1014351E+00   0.2500001E-03
 46.00    24.00   28  0.2142369E-07   0.2394430E-06   0.4999578E-03
 47.00    24.00   28  0.2731665E+00   0.9612662E-04   0.2347873E-03
 48.00    24.00   28  0.9226729E+00   0.5852787E-04   0.1157713E-03
 49.00    24.00   28  0.7500555E+00   0.5601764E-04   0.2499631E-03
 50.00    24.00   28  0.7500001E+00   0.3226556E-03   0.2500000E-03
 51.00    24.00   28  0.7500001E+00   0.1692148E+00   0.2500000E-03
 52.00    24.00   28  0.3047368E-01   0.3727499E-02   0.4007612E-03
 47.00    25.00   28  0.8595837E+00   0.3192660E-03  -0.3008294E-04
 48.00    25.00   28  0.8606922E+00   0.5201904E-04   0.1696126E-03
 49.00    25.00   28  0.7500089E+00   0.3829534E-04   0.2499941E-03
 50.00    25.00   28  0.7499999E+00   0.9378024E-04   0.2500001E-03
 51.00    25.00   28  0.7500001E+00   0.4367919E-03   0.2500000E-03
 52.00    25.00   28  0.5886771E+00   0.6009214E-04   0.2159012E-03
 47.00    26.00   28  0.9691625E+00   0.2729280E-03   0.6532425E-04
 48.00    26.00   28  0.8179846E+00   0.4134010E-04   0.2023951E-03
 49.00    26.00   28  0.7500172E+00   0.2755491E-04   0.2499886E-03
 50.00    26.00   28  0.7500002E+00   0.3344309E-04   0.2500000E-03
 51.00    26.00   28  0.7500001E+00   0.2865409E-04   0.2500000E-03
 52.00    26.00   28  0.7312275E+00   0.1212638E-04   0.2440483E-03
 53.00    26.00   28  0.5145068E+00   0.1930343E-04   0.2114464E-03
 55.00    26.00   28  0.7500000E+00   0.7357342E+00   0.2500000E-03
 47.00    27.00   28  0.9574331E+00   0.4269380E-03   0.7956073E-04
 48.00    27.00   28  0.8020539E+00   0.3125117E-04   0.2139960E-03
 49.00    27.00   28  0.7507644E+00   0.1360185E-04   0.2494901E-03
 50.00    27.00   28  0.7500000E+00   0.1720593E-04   0.2500000E-03
 51.00    27.00   28  0.7499998E+00   0.1574485E-04   0.2500000E-03
 52.00    27.00   28  0.7499987E+00   0.1993404E-04   0.2499996E-03
 53.00    27.00   28  0.7499828E+00   0.3702215E-03   0.2499944E-03
 54.00    27.00   28  0.7500001E+00   0.7513241E+00   0.2500000E-03
 55.00    27.00   28  0.7499998E+00   0.1263149E+01   0.2500001E-03
 47.00    28.00   28  0.9853488E+00   0.2468713E-02   0.4201065E-04
 48.00    28.00   28  0.8217874E+00   0.5088659E-04   0.1995798E-03
 49.00    28.00   28  0.7620953E+00   0.1550081E-04   0.2418704E-03
 50.00    28.00   28  0.7507727E+00   0.1937045E-04   0.2494847E-03
 51.00    28.00   28  0.7499999E+00   0.2250171E-04   0.2500001E-03
 52.00    28.00   28  0.7500000E+00   0.5411131E-04   0.2500000E-03
 53.00    28.00   28  0.7499999E+00   0.6468489E+00   0.2500000E-03
 47.00    29.00   28  0.9519145E+00   0.4397577E+00  -0.3771839E-04
 48.00    29.00   28  0.8836705E+00   0.6993599E-03   0.1507196E-03
 49.00    29.00   28  0.8073070E+00   0.7497051E-04   0.2102040E-03
 50.00    29.00   28  0.7660638E+00   0.2911350E-04   0.2391736E-03
 51.00    29.00   28  0.7501932E+00   0.2424016E-04   0.2498711E-03
 52.00    29.00   28  0.7500001E+00   0.1262756E-03   0.2500000E-03
 48.00    30.00   28  0.8451077E+00   0.5061163E+00   0.1818892E-03
 49.00    30.00   28  0.9470250E+00   0.1916413E-02   0.9114618E-04
 50.00    30.00   28  0.7893943E+00   0.7215722E-04   0.2230069E-03
 51.00    30.00   28  0.7536981E+00   0.3909069E-04   0.2475285E-03
 52.00    30.00   28  0.7500001E+00   0.5374438E-03   0.2500000E-03
 49.00    31.00   28  0.7007379E-01   0.6111213E-01   0.3912727E-03
 50.00    31.00   28  0.8388490E+00   0.1100156E-02   0.1867127E-03
 51.00    31.00   28  0.7768339E+00   0.4623390E-03   0.2317783E-03
 52.00    31.00   28  0.7500000E+00   0.1427715E-01   0.2500000E-03
 50.00    32.00   28  0.2133634E+00   0.8274022E-01   0.2750533E-03
 51.00    32.00   28  0.7761855E-01   0.2700147E-01   0.3839498E-03
 45.00    17.00   29  0.1677066E-04   0.2012172E-05   0.4988094E-03
 46.00    17.00   29  0.2999835E-04   0.1729136E-05   0.4984040E-03
 45.00    18.00   29  0.6341836E-05   0.8766714E-06   0.4992699E-03
 46.00    18.00   29  0.6153012E-04   0.5296300E-05   0.4977050E-03
 44.00    19.00   29  0.7219349E-05   0.2590412E-05   0.4992208E-03
 45.00    19.00   29  0.1236878E-02   0.9270277E-05   0.4892354E-03
 46.00    19.00   29  0.9830308E+00   0.8587289E-03  -0.2879958E-04
 47.00    19.00   29  0.8160242E+00   0.4806264E-03   0.2038393E-03
 48.00    19.00   29  0.7805109E+00   0.3100724E-03   0.2292274E-03
 49.00    19.00   29  0.7532231E+00   0.2149367E-02   0.2478466E-03
 44.00    20.00   29  0.2570806E-02   0.1496749E-04   0.4840967E-03
 45.00    20.00   29  0.3818172E+00   0.1315384E-03   0.1688438E-03
 46.00    20.00   29  0.8732129E+00   0.1062946E-03  -0.3265857E-04
 47.00    20.00   29  0.9779568E+00   0.1064310E-03  -0.3136281E-04
 48.00    20.00   29  0.9985116E+00   0.1084626E-03   0.1187285E-04
 49.00    20.00   29  0.7586206E+00   0.5934085E-03   0.2442196E-03
 43.00    21.00   29  0.5084883E-03   0.4768013E-04   0.4932379E-03
 44.00    21.00   29  0.4747534E-01   0.3609095E-04   0.4148746E-03
 45.00    21.00   29  0.6655856E-01   0.2534395E-04   0.3947667E-03
 46.00    21.00   29  0.5661552E-02   0.3465075E-05   0.4755100E-03
 47.00    21.00   29  0.1301094E-01   0.4302005E-05   0.4607816E-03
 48.00    21.00   29  0.6968991E+00   0.7421793E-04   0.1887581E-04
 49.00    21.00   29  0.7526462E+00   0.3825455E-03   0.2482327E-03
 50.00    21.00   29  0.7500000E+00   0.3353387E+00   0.2500000E-03
 43.00    22.00   29  0.2493729E-02   0.4285402E-04   0.4843555E-03
 44.00    22.00   29  0.4132180E-01   0.2282158E-04   0.4218831E-03
 45.00    22.00   29  0.5107084E-02   0.5051738E-05   0.4768694E-03
 46.00    22.00   29  0.3979417E-04   0.6352668E-06   0.4981591E-03
 47.00    22.00   29  0.4518825E-01   0.1274913E-04   0.4174432E-03
 48.00    22.00   29  0.9922884E+00   0.7425724E-04   0.2910825E-04
 49.00    22.00   29  0.7499999E+00   0.1885627E-03   0.2500000E-03
 50.00    22.00   29  0.7499999E+00   0.3714075E-01   0.2500000E-03
 43.00    23.00   29  0.3897796E-02   0.4190340E-04   0.4800636E-03
 44.00    23.00   29  0.1247407E-01   0.1327038E-04   0.4617233E-03
 45.00    23.00   29  0.5392956E-03   0.3655821E-05   0.4930284E-03
 46.00    23.00   29  0.1857315E-01   0.3468622E-04   0.4517389E-03
 47.00    23.00   29  0.8222474E+00   0.1015147E-03  -0.2148538E-04
 48.00    23.00   29  0.8170528E+00   0.6227417E-04   0.2030821E-03
 49.00    23.00   29  0.7500000E+00   0.1129769E-03   0.2500000E-03
 50.00    23.00   29  0.7500000E+00   0.1042408E-01   0.2500000E-03
 43.00    24.00   29  0.3848585E-02   0.1249241E-03   0.4802017E-03
 44.00    24.00   29  0.1791084E-02   0.1443647E-04   0.4868984E-03
 45.00    24.00   29  0.7238500E-05   0.2052797E-05   0.4992198E-03
 46.00    24.00   29  0.1727956E-01   0.5094373E-04   0.4537427E-03
 47.00    24.00   29  0.9252072E+00   0.1290239E-03  -0.3854150E-04
 48.00    24.00   29  0.8091418E+00   0.6903776E-04   0.2088720E-03
 49.00    24.00   29  0.7500000E+00   0.1674809E-03   0.2500000E-03
 50.00    24.00   29  0.7499998E+00   0.1584106E-02   0.2500001E-03
 43.00    25.00   29  0.1482791E-03   0.8204080E-03   0.4964109E-03
 44.00    25.00   29  0.3019241E-05   0.7753930E-05   0.4994969E-03
 46.00    25.00   29  0.5970782E-03   0.4353855E-04   0.4926497E-03
 47.00    25.00   29  0.9928074E+00   0.2169484E-03  -0.2079795E-04
 48.00    25.00   29  0.8065532E+00   0.6752642E-04   0.2107502E-03
 49.00    25.00   29  0.7500001E+00   0.1089517E-03   0.2500000E-03
 50.00    25.00   29  0.7499999E+00   0.7164309E-03   0.2500000E-03
 51.00    25.00   29  0.7500001E+00   0.3708304E-01   0.2500000E-03
 46.00    26.00   29  0.8355237E-05   0.4246127E-03   0.4991614E-03
 47.00    26.00   29  0.9423759E+00   0.2107387E-03   0.9608251E-04
 48.00    26.00   29  0.8025139E+00   0.4689036E-04   0.2136652E-03
 49.00    26.00   29  0.7500112E+00   0.4459561E-04   0.2499925E-03
 50.00    26.00   29  0.7500000E+00   0.8311815E-04   0.2500000E-03
 51.00    26.00   29  0.7500000E+00   0.1373809E-03   0.2500000E-03
 52.00    26.00   29  0.5867659E+00   0.2009812E-04   0.2157045E-03
 55.00    26.00   29  0.3935439E+00   0.3755068E-01   0.2179438E-03
 47.00    27.00   29  0.9766896E+00   0.4622224E-03   0.5521296E-04
 48.00    27.00   29  0.8159770E+00   0.4035421E-04   0.2038739E-03
 49.00    27.00   29  0.7504707E+00   0.2098196E-04   0.2496860E-03
 50.00    27.00   29  0.7500001E+00   0.2648536E-04   0.2500000E-03
 51.00    27.00   29  0.7500001E+00   0.2135799E-04   0.2500000E-03
 52.00    27.00   29  0.7410144E+00   0.1488028E-04   0.2470757E-03
 53.00    27.00   29  0.6995942E+00   0.9616346E-04   0.2353227E-03
 54.00    27.00   29  0.7500001E+00   0.2024141E-01   0.2500000E-03
 55.00    27.00   29  0.7500001E+00   0.4573115E-01   0.2500000E-03
 47.00    28.00   29  0.9744801E+00   0.1321088E-02   0.5828330E-04
 48.00    28.00   29  0.8119190E+00   0.4039705E-04   0.2068481E-03
 49.00    28.00   29  0.7549371E+00   0.1355000E-04   0.2466977E-03
 50.00    28.00   29  0.7500739E+00   0.1715007E-04   0.2499507E-03
 51.00    28.00   29  0.7500000E+00   0.1784948E-04   0.2500000E-03
 52.00    28.00   29  0.7500001E+00   0.3608437E-04   0.2500000E-03
 53.00    28.00   29  0.7500000E+00   0.1638499E-01   0.2500000E-03
 47.00    29.00   29  0.9955752E+00   0.1610520E-01   0.2137263E-04
 48.00    29.00   29  0.8584961E+00   0.1410344E-03   0.1713670E-03
 49.00    29.00   29  0.7751067E+00   0.2657440E-04   0.2329720E-03
 50.00    29.00   29  0.7555788E+00   0.2245764E-04   0.2462669E-03
 51.00    29.00   29  0.7500690E+00   0.2571841E-04   0.2499541E-03
 52.00    29.00   29  0.7500001E+00   0.7724232E-04   0.2500000E-03
 48.00    30.00   29  0.9807135E+00   0.7510996E-02   0.4934441E-04
 49.00    30.00   29  0.8547151E+00   0.2701971E-03   0.1743681E-03
 50.00    30.00   29  0.7805493E+00   0.4458218E-04   0.2292006E-03
 51.00    30.00   29  0.7526447E+00   0.2664279E-04   0.2482338E-03
 52.00    30.00   29  0.7500000E+00   0.1330700E-03   0.2500000E-03
 53.00    30.00   29  0.7500000E+00   0.5530280E-01   0.2500000E-03
 49.00    31.00   29  0.9760433E+00   0.9302818E-02   0.5612100E-04
 50.00    31.00   29  0.8150797E+00   0.2067831E-03   0.2045333E-03
 51.00    31.00   29  0.7585177E+00   0.7213213E-04   0.2442889E-03
 52.00    31.00   29  0.7500000E+00   0.6881630E-03   0.2500000E-03
 53.00    31.00   29  0.7500000E+00   0.1227770E+00   0.2500000E-03
 49.00    32.00   29  0.8265077E+00   0.7498464E+01   0.1960595E-03
 50.00    32.00   29  0.8914936E+00   0.5803637E-02   0.1440365E-03
 51.00    32.00   29  0.8761590E+00   0.1990884E-02   0.1570100E-03
 52.00    32.00   29  0.7499999E+00   0.3403245E-01   0.2500000E-03
 50.00    33.00   29  0.4068519E+00   0.2836022E+01   0.1547634E-03
 51.00    33.00   29  0.1631107E-01   0.3641956E-01   0.4552783E-03
 45.00    17.00   30  0.5717100E-07   0.2754749E-06   0.4999310E-03
 46.00    17.00   30  0.7938615E-07   0.2473630E-06   0.4999186E-03
 45.00    18.00   30  0.3962788E-04   0.3805085E-05   0.4981630E-03
 46.00    18.00   30  0.2081615E-03   0.1355172E-04   0.4957314E-03
 47.00    18.00   30  0.7500000E+00   0.1406851E+00   0.2500000E-03
 48.00    18.00   30  0.7500001E+00   0.7012649E-01   0.2500000E-03
 49.00    18.00   30  0.7500000E+00   0.9243334E+00   0.2500000E-03
 44.00    19.00   30  0.2212143E-07   0.6166637E-06   0.4999571E-03
 45.00    19.00   30  0.1117153E-04   0.1390941E-05   0.4990296E-03
 46.00    19.00   30  0.7941455E-01   0.5524510E-03   0.3822394E-03
 47.00    19.00   30  0.7719677E+00   0.8716001E-03   0.2351337E-03
 48.00    19.00   30  0.7568746E+00   0.6307847E-03   0.2453957E-03
 49.00    19.00   30  0.7499999E+00   0.1327511E-01   0.2500000E-03
 50.00    19.00   30  0.7500000E+00   0.5263006E+00   0.2500000E-03
 44.00    20.00   30  0.2560517E-03   0.8922268E-05   0.4952533E-03
 45.00    20.00   30  0.2674266E+00   0.2030756E-03   0.2385143E-03
 46.00    20.00   30  0.9919247E+00   0.1869048E-03   0.2987357E-04
 47.00    20.00   30  0.9006222E+00   0.1183014E-03   0.1360514E-03
 48.00    20.00   30  0.8656544E+00   0.1440221E-03   0.1656178E-03
 49.00    20.00   30  0.7508577E+00   0.2662763E-02   0.2494280E-03
 50.00    20.00   30  0.7500000E+00   0.2393531E-01   0.2500000E-03
 51.00    20.00   30  0.7500001E+00   0.2123391E+00   0.2500000E-03
 43.00    21.00   30  0.1387761E-04   0.1235131E-04   0.4989177E-03
 44.00    21.00   30  0.4144770E-01   0.6746029E-04   0.4217365E-03
 45.00    21.00   30  0.2103612E+00   0.7373340E-04   0.2771655E-03
 46.00    21.00   30  0.6233099E-01   0.1700090E-04   0.3990456E-03
 47.00    21.00   30  0.1490873E+00   0.2492752E-04   0.3226376E-03
 48.00    21.00   30  0.9492021E+00   0.1338930E-03  -0.3798970E-04
 49.00    21.00   30  0.7507610E+00   0.1204324E-02   0.2494924E-03
 50.00    21.00   30  0.7500001E+00   0.6125225E-01   0.2500000E-03
 51.00    21.00   30  0.7500000E+00   0.7929621E+00   0.2500000E-03
 43.00    22.00   30  0.3951262E-03   0.2179373E-04   0.4940653E-03
 44.00    22.00   30  0.6047525E-01   0.4152641E-04   0.4009523E-03
 45.00    22.00   30  0.1918098E-01   0.1267798E-04   0.4508146E-03
 46.00    22.00   30  0.3936674E-02   0.5259998E-05   0.4799551E-03
 47.00    22.00   30  0.1290442E+00   0.2281885E-04   0.3386999E-03
 48.00    22.00   30  0.9822513E+00   0.9908824E-04   0.4699000E-04
 49.00    22.00   30  0.7500000E+00   0.6058565E-03   0.2500000E-03
 43.00    23.00   30  0.3574012E-02   0.2958140E-04   0.4809860E-03
 44.00    23.00   30  0.1789604E-01   0.1200802E-04   0.4527813E-03
 45.00    23.00   30  0.1805649E-02   0.3925122E-05   0.4868416E-03
 46.00    23.00   30  0.1624083E-01   0.2135911E-04   0.4553910E-03
 47.00    23.00   30  0.7993594E+00   0.8143583E-04  -0.1528824E-04
 48.00    23.00   30  0.8405742E+00   0.6751200E-04   0.1853890E-03
 49.00    23.00   30  0.7512681E+00   0.4250266E-03   0.2491539E-03
 50.00    23.00   30  0.7500000E+00   0.3192443E+01   0.2500000E-03
 43.00    24.00   30  0.5524293E-02   0.3148205E-04   0.4758413E-03
 44.00    24.00   30  0.7370404E-02   0.8230365E-05   0.4716233E-03
 45.00    24.00   30  0.1118500E-03   0.2276414E-05   0.4968913E-03
 46.00    24.00   30  0.3198106E-01   0.4990151E-04   0.4332172E-03
 47.00    24.00   30  0.8908846E+00   0.1285631E-03  -0.3544660E-04
 48.00    24.00   30  0.8350753E+00   0.9292176E-04   0.1895932E-03
 49.00    24.00   30  0.7506054E+00   0.6025982E-03   0.2495963E-03
 50.00    24.00   30  0.7499999E+00   0.6625413E-01   0.2500000E-03
 43.00    25.00   30  0.4286652E-02   0.1041489E-03   0.4789970E-03
 44.00    25.00   30  0.2340191E-02   0.1263679E-04   0.4848815E-03
 45.00    25.00   30  0.1170028E-04   0.2236908E-05   0.4990068E-03
 46.00    25.00   30  0.1697430E-01   0.9166578E-04   0.4542232E-03
 47.00    25.00   30  0.9978166E+00   0.1742020E-03  -0.1238246E-04
 48.00    25.00   30  0.7887400E+00   0.1113903E-03   0.2234679E-03
 49.00    25.00   30  0.7500000E+00   0.6010830E-03   0.2500000E-03
 50.00    25.00   30  0.7500000E+00   0.1862386E-01   0.2500000E-03
 43.00    26.00   30  0.2551961E-02   0.2750471E-02   0.4841597E-03
 44.00    26.00   30  0.5446688E-03   0.8069849E-04   0.4929924E-03
 46.00    26.00   30  0.2495032E-02   0.2454087E-03   0.4843511E-03
 47.00    26.00   30  0.9516039E+00   0.1719820E-03   0.8614821E-04
 48.00    26.00   30  0.7751838E+00   0.6188307E-04   0.2329187E-03
 49.00    26.00   30  0.7500000E+00   0.1516695E-03   0.2500000E-03
 50.00    26.00   30  0.7500002E+00   0.8622756E-03   0.2500000E-03
 51.00    26.00   30  0.5417298E+00   0.3559767E-02   0.2123320E-03
 47.00    27.00   30  0.9225404E+00   0.2923813E-03   0.1158983E-03
 48.00    27.00   30  0.7868264E+00   0.4951340E-04   0.2248136E-03
 49.00    27.00   30  0.7502238E+00   0.4751566E-04   0.2498508E-03
 50.00    27.00   30  0.7499999E+00   0.1052854E-03   0.2500000E-03
 51.00    27.00   30  0.7212820E+00   0.7022747E-04   0.2411344E-03
 52.00    27.00   30  0.5043092E+00   0.1560532E-04   0.2113355E-03
 53.00    27.00   30  0.8284731E-02   0.5888098E-05   0.4476674E-03
 47.00    28.00   30  0.9611434E+00   0.5340864E-03   0.7521571E-04
 48.00    28.00   30  0.7992871E+00   0.5173376E-04   0.2159806E-03
 49.00    28.00   30  0.7510493E+00   0.2412683E-04   0.2492999E-03
 50.00    28.00   30  0.7500001E+00   0.2724064E-04   0.2500000E-03
 51.00    28.00   30  0.7431008E+00   0.2005805E-04   0.2477422E-03
 52.00    28.00   30  0.7424693E+00   0.2136206E-04   0.2475397E-03
 53.00    28.00   30  0.7300166E+00   0.2090220E-03   0.2436849E-03
 54.00    28.00   30  0.7449706E+00   0.4578491E-02   0.2483459E-03
 47.00    29.00   30  0.9821771E+00   0.1016308E-02   0.4710504E-04
 48.00    29.00   30  0.8075184E+00   0.5234998E-04   0.2100508E-03
 49.00    29.00   30  0.7551159E+00   0.1866415E-04   0.2465777E-03
 50.00    29.00   30  0.7507522E+00   0.1956087E-04   0.2494984E-03
 51.00    29.00   30  0.7499986E+00   0.2215384E-04   0.2499890E-03
 52.00    29.00   30  0.7499789E+00   0.4401021E-04   0.2499931E-03
 53.00    29.00   30  0.7500000E+00   0.1892038E-02   0.2500000E-03
 54.00    29.00   30  0.7500001E+00   0.3619260E-01   0.2500000E-03
 47.00    30.00   30  0.9992567E+00   0.3780441E-02   0.8239935E-05
 48.00    30.00   30  0.8329792E+00   0.8715728E-04   0.1911846E-03
 49.00    30.00   30  0.7689411E+00   0.2874375E-04   0.2372089E-03
 50.00    30.00   30  0.7662764E+00   0.2794738E-04   0.2390287E-03
 51.00    30.00   30  0.7521898E+00   0.2643108E-04   0.2485379E-03
 52.00    30.00   30  0.7500018E+00   0.6087416E-04   0.2499987E-03
 53.00    30.00   30  0.7500000E+00   0.5728637E-02   0.2500000E-03
 54.00    30.00   30  0.7500000E+00   0.2313648E+00   0.2500000E-03
 47.00    31.00   30  0.7465382E+00   0.6475831E-01   0.1159264E-05
 48.00    31.00   30  0.8681200E+00   0.5609764E-03   0.1636163E-03
 49.00    31.00   30  0.8145962E+00   0.1646472E-03   0.2048883E-03
 50.00    31.00   30  0.8060697E+00   0.8525789E-04   0.2111000E-03
 51.00    31.00   30  0.7578021E+00   0.3208293E-04   0.2447712E-03
 52.00    31.00   30  0.7503314E+00   0.7755095E-04   0.2497790E-03
 53.00    31.00   30  0.7500001E+00   0.9511411E-02   0.2500000E-03
 54.00    31.00   30  0.7500001E+00   0.6222575E+00   0.2500000E-03
 48.00    32.00   30  0.7513601E+00   0.2103531E+00   0.2490924E-03
 49.00    32.00   30  0.9989336E+00   0.1674199E-01   0.9954907E-05
 50.00    32.00   30  0.8629190E+00   0.8205203E-03   0.1678253E-03
 51.00    32.00   30  0.7644899E+00   0.1099363E-03   0.2402448E-03
 52.00    32.00   30  0.7511680E+00   0.2376621E-03   0.2492207E-03
 53.00    32.00   30  0.7500000E+00   0.2368087E-01   0.2500000E-03
 50.00    33.00   30  0.8036244E+00   0.2500205E-01   0.2128656E-03
 51.00    33.00   30  0.8026428E+00   0.1659883E-02   0.2135724E-03
 52.00    33.00   30  0.7763707E+00   0.5078524E-02   0.2320988E-03
 50.00    34.00   30  0.7500000E+00   0.4410486E+01   0.2500000E-03
 51.00    34.00   30  0.7500001E+00   0.1362755E+01   0.2500000E-03
 47.00    18.00   31  0.1798167E-06   0.6210731E-05   0.4998775E-03
 48.00    18.00   31  0.8531763E+00   0.2509128E+00   0.1755826E-03
 49.00    18.00   31  0.7500001E+00   0.1053351E+02   0.2500000E-03
 50.00    18.00   31  0.7500001E+00   0.3911786E-01   0.2500000E-03
 51.00    18.00   31  0.7500000E+00   0.5880684E-01   0.2500000E-03
 45.00    19.00   31  0.2025490E-05   0.6912202E-06   0.4995881E-03
 46.00    19.00   31  0.2119460E-04   0.3695793E-05   0.4986604E-03
 47.00    19.00   31  0.7809380E+00   0.1632171E-02   0.2289301E-03
 48.00    19.00   31  0.7500002E+00   0.1371046E-02   0.2500000E-03
 49.00    19.00   31  0.7500000E+00   0.4800563E-01   0.2500000E-03
 50.00    19.00   31  0.7500001E+00   0.4973185E-02   0.2500000E-03
 51.00    19.00   31  0.7500001E+00   0.2571276E-01   0.2500000E-03
 44.00    20.00   31  0.4727548E-03   0.4367730E-04   0.4934885E-03
 45.00    20.00   31  0.7858814E-03   0.8364997E-05   0.4915177E-03
 46.00    20.00   31  0.6156507E+00   0.6230639E-03   0.5175121E-04
 47.00    20.00   31  0.8285493E+00   0.2049784E-03   0.1945277E-03
 48.00    20.00   31  0.8053474E+00   0.2244936E-03   0.2116222E-03
 49.00    20.00   31  0.7514346E+00   0.3772878E-02   0.2490426E-03
 50.00    20.00   31  0.7500000E+00   0.1705056E-02   0.2500000E-03
 51.00    20.00   31  0.7500002E+00   0.4005311E-01   0.2500000E-03
 44.00    21.00   31  0.2199352E-02   0.2045597E-04   0.4853772E-03
 45.00    21.00   31  0.5592051E-01   0.4334782E-04   0.4057114E-03
 46.00    21.00   31  0.2918226E+00   0.7971845E-04   0.2228567E-03
 47.00    21.00   31  0.6763765E+00   0.8942592E-04   0.2675274E-04
 48.00    21.00   31  0.9893703E+00   0.1451574E-03   0.3491889E-04
 49.00    21.00   31  0.7527049E+00   0.6089772E-03   0.2481935E-03
 50.00    21.00   31  0.7500000E+00   0.1144015E-02   0.2500000E-03
 51.00    21.00   31  0.7499999E+00   0.3108472E+00   0.2500000E-03
 43.00    22.00   31  0.2036849E-03   0.2810603E-04   0.4957787E-03
 44.00    22.00   31  0.4898535E-01   0.5164713E-04   0.4132005E-03
 45.00    22.00   31  0.3786059E-01   0.1846063E-04   0.4259735E-03
 46.00    22.00   31  0.2163539E-01   0.1065716E-04   0.4471830E-03
 47.00    22.00   31  0.1388097E+00   0.2138806E-04   0.3307863E-03
 48.00    22.00   31  0.9213009E+00   0.8851098E-04   0.1170805E-03
 49.00    22.00   31  0.7501578E+00   0.2483452E-03   0.2498948E-03
 50.00    22.00   31  0.7500002E+00   0.8871690E-03   0.2500000E-03
 51.00    22.00   31  0.7500000E+00   0.2363052E+00   0.2500000E-03
 43.00    23.00   31  0.4199558E-02   0.4441454E-04   0.4792323E-03
 44.00    23.00   31  0.2976781E-01   0.1667165E-04   0.4360569E-03
 45.00    23.00   31  0.8282678E-02   0.5885866E-05   0.4696956E-03
 46.00    23.00   31  0.1531866E-01   0.1114870E-04   0.4568865E-03
 47.00    23.00   31  0.7106332E+00   0.5857274E-04   0.1377836E-04
 48.00    23.00   31  0.8169744E+00   0.5787449E-04   0.2031400E-03
 49.00    23.00   31  0.7501709E+00   0.2221288E-03   0.2498860E-03
 50.00    23.00   31  0.7500000E+00   0.1994409E-02   0.2500000E-03
 51.00    23.00   31  0.7499999E+00   0.2154219E+00   0.2500000E-03
 43.00    24.00   31  0.4047961E-02   0.2443170E-04   0.4796467E-03
 44.00    24.00   31  0.1418135E-01   0.8378187E-05   0.4587770E-03
 45.00    24.00   31  0.4907365E-02   0.6079038E-05   0.4773736E-03
 46.00    24.00   31  0.3776489E-01   0.2810032E-04   0.4260883E-03
 47.00    24.00   31  0.7708700E+00   0.8394612E-04  -0.6757386E-05
 48.00    24.00   31  0.8640885E+00   0.7380047E-04   0.1668832E-03
 49.00    24.00   31  0.7501368E+00   0.3719263E-03   0.2499089E-03
 50.00    24.00   31  0.7500001E+00   0.1110501E-01   0.2500000E-03
 43.00    25.00   31  0.1623637E-02   0.2243682E-04   0.4875657E-03
 44.00    25.00   31  0.7402353E-02   0.7823101E-05   0.4715542E-03
 45.00    25.00   31  0.1139001E-02   0.5534556E-05   0.4896935E-03
 46.00    25.00   31  0.4809186E-01   0.6557208E-04   0.4141891E-03
 47.00    25.00   31  0.9788162E+00   0.1284198E-03  -0.3097637E-04
 48.00    25.00   31  0.8357812E+00   0.9993008E-04   0.1890561E-03
 49.00    25.00   31  0.7500000E+00   0.9935148E-03   0.2500000E-03
 50.00    25.00   31  0.7500000E+00   0.3137691E+00   0.2500000E-03
 43.00    26.00   31  0.4218342E-03   0.1096760E-03   0.4938614E-03
 44.00    26.00   31  0.1004934E-02   0.9436273E-05   0.4903509E-03
 45.00    26.00   31  0.6122977E-04   0.3376309E-05   0.4977106E-03
 46.00    26.00   31  0.9390447E-02   0.1089938E-03   0.4674626E-03
 47.00    26.00   31  0.9607780E+00   0.1364314E-03   0.7564962E-04
 48.00    26.00   31  0.7698167E+00   0.9175399E-04   0.2366095E-03
 49.00    26.00   31  0.7500001E+00   0.8237456E-03   0.2500000E-03
 50.00    26.00   31  0.7500002E+00   0.4945459E-01   0.2500000E-03
 44.00    27.00   31  0.1553829E-03   0.7995316E-04   0.4963242E-03
 45.00    27.00   31  0.6150073E-05   0.8170980E-05   0.4992810E-03
 46.00    27.00   31  0.1075286E-03   0.1076674E-03   0.4969530E-03
 47.00    27.00   31  0.9135122E+00   0.1666567E-03   0.1243858E-03
 48.00    27.00   31  0.7721319E+00   0.4885622E-04   0.2350208E-03
 49.00    27.00   31  0.7500048E+00   0.8915758E-04   0.2499969E-03
 50.00    27.00   31  0.7499871E+00   0.1873500E-03   0.2499957E-03
 51.00    27.00   31  0.5130385E+00   0.1418366E-03   0.2114231E-03
 47.00    28.00   31  0.9664578E+00   0.3551475E-03   0.6874622E-04
 48.00    28.00   31  0.7890294E+00   0.4167356E-04   0.2232641E-03
 49.00    28.00   31  0.7503142E+00   0.2563352E-04   0.2497904E-03
 50.00    28.00   31  0.7499962E+00   0.2992081E-04   0.2499988E-03
 51.00    28.00   31  0.6961059E+00   0.1823712E-04   0.2344550E-03
 52.00    28.00   31  0.4795538E+00   0.1268745E-04   0.2115663E-03
 53.00    28.00   31  0.5678912E+00   0.3315220E-04   0.2139984E-03
 54.00    28.00   31  0.6907538E+00   0.3859849E-03   0.2331587E-03
 47.00    29.00   31  0.9999995E+00   0.1148305E-02   0.1802109E-06
 48.00    29.00   31  0.8151264E+00   0.4426623E-04   0.2044991E-03
 49.00    29.00   31  0.7522450E+00   0.1522043E-04   0.2485011E-03
 50.00    29.00   31  0.7501144E+00   0.1799240E-04   0.2499237E-03
 51.00    29.00   31  0.7454208E+00   0.1546957E-04   0.2483797E-03
 52.00    29.00   31  0.7396379E+00   0.2030780E-04   0.2466384E-03
 53.00    29.00   31  0.7499835E+00   0.8245344E-04   0.2499945E-03
 54.00    29.00   31  0.7500000E+00   0.5776660E-03   0.2500000E-03
 55.00    29.00   31  0.7500000E+00   0.8678824E+01   0.2500000E-03
 47.00    30.00   31  0.8559015E+00   0.1096339E-01  -0.2933049E-04
 48.00    30.00   31  0.8610878E+00   0.7816326E-04   0.1692958E-03
 49.00    30.00   31  0.7665292E+00   0.1664411E-04   0.2388562E-03
 50.00    30.00   31  0.7551532E+00   0.1839717E-04   0.2465526E-03
 51.00    30.00   31  0.7522677E+00   0.2204130E-04   0.2484859E-03
 52.00    30.00   31  0.7500992E+00   0.2659993E-04   0.2499338E-03
 53.00    30.00   31  0.7501025E+00   0.1218815E-03   0.2499316E-03
 54.00    30.00   31  0.7500000E+00   0.6601003E-03   0.2500000E-03
 55.00    30.00   31  0.7500001E+00   0.4372533E+00   0.2500000E-03
 47.00    31.00   31  0.8974802E+00   0.1517989E+00  -0.3630412E-04
 48.00    31.00   31  0.8939111E+00   0.2232279E-03   0.1419424E-03
 49.00    31.00   31  0.8013013E+00   0.3874643E-04   0.2145367E-03
 50.00    31.00   31  0.7764108E+00   0.3426653E-04   0.2320712E-03
 51.00    31.00   31  0.7585136E+00   0.3634346E-04   0.2442918E-03
 52.00    31.00   31  0.7519795E+00   0.3360889E-04   0.2486785E-03
 53.00    31.00   31  0.7522795E+00   0.1869514E-03   0.2484780E-03
 54.00    31.00   31  0.7500002E+00   0.2556819E-02   0.2500000E-03
 55.00    31.00   31  0.7500001E+00   0.4582461E+00   0.2500000E-03
 48.00    32.00   31  0.9296379E+00   0.3074617E-02   0.1090116E-03
 49.00    32.00   31  0.8877385E+00   0.4545488E-03   0.1472622E-03
 50.00    32.00   31  0.8228419E+00   0.1719927E-03   0.1987959E-03
 51.00    32.00   31  0.7777476E+00   0.6785172E-04   0.2311457E-03
 52.00    32.00   31  0.7543093E+00   0.7572332E-04   0.2471188E-03
 53.00    32.00   31  0.7555152E+00   0.1385472E-02   0.2463097E-03
 54.00    32.00   31  0.7500000E+00   0.5572910E-01   0.2500000E-03
 49.00    33.00   31  0.9967573E+00   0.4862433E+00  -0.1479057E-04
 50.00    33.00   31  0.9213353E+00   0.5729675E-02   0.1170481E-03
 51.00    33.00   31  0.8081041E+00   0.3607623E-03   0.2096259E-03
 52.00    33.00   31  0.7815932E+00   0.6054625E-03   0.2284738E-03
 53.00    33.00   31  0.7620583E+00   0.1237733E+00   0.2418955E-03
 50.00    34.00   31  0.7500001E+00   0.2219959E+02   0.2500000E-03
 51.00    34.00   31  0.8765779E+00   0.1554384E+00   0.1566625E-03
 52.00    34.00   31  0.1175233E+00   0.3392906E+00   0.3482726E-03
 50.00    18.00   32  0.7500000E+00   0.1531652E-01   0.2500000E-03
 51.00    18.00   32  0.7499999E+00   0.2578465E-01   0.2500000E-03
 46.00    19.00   32  0.5259377E-07   0.2468525E-06   0.4999338E-03
 47.00    19.00   32  0.8280766E+00   0.6896019E-02   0.1948828E-03
 48.00    19.00   32  0.7500001E+00   0.8374619E-02   0.2500000E-03
 49.00    19.00   32  0.7500001E+00   0.1337410E-01   0.2500000E-03
 50.00    19.00   32  0.7500000E+00   0.3115783E-02   0.2500000E-03
 51.00    19.00   32  0.7500001E+00   0.1853387E-01   0.2500000E-03
 45.00    20.00   32  0.3695176E-10   0.2472979E-08   0.4999983E-03
 46.00    20.00   32  0.9615351E-02   0.8515384E-04   0.4670219E-03
 47.00    20.00   32  0.7899255E+00   0.4032502E-03   0.2226323E-03
 48.00    20.00   32  0.7839960E+00   0.4749618E-03   0.2267967E-03
 49.00    20.00   32  0.7500001E+00   0.1567635E-02   0.2500000E-03
 50.00    20.00   32  0.7499999E+00   0.1239686E-02   0.2500001E-03
 51.00    20.00   32  0.7500001E+00   0.2596644E+00   0.2500000E-03
 44.00    21.00   32  0.3816042E-04   0.7867584E-05   0.4981977E-03
 45.00    21.00   32  0.4123399E-02   0.1440155E-04   0.4794397E-03
 46.00    21.00   32  0.3142282E+00   0.1881138E-03   0.2088807E-03
 47.00    21.00   32  0.9998550E+00   0.1586462E-03  -0.3403460E-05
 48.00    21.00   32  0.9232842E+00   0.1799898E-03   0.1151860E-03
 49.00    21.00   32  0.7500000E+00   0.4214407E-03   0.2500000E-03
 50.00    21.00   32  0.7499999E+00   0.1462801E-02   0.2500000E-03
 51.00    21.00   32  0.7500001E+00   0.1014549E+01   0.2500000E-03
 43.00    22.00   32  0.4893566E-04   0.3873158E-04   0.4979562E-03
 44.00    22.00   32  0.1645687E-01   0.5091583E-04   0.4550451E-03
 45.00    22.00   32  0.3574940E-01   0.2545726E-04   0.4285285E-03
 46.00    22.00   32  0.5713791E-01   0.2367148E-04   0.4044278E-03
 47.00    22.00   32  0.2112219E+00   0.3455446E-04   0.2765589E-03
 48.00    22.00   32  0.9238739E+00   0.1074033E-03   0.1146198E-03
 49.00    22.00   32  0.7499999E+00   0.1966862E-03   0.2500000E-03
 50.00    22.00   32  0.7500000E+00   0.1023295E-02   0.2500000E-03
 51.00    22.00   32  0.7500000E+00   0.1507353E+01   0.2500000E-03
 43.00    23.00   32  0.4046102E-03   0.2827119E-04   0.4939922E-03
 44.00    23.00   32  0.4564382E-01   0.3849564E-04   0.4169283E-03
 45.00    23.00   32  0.1784606E-01   0.1076070E-04   0.4528588E-03
 46.00    23.00   32  0.2380307E-01   0.1196995E-04   0.4440942E-03
 47.00    23.00   32  0.6660490E+00   0.6121250E-04   0.3082983E-04
 48.00    23.00   32  0.7985298E+00   0.7338660E-04   0.2165223E-03
 49.00    23.00   32  0.7500001E+00   0.2269297E-03   0.2500000E-03
 50.00    23.00   32  0.7500000E+00   0.2210929E-02   0.2500000E-03
 51.00    23.00   32  0.7500001E+00   0.2147632E+01   0.2500000E-03
 43.00    24.00   32  0.1416391E-02   0.2506451E-04   0.4884353E-03
 44.00    24.00   32  0.2634343E-01   0.1628931E-04   0.4405957E-03
 45.00    24.00   32  0.1327281E-01   0.9100223E-05   0.4603275E-03
 46.00    24.00   32  0.3833822E-01   0.1869828E-04   0.4254020E-03
 47.00    24.00   32  0.8923284E+00   0.7561407E-04  -0.3564346E-04
 48.00    24.00   32  0.8070812E+00   0.7744185E-04   0.2103677E-03
 49.00    24.00   32  0.7500001E+00   0.3855908E-03   0.2500000E-03
 50.00    24.00   32  0.7500000E+00   0.1396310E-01   0.2500000E-03
 43.00    25.00   32  0.2455687E-02   0.3814874E-04   0.4844845E-03
 44.00    25.00   32  0.1696869E-01   0.1224615E-04   0.4542321E-03
 45.00    25.00   32  0.7481678E-02   0.9218455E-05   0.4713833E-03
 46.00    25.00   32  0.6282867E-01   0.4389822E-04   0.3985373E-03
 47.00    25.00   32  0.9519143E+00   0.1100219E-03  -0.3771839E-04
 48.00    25.00   32  0.8241245E+00   0.1005338E-03   0.1978405E-03
 49.00    25.00   32  0.7500001E+00   0.1127868E-02   0.2500000E-03
 50.00    25.00   32  0.7500001E+00   0.3233621E+00   0.2500000E-03
 43.00    26.00   32  0.7089088E-03   0.7142705E-04   0.4919622E-03
 44.00    26.00   32  0.7327647E-02   0.1236294E-04   0.4717158E-03
 45.00    26.00   32  0.1859887E-02   0.7056819E-05   0.4866321E-03
 46.00    26.00   32  0.3336367E-01   0.8200467E-04   0.4314767E-03
 47.00    26.00   32  0.9687771E+00   0.1262936E-03   0.6581767E-04
 48.00    26.00   32  0.7771833E+00   0.1326856E-03   0.2315365E-03
 49.00    26.00   32  0.7499999E+00   0.2874675E-02   0.2500000E-03
 43.00    27.00   32  0.2770468E-06   0.6492376E-04   0.4998479E-03
 44.00    27.00   32  0.1414116E-02   0.3008687E-04   0.4884451E-03
 45.00    27.00   32  0.7046995E-03   0.1156495E-04   0.4919872E-03
 46.00    27.00   32  0.2032760E-02   0.7540346E-04   0.4859816E-03
 47.00    27.00   32  0.9311390E+00   0.1515876E-03   0.1075281E-03
 48.00    27.00   32  0.7743550E+00   0.7892818E-04   0.2334906E-03
 49.00    27.00   32  0.7500035E+00   0.3710586E-03   0.2499978E-03
 50.00    27.00   32  0.7496361E+00   0.1241958E-02   0.2498789E-03
 51.00    27.00   32  0.2337147E+00   0.6227018E-03   0.2556695E-03
 44.00    28.00   32  0.5522291E-02   0.3094532E-02   0.4758461E-03
 45.00    28.00   32  0.4801415E-03   0.1135611E-03   0.4934360E-03
 47.00    28.00   32  0.9302112E+00   0.2734794E-03   0.1084463E-03
 48.00    28.00   32  0.7802075E+00   0.4789656E-04   0.2294383E-03
 49.00    28.00   32  0.7501165E+00   0.4458738E-04   0.2499223E-03
 50.00    28.00   32  0.7496223E+00   0.4886993E-04   0.2498742E-03
 51.00    28.00   32  0.6365057E+00   0.2787553E-04   0.2222914E-03
 52.00    28.00   32  0.1253073E+00   0.8014601E-05   0.3088583E-03
 53.00    28.00   32  0.2129023E+00   0.1856178E-04   0.2636564E-03
 54.00    28.00   32  0.5856667E+00   0.3963807E-03   0.2155935E-03
 55.00    28.00   32  0.7500000E+00   0.1282383E+02   0.2500000E-03
 47.00    29.00   32  0.9798280E+00   0.8740473E-03   0.5067055E-04
 48.00    29.00   32  0.8034167E+00   0.4755918E-04   0.2130154E-03
 49.00    29.00   32  0.7507806E+00   0.1850761E-04   0.2494793E-03
 50.00    29.00   32  0.7499896E+00   0.2179778E-04   0.2499689E-03
 51.00    29.00   32  0.7277585E+00   0.1563388E-04   0.2430006E-03
 52.00    29.00   32  0.7012357E+00   0.1658367E-04   0.2357374E-03
 53.00    29.00   32  0.7479324E+00   0.4917583E-04   0.2493146E-03
 54.00    29.00   32  0.7500000E+00   0.2971792E-03   0.2500000E-03
 55.00    29.00   32  0.7500001E+00   0.1311053E+01   0.2500000E-03
 47.00    30.00   32  0.9038439E+00   0.1128296E-01  -0.3702490E-04
 48.00    30.00   32  0.8507039E+00   0.7782981E-04   0.1775261E-03
 49.00    30.00   32  0.7603170E+00   0.1673732E-04   0.2430740E-03
 50.00    30.00   32  0.7532042E+00   0.1886486E-04   0.2478593E-03
 51.00    30.00   32  0.7524077E+00   0.2286663E-04   0.2481821E-03
 52.00    30.00   32  0.7505345E+00   0.2371032E-04   0.2494177E-03
 53.00    30.00   32  0.7503872E+00   0.7326883E-04   0.2497419E-03
 54.00    30.00   32  0.7499999E+00   0.3100367E-03   0.2500000E-03
 55.00    30.00   32  0.7500001E+00   0.8271075E-01   0.2500000E-03
 47.00    31.00   32  0.4674069E-01   0.3203150E+00   0.4156953E-03
 48.00    31.00   32  0.9040267E+00   0.2112546E-03   0.1330173E-03
 49.00    31.00   32  0.7934693E+00   0.2743637E-04   0.2201255E-03
 50.00    31.00   32  0.7695036E+00   0.2719305E-04   0.2368240E-03
 51.00    31.00   32  0.7612681E+00   0.4400291E-04   0.2424307E-03
 52.00    31.00   32  0.7547608E+00   0.3291700E-04   0.2468160E-03
 53.00    31.00   32  0.7538555E+00   0.1020745E-03   0.2474230E-03
 54.00    31.00   32  0.7500002E+00   0.1114795E-02   0.2500000E-03
 55.00    31.00   32  0.7500001E+00   0.8620516E-01   0.2500000E-03
 48.00    32.00   32  0.9113892E+00   0.9077547E-03   0.1263413E-03
 49.00    32.00   32  0.8338169E+00   0.1037781E-03   0.1905493E-03
 50.00    32.00   32  0.8059710E+00   0.9546935E-04   0.2111713E-03
 51.00    32.00   32  0.7768930E+00   0.8535475E-04   0.2317375E-03
 52.00    32.00   32  0.7568650E+00   0.6886174E-04   0.2454022E-03
 53.00    32.00   32  0.7533144E+00   0.4901761E-03   0.2477856E-03
 54.00    32.00   32  0.7500000E+00   0.3640670E-01   0.2500000E-03
 48.00    33.00   32  0.9905223E+00   0.4009011E-01   0.3270889E-04
 49.00    33.00   32  0.9420251E+00   0.3519614E-02   0.9644980E-04
 50.00    33.00   32  0.9108267E+00   0.2431451E-02   0.1268574E-03
 51.00    33.00   32  0.7985324E+00   0.3926988E-03   0.2165203E-03
 52.00    33.00   32  0.7665784E+00   0.3826137E-03   0.2388229E-03
 53.00    33.00   32  0.7751411E+00   0.1194704E-01   0.2329482E-03
 50.00    34.00   32  0.7500001E+00   0.2261872E+01   0.2500000E-03
 51.00    34.00   32  0.7566040E+00   0.3345598E-01   0.2455777E-03
 52.00    34.00   32  0.8085213E+00   0.6589898E-01   0.2093229E-03
 53.00    34.00   32  0.7500000E+00   0.1183579E+03   0.2500000E-03
 50.00    18.00   33  0.7500001E+00   0.9663803E-01   0.2500000E-03
 51.00    18.00   33  0.7500001E+00   0.1637727E+00   0.2500000E-03
 46.00    19.00   33  0.5673393E-04   0.1334790E-04   0.4977974E-03
 47.00    19.00   33  0.8043498E+00   0.6210064E-02   0.2123426E-03
 48.00    19.00   33  0.7500001E+00   0.1696993E-01   0.2500000E-03
 49.00    19.00   33  0.7500000E+00   0.4044274E-02   0.2500000E-03
 50.00    19.00   33  0.7500002E+00   0.3677737E-02   0.2500000E-03
 51.00    19.00   33  0.7500001E+00   0.7179219E-01   0.2500000E-03
 45.00    20.00   33  0.1020496E-06   0.1536867E-06   0.4999078E-03
 46.00    20.00   33  0.4053916E-01   0.2943469E-03   0.4227979E-03
 47.00    20.00   33  0.7729516E+00   0.4568283E-03   0.2344573E-03
 48.00    20.00   33  0.7636590E+00   0.7220830E-03   0.2408095E-03
 49.00    20.00   33  0.7500001E+00   0.9914697E-03   0.2500000E-03
 50.00    20.00   33  0.7500000E+00   0.1872980E-02   0.2500000E-03
 51.00    20.00   33  0.7500000E+00   0.7494410E+00   0.2500000E-03
 45.00    21.00   33  0.7184353E-04   0.2471459E-05   0.4975174E-03
 46.00    21.00   33  0.4053452E+00   0.3983361E-03   0.1555998E-03
 47.00    21.00   33  0.9611024E+00   0.1546906E-03   0.7526437E-04
 48.00    21.00   33  0.8598047E+00   0.2509240E-03   0.1703226E-03
 49.00    21.00   33  0.7500000E+00   0.5475417E-03   0.2500000E-03
 50.00    21.00   33  0.7500001E+00   0.6641441E-02   0.2500000E-03
 44.00    22.00   33  0.1346668E-02   0.3208340E-04   0.4887403E-03
 45.00    22.00   33  0.1110495E-01   0.1925416E-04   0.4641963E-03
 46.00    22.00   33  0.1255952E+00   0.5110638E-04   0.3415376E-03
 47.00    22.00   33  0.5016488E+00   0.6902842E-04   0.1048388E-03
 48.00    22.00   33  0.8790737E+00   0.1334453E-03   0.1545833E-03
 49.00    22.00   33  0.7499998E+00   0.3776437E-03   0.2500001E-03
 50.00    22.00   33  0.7500000E+00   0.1165295E-01   0.2500000E-03
 43.00    23.00   33  0.2032932E-04   0.1199818E-04   0.4986883E-03
 44.00    23.00   33  0.2737735E-01   0.4765045E-04   0.4392052E-03
 45.00    23.00   33  0.2566640E-01   0.1661055E-04   0.4415163E-03
 46.00    23.00   33  0.3007753E-01   0.1275260E-04   0.4356554E-03
 47.00    23.00   33  0.4405307E+00   0.5068495E-04   0.1364216E-03
 48.00    23.00   33  0.7924447E+00   0.9984389E-04   0.2208517E-03
 49.00    23.00   33  0.7500001E+00   0.3867549E-03   0.2500000E-03
 50.00    23.00   33  0.7500000E+00   0.1341021E-01   0.2500000E-03
 43.00    24.00   33  0.2172613E-03   0.1997268E-04   0.4956368E-03
 44.00    24.00   33  0.2915447E-01   0.2555775E-04   0.4368563E-03
 45.00    24.00   33  0.1512691E-01   0.1012843E-04   0.4572015E-03
 46.00    24.00   33  0.4143777E-01   0.1466257E-04   0.4217480E-03
 47.00    24.00   33  0.9960119E+00   0.6958784E-04  -0.1619937E-04
 48.00    24.00   33  0.7720016E+00   0.9488537E-04   0.2351105E-03
 49.00    24.00   33  0.7500001E+00   0.6959524E-03   0.2500000E-03
 50.00    24.00   33  0.7500001E+00   0.4162516E-01   0.2500000E-03
 43.00    25.00   33  0.6313829E-03   0.2894289E-04   0.4924330E-03
 44.00    25.00   33  0.1805506E-01   0.1522761E-04   0.4525352E-03
 45.00    25.00   33  0.1041573E-01   0.9283941E-05   0.4654845E-03
 46.00    25.00   33  0.1003259E+00   0.3494786E-04   0.3631092E-03
 47.00    25.00   33  0.9970821E+00   0.8873949E-04  -0.1411163E-04
 48.00    25.00   33  0.7858863E+00   0.1199379E-03   0.2254731E-03
 49.00    25.00   33  0.7500000E+00   0.2273383E-02   0.2500000E-03
 50.00    25.00   33  0.7500001E+00   0.4986978E+01   0.2500000E-03
 43.00    26.00   33  0.1212437E-03   0.2858965E-04   0.4967610E-03
 44.00    26.00   33  0.7233532E-02   0.1116972E-04   0.4719204E-03
 45.00    26.00   33  0.4775096E-02   0.6615857E-05   0.4777121E-03
 46.00    26.00   33  0.8596559E-01   0.6635379E-04   0.3760978E-03
 47.00    26.00   33  0.9903127E+00   0.1154270E-03   0.3311838E-04
 48.00    26.00   33  0.7894998E+00   0.1951447E-03   0.2229326E-03
 49.00    26.00   33  0.7500001E+00   0.1081347E-01   0.2500000E-03
 44.00    27.00   33  0.3544994E-02   0.1971171E-04   0.4810703E-03
 45.00    27.00   33  0.3394193E-02   0.8034626E-05   0.4815134E-03
 46.00    27.00   33  0.1546932E-01   0.6046719E-04   0.4566400E-03
 47.00    27.00   33  0.9447092E+00   0.1344255E-03   0.9362132E-04
 48.00    27.00   33  0.7678065E+00   0.1549389E-03   0.2379846E-03
 49.00    27.00   33  0.7500001E+00   0.3620775E-02   0.2500000E-03
 50.00    27.00   33  0.7500001E+00   0.3700197E+00   0.2500000E-03
 44.00    28.00   33  0.1724638E-02   0.1736145E-03   0.4871597E-03
 45.00    28.00   33  0.1326833E-02   0.1759603E-04   0.4888284E-03
 46.00    28.00   33  0.1862057E-03   0.1615993E-04   0.4959681E-03
 47.00    28.00   33  0.9013184E+00   0.1818344E-03   0.1354336E-03
 48.00    28.00   33  0.7722793E+00   0.6265728E-04   0.2349197E-03
 49.00    28.00   33  0.7500001E+00   0.1578000E-03   0.2500000E-03
 50.00    28.00   33  0.7485819E+00   0.2405052E-03   0.2495291E-03
 51.00    28.00   33  0.2692877E+00   0.9372835E-04   0.2438934E-03
 54.00    28.00   33  0.1688890E+00   0.3849925E-03   0.2836935E-03
 55.00    28.00   33  0.7499999E+00   0.2745776E+01   0.2500000E-03
 45.00    29.00   33  0.9732254E-03   0.3675822E-03   0.4905121E-03
 46.00    29.00   33  0.1393380E-05   0.1036899E-04   0.4996586E-03
 47.00    29.00   33  0.9263221E+00   0.4593232E-03   0.1122541E-03
 48.00    29.00   33  0.7835625E+00   0.4647313E-04   0.2270998E-03
 49.00    29.00   33  0.7503671E+00   0.3100399E-04   0.2497552E-03
 50.00    29.00   33  0.7496225E+00   0.2975535E-04   0.2498743E-03
 51.00    29.00   33  0.6502032E+00   0.1650655E-04   0.2246584E-03
 52.00    29.00   33  0.4562469E+00   0.1328115E-04   0.2124322E-03
 53.00    29.00   33  0.6764368E+00   0.4249273E-04   0.2298951E-03
 54.00    29.00   33  0.7500001E+00   0.4075713E-03   0.2500000E-03
 55.00    29.00   33  0.7500000E+00   0.2220198E+01   0.2500000E-03
 47.00    30.00   33  0.9897268E+00   0.1947432E-02   0.3424543E-04
 48.00    30.00   33  0.8156595E+00   0.5726607E-04   0.2041074E-03
 49.00    30.00   33  0.7522913E+00   0.1715566E-04   0.2484701E-03
 50.00    30.00   33  0.7502517E+00   0.1986491E-04   0.2497862E-03
 51.00    30.00   33  0.7411852E+00   0.1708691E-04   0.2467765E-03
 52.00    30.00   33  0.7396565E+00   0.2076775E-04   0.2464896E-03
 53.00    30.00   33  0.7501289E+00   0.6334130E-04   0.2499098E-03
 54.00    30.00   33  0.7500001E+00   0.2784081E-03   0.2500000E-03
 55.00    30.00   33  0.7499999E+00   0.7323640E-01   0.2500000E-03
 47.00    31.00   33  0.8984186E+00   0.4840534E-01  -0.3641710E-04
 48.00    31.00   33  0.8637072E+00   0.1239459E-03   0.1671907E-03
 49.00    31.00   33  0.7704892E+00   0.1894456E-04   0.2361487E-03
 50.00    31.00   33  0.7591038E+00   0.2014694E-04   0.2438935E-03
 51.00    31.00   33  0.7568470E+00   0.3044022E-04   0.2454045E-03
 52.00    31.00   33  0.7532825E+00   0.2831815E-04   0.2477995E-03
 53.00    31.00   33  0.7556168E+00   0.8249584E-04   0.2462414E-03
 54.00    31.00   33  0.7500000E+00   0.7148079E-03   0.2500000E-03
 55.00    31.00   33  0.7500001E+00   0.1333946E+00   0.2500000E-03
 48.00    32.00   33  0.9278906E+00   0.4307022E-03   0.1107260E-03
 49.00    32.00   33  0.8124696E+00   0.3855592E-04   0.2064458E-03
 50.00    32.00   33  0.7861630E+00   0.3887613E-04   0.2252790E-03
 51.00    32.00   33  0.7694534E+00   0.6330865E-04   0.2368583E-03
 52.00    32.00   33  0.7573777E+00   0.5183347E-04   0.2450571E-03
 53.00    32.00   33  0.7594908E+00   0.2237663E-03   0.2436323E-03
 54.00    32.00   33  0.7500000E+00   0.1571327E-01   0.2500000E-03
 48.00    33.00   33  0.9416414E+00   0.2331001E-02   0.9685080E-04
 49.00    33.00   33  0.8543205E+00   0.1847847E-03   0.1746799E-03
 50.00    33.00   33  0.8333939E+00   0.2383615E-03   0.1908703E-03
 51.00    33.00   33  0.8011557E+00   0.2018978E-03   0.2146412E-03
 52.00    33.00   33  0.7684570E+00   0.1744791E-03   0.2375401E-03
 53.00    33.00   33  0.7589052E+00   0.2033453E-02   0.2440276E-03
 48.00    34.00   33  0.9939347E+00   0.8846811E-01   0.2544635E-04
 49.00    34.00   33  0.9352852E+00   0.7283700E-02   0.1033777E-03
 50.00    34.00   33  0.9390766E+00   0.2687061E-01   0.9950972E-04
 51.00    34.00   33  0.8232400E+00   0.7277068E-02   0.1984996E-03
 52.00    34.00   33  0.8033633E+00   0.5608549E-02   0.2130538E-03
 53.00    34.00   33  0.9050706E+00   0.2985679E+00   0.1320803E-03
 46.00    19.00   34  0.8242420E-04   0.5500187E-04   0.4973381E-03
 47.00    19.00   34  0.9983681E+00   0.1904546E-01  -0.1083623E-04
 48.00    19.00   34  0.7500000E+00   0.7594647E-01   0.2500000E-03
 49.00    19.00   34  0.7500000E+00   0.3409697E-02   0.2500000E-03
 50.00    19.00   34  0.7500000E+00   0.5437916E-02   0.2500000E-03
 51.00    19.00   34  0.7500001E+00   0.5056785E-01   0.2500000E-03
 46.00    20.00   34  0.9999948E+00   0.2889231E-02  -0.6523333E-06
 47.00    20.00   34  0.7638054E+00   0.3869511E-03   0.2407101E-03
 48.00    20.00   34  0.7784275E+00   0.1113438E-02   0.2306744E-03
 49.00    20.00   34  0.7500002E+00   0.6220418E-03   0.2500000E-03
 50.00    20.00   34  0.7500000E+00   0.2260097E-02   0.2500000E-03
 51.00    20.00   34  0.7500001E+00   0.8551265E-01   0.2500000E-03
 44.00    21.00   34  0.2145690E-06   0.1078236E-05   0.4998662E-03
 45.00    21.00   34  0.7443391E-05   0.1246662E-05   0.4992087E-03
 46.00    21.00   34  0.9936709E+00   0.7454976E-03  -0.1972867E-04
 47.00    21.00   34  0.9440333E+00   0.1582224E-03   0.9433751E-04
 48.00    21.00   34  0.8153398E+00   0.3292706E-03   0.2043423E-03
 49.00    21.00   34  0.7500001E+00   0.6744768E-03   0.2500000E-03
 50.00    21.00   34  0.7500001E+00   0.5264326E-01   0.2500000E-03
 44.00    22.00   34  0.1326536E-04   0.7811118E-05   0.4989420E-03
 45.00    22.00   34  0.2647380E-02   0.1414851E-04   0.4838429E-03
 46.00    22.00   34  0.4142718E+00   0.1540485E-03   0.1506640E-03
 47.00    22.00   34  0.8536062E+00   0.1079411E-03  -0.2884999E-04
 48.00    22.00   34  0.7982606E+00   0.1949166E-03   0.2167146E-03
 49.00    22.00   34  0.7499999E+00   0.1016154E-02   0.2500000E-03
 43.00    23.00   34  0.8833087E-05   0.7668566E-04   0.4991377E-03
 44.00    23.00   34  0.5287061E-02   0.5374258E-04   0.4764218E-03
 45.00    23.00   34  0.3337508E-01   0.3102281E-04   0.4314624E-03
 46.00    23.00   34  0.6182812E-01   0.2066223E-04   0.3995606E-03
 47.00    23.00   34  0.6067008E+00   0.6966059E-04   0.5563686E-04
 48.00    23.00   34  0.7620352E+00   0.1501783E-03   0.2419111E-03
 49.00    23.00   34  0.7500000E+00   0.1060264E-02   0.2500000E-03
 50.00    23.00   34  0.7500000E+00   0.2876777E+01   0.2500000E-03
 43.00    24.00   34  0.1250712E-04   0.1600994E-04   0.4989729E-03
 44.00    24.00   34  0.2860401E-01   0.4929239E-04   0.4375785E-03
 45.00    24.00   34  0.3416876E-01   0.1958140E-04   0.4304742E-03
 46.00    24.00   34  0.5324797E-01   0.1546149E-04   0.4085605E-03
 47.00    24.00   34  0.9960646E+00   0.7825511E-04  -0.1610618E-04
 48.00    24.00   34  0.7572550E+00   0.1457035E-03   0.2451398E-03
 49.00    24.00   34  0.7500000E+00   0.1708333E-02   0.2500000E-03
 50.00    24.00   34  0.7500000E+00   0.6952183E+00   0.2500000E-03
 43.00    25.00   34  0.1675156E-04   0.1219114E-04   0.4988101E-03
 44.00    25.00   34  0.2662751E-01   0.3206531E-04   0.4402118E-03
 45.00    25.00   34  0.1887834E-01   0.1328908E-04   0.4512735E-03
 46.00    25.00   34  0.1443075E+00   0.3164895E-04   0.3264055E-03
 47.00    25.00   34  0.9914440E+00   0.8340847E-04   0.3086575E-04
 48.00    25.00   34  0.7707596E+00   0.1734444E-03   0.2359631E-03
 49.00    25.00   34  0.7500000E+00   0.5419882E-02   0.2500000E-03
 43.00    26.00   34  0.7092933E-06   0.8367795E-05   0.4997565E-03
 44.00    26.00   34  0.1709114E-01   0.2972152E-04   0.4540390E-03
 45.00    26.00   34  0.1276499E-01   0.1089559E-04   0.4612112E-03
 46.00    26.00   34  0.9760163E-01   0.5453195E-04   0.3655276E-03
 47.00    26.00   34  0.9979395E+00   0.1343665E-03   0.1412141E-04
 48.00    26.00   34  0.7735185E+00   0.2827582E-03   0.2340669E-03
 49.00    26.00   34  0.7500000E+00   0.1907865E-01   0.2500000E-03
 44.00    27.00   34  0.3439113E-02   0.3004299E-04   0.4813806E-03
 45.00    27.00   34  0.7870436E-02   0.9472652E-05   0.4705558E-03
 46.00    27.00   34  0.1560887E-01   0.2508040E-04   0.4564124E-03
 47.00    27.00   34  0.9610938E+00   0.1439643E-03   0.7527461E-04
 48.00    27.00   34  0.7667765E+00   0.2428616E-03   0.2386876E-03
 49.00    27.00   34  0.7500001E+00   0.5214449E-01   0.2500000E-03
 44.00    28.00   34  0.1304796E-02   0.9778304E-04   0.4889269E-03
 45.00    28.00   34  0.3150159E-02   0.1026872E-04   0.4822482E-03
 46.00    28.00   34  0.1063832E-02   0.8294722E-05   0.4900576E-03
 47.00    28.00   34  0.9323680E+00   0.1761709E-03   0.1063062E-03
 48.00    28.00   34  0.7798959E+00   0.1139558E-03   0.2296550E-03
 49.00    28.00   34  0.7500000E+00   0.1402928E-02   0.2500000E-03
 50.00    28.00   34  0.7451793E+00   0.1021662E-01   0.2484136E-03
 44.00    29.00   34  0.5929133E-02   0.4116761E-02   0.4748732E-03
 45.00    29.00   34  0.1400054E-02   0.3140663E-04   0.4885061E-03
 46.00    29.00   34  0.2186498E-03   0.8569495E-05   0.4956226E-03
 47.00    29.00   34  0.9316098E+00   0.3544620E-03   0.1070609E-03
 48.00    29.00   34  0.7815769E+00   0.5777822E-04   0.2284852E-03
 49.00    29.00   34  0.7500623E+00   0.8341388E-04   0.2499585E-03
 50.00    29.00   34  0.7486147E+00   0.7013293E-04   0.2495400E-03
 51.00    29.00   34  0.3972763E+00   0.2853098E-04   0.2174829E-03
 53.00    29.00   34  0.3774590E+00   0.3684069E-04   0.2201288E-03
 54.00    29.00   34  0.7499977E+00   0.1131984E-02   0.2499993E-03
 45.00    30.00   34  0.1755642E-06   0.3883163E-05   0.4998790E-03
 46.00    30.00   34  0.9767395E-07   0.1141512E-05   0.4999097E-03
 47.00    30.00   34  0.9441628E+00   0.1140816E-02   0.9420057E-04
 48.00    30.00   34  0.7865004E+00   0.5335209E-04   0.2250423E-03
 49.00    30.00   34  0.7508161E+00   0.2428588E-04   0.2494556E-03
 50.00    30.00   34  0.7496856E+00   0.2083218E-04   0.2498552E-03
 51.00    30.00   34  0.7068135E+00   0.1278151E-04   0.2371470E-03
 52.00    30.00   34  0.6795556E+00   0.1548087E-04   0.2305810E-03
 53.00    30.00   34  0.7483321E+00   0.5298414E-04   0.2494465E-03
 54.00    30.00   34  0.7500000E+00   0.3483880E-03   0.2500000E-03
 55.00    30.00   34  0.7500000E+00   0.5123325E-01   0.2500000E-03
 47.00    31.00   34  0.9445997E+00   0.6795564E-02   0.9373753E-04
 48.00    31.00   34  0.8235564E+00   0.7408542E-04   0.1982639E-03
 49.00    31.00   34  0.7557161E+00   0.1597334E-04   0.2461746E-03
 50.00    31.00   34  0.7514304E+00   0.1742102E-04   0.2490455E-03
 51.00    31.00   34  0.7506903E+00   0.1925095E-04   0.2486628E-03
 52.00    31.00   34  0.7500632E+00   0.2226701E-04   0.2493105E-03
 53.00    31.00   34  0.7531657E+00   0.7349054E-04   0.2478851E-03
 54.00    31.00   34  0.7500000E+00   0.6737933E-03   0.2500000E-03
 55.00    31.00   34  0.7500000E+00   0.3708503E-01   0.2500000E-03
 47.00    32.00   34  0.7781152E+00   0.5034634E+00  -0.9006239E-05
 48.00    32.00   34  0.9131886E+00   0.2031188E-03   0.1246845E-03
 49.00    32.00   34  0.7846683E+00   0.2268988E-04   0.2263264E-03
 50.00    32.00   34  0.7613525E+00   0.2207069E-04   0.2423736E-03
 51.00    32.00   34  0.7596717E+00   0.4004303E-04   0.2435100E-03
 52.00    32.00   34  0.7560699E+00   0.3419910E-04   0.2459370E-03
 53.00    32.00   34  0.7562025E+00   0.1225653E-03   0.2458478E-03
 54.00    32.00   34  0.7500000E+00   0.8424720E-02   0.2500000E-03
 48.00    33.00   34  0.9282717E+00   0.6937321E-03   0.1103532E-03
 49.00    33.00   34  0.8318682E+00   0.5019430E-04   0.1920257E-03
 50.00    33.00   34  0.7944411E+00   0.5589102E-04   0.2194358E-03
 51.00    33.00   34  0.7630686E+00   0.9024339E-04   0.2412104E-03
 52.00    33.00   34  0.7619769E+00   0.8438855E-04   0.2419505E-03
 53.00    33.00   34  0.7539672E+00   0.4535199E-03   0.2473482E-03
 48.00    34.00   34  0.9821321E+00   0.4314832E-02   0.4717504E-04
 49.00    34.00   34  0.8912104E+00   0.2917275E-03   0.1442811E-03
 50.00    34.00   34  0.8576786E+00   0.7048867E-03   0.1720179E-03
 51.00    34.00   34  0.7975104E+00   0.7430467E-03   0.2172503E-03
 52.00    34.00   34  0.7642457E+00   0.9059145E-03   0.2404108E-03
 53.00    34.00   34  0.7500001E+00   0.1839749E-01   0.2500000E-03
 48.00    35.00   34  0.1162340E+00   0.9327460E-01   0.3493612E-03
 49.00    35.00   34  0.4136691E+00   0.2049410E-01   0.1509956E-03
 50.00    35.00   34  0.9453615E-01   0.3191023E-01   0.3682734E-03
 51.00    35.00   34  0.9979822E+00   0.4781187E+00  -0.1194538E-04
 52.00    35.00   34  0.7500001E+00   0.1983706E+02   0.2500000E-03
 47.00    19.00   35  0.2149045E+00   0.1460894E-01   0.2739727E-03
 48.00    19.00   35  0.7500000E+00   0.4108167E+00   0.2500000E-03
 49.00    19.00   35  0.7500000E+00   0.1718715E-01   0.2500000E-03
 50.00    19.00   35  0.7500001E+00   0.6510451E-01   0.2500000E-03
 51.00    19.00   35  0.7500000E+00   0.7338580E+00   0.2500000E-03
 45.00    20.00   35  0.5145089E-03   0.9279962E-04   0.4931965E-03
 46.00    20.00   35  0.7910773E+00   0.1540959E-02   0.2218190E-03
 47.00    20.00   35  0.7536054E+00   0.6138632E-03   0.2475906E-03
 48.00    20.00   35  0.7547725E+00   0.2122551E-02   0.2468082E-03
 49.00    20.00   35  0.7499999E+00   0.6575522E-03   0.2500000E-03
 50.00    20.00   35  0.7499999E+00   0.2969739E-02   0.2500000E-03
 51.00    20.00   35  0.7499999E+00   0.5664289E-01   0.2500001E-03
 45.00    21.00   35  0.2873918E-02   0.1063471E-03   0.4831098E-03
 46.00    21.00   35  0.8802441E+00   0.3536620E-03   0.1536038E-03
 47.00    21.00   35  0.8507704E+00   0.1856593E-03   0.1774741E-03
 48.00    21.00   35  0.7717999E+00   0.5206600E-03   0.2352490E-03
 49.00    21.00   35  0.7500000E+00   0.8107404E-03   0.2500000E-03
 50.00    21.00   35  0.7500001E+00   0.8566364E-02   0.2500000E-03
 51.00    21.00   35  0.7500001E+00   0.3439512E+00   0.2500000E-03
 45.00    22.00   35  0.2496043E-02   0.3057053E-04   0.4843477E-03
 46.00    22.00   35  0.9575822E+00   0.2440853E-03  -0.3697083E-04
 47.00    22.00   35  0.9931586E+00   0.1767119E-03   0.2721604E-04
 48.00    22.00   35  0.7525760E+00   0.4544827E-03   0.2482797E-03
 49.00    22.00   35  0.7500000E+00   0.3833357E-02   0.2500001E-03
 44.00    23.00   35  0.1798012E-07   0.2978072E-06   0.4999613E-03
 45.00    23.00   35  0.1882005E-01   0.4335988E-04   0.4513622E-03
 46.00    23.00   35  0.2759385E+00   0.7936047E-04   0.2329971E-03
 47.00    23.00   35  0.9940847E+00   0.1672743E-03  -0.1917913E-04
 48.00    23.00   35  0.7500470E+00   0.4029061E-03   0.2499686E-03
 49.00    23.00   35  0.7500000E+00   0.1317936E-01   0.2500000E-03
 44.00    24.00   35  0.3728092E-02   0.7669053E-04   0.4805429E-03
 45.00    24.00   35  0.2307075E-01   0.2897355E-04   0.4451264E-03
 46.00    24.00   35  0.9365200E-01   0.2734697E-04   0.3690703E-03
 47.00    24.00   35  0.9942482E+00   0.1157037E-03   0.2470592E-04
 48.00    24.00   35  0.7500002E+00   0.3283627E-03   0.2500000E-03
 49.00    24.00   35  0.7500001E+00   0.1119520E-01   0.2500000E-03
 44.00    25.00   35  0.1915996E-01   0.9416893E-04   0.4508464E-03
 45.00    25.00   35  0.3442854E-01   0.3021879E-04   0.4301524E-03
 46.00    25.00   35  0.2320652E+00   0.4195510E-04   0.2621030E-03
 47.00    25.00   35  0.9361555E+00   0.8236247E-04   0.1024962E-03
 48.00    25.00   35  0.7526790E+00   0.3609183E-03   0.2482107E-03
 49.00    25.00   35  0.7500002E+00   0.1480831E-01   0.2500000E-03
 44.00    26.00   35  0.9120058E-02   0.6704093E-04   0.4679978E-03
 45.00    26.00   35  0.1893685E-01   0.2471318E-04   0.4511846E-03
 46.00    26.00   35  0.2073943E+00   0.6908454E-04   0.2792623E-03
 47.00    26.00   35  0.9657127E+00   0.1296084E-03   0.6967259E-04
 48.00    26.00   35  0.7554327E+00   0.5357758E-03   0.2463650E-03
 49.00    26.00   35  0.7500000E+00   0.3800517E-01   0.2500000E-03
 44.00    27.00   35  0.1714579E-02   0.1010808E-03   0.4871997E-03
 45.00    27.00   35  0.7893622E-02   0.1884897E-04   0.4705070E-03
 46.00    27.00   35  0.2651816E-01   0.3013908E-04   0.4403594E-03
 47.00    27.00   35  0.9764475E+00   0.1832020E-03   0.5555371E-04
 48.00    27.00   35  0.7644783E+00   0.4603586E-03   0.2402527E-03
 49.00    27.00   35  0.7500000E+00   0.2177152E+00   0.2500000E-03
 44.00    28.00   35  0.1042831E-01   0.4476017E-03   0.4654607E-03
 45.00    28.00   35  0.3326606E-02   0.1667041E-04   0.4817146E-03
 46.00    28.00   35  0.8647257E-03   0.4566858E-05   0.4910825E-03
 47.00    28.00   35  0.9909388E+00   0.2378680E-03   0.3188482E-04
 48.00    28.00   35  0.7872073E+00   0.2436467E-03   0.2245460E-03
 49.00    28.00   35  0.7500000E+00   0.1465193E-01   0.2500000E-03
 44.00    29.00   35  0.6442493E-02   0.4802570E-03   0.4736830E-03
 45.00    29.00   35  0.3365676E-02   0.2441054E-04   0.4815981E-03
 46.00    29.00   35  0.1251834E-02   0.8152925E-05   0.4891668E-03
 47.00    29.00   35  0.9934376E+00   0.4910159E-03   0.2658967E-04
 48.00    29.00   35  0.7901702E+00   0.1036010E-03   0.2224597E-03
 49.00    29.00   35  0.7500001E+00   0.4516059E-03   0.2500000E-03
 50.00    29.00   35  0.7461513E+00   0.6799581E-03   0.2487303E-03
 53.00    29.00   35  0.1667889E-01   0.1227204E-04   0.4260615E-03
 54.00    29.00   35  0.7500000E+00   0.1151760E-01   0.2500000E-03
 44.00    30.00   35  0.7515628E-03   0.1013260E-02   0.4917133E-03
 45.00    30.00   35  0.7699648E-03   0.2687919E-04   0.4916079E-03
 46.00    30.00   35  0.5683225E-03   0.8569078E-05   0.4928359E-03
 47.00    30.00   35  0.7967989E+00   0.1556352E-02  -0.1455680E-04
 48.00    30.00   35  0.8054940E+00   0.8176809E-04   0.2115164E-03
 49.00    30.00   35  0.7500613E+00   0.6161806E-04   0.2499592E-03
 50.00    30.00   35  0.7491788E+00   0.4086661E-04   0.2497269E-03
 51.00    30.00   35  0.5518998E+00   0.1716361E-04   0.2128842E-03
 52.00    30.00   35  0.3953501E+00   0.1301174E-04   0.2177186E-03
 53.00    30.00   35  0.7275410E+00   0.5907358E-04   0.2429493E-03
 54.00    30.00   35  0.7500001E+00   0.8334668E-03   0.2500000E-03
 55.00    30.00   35  0.7499999E+00   0.1411828E+00   0.2500000E-03
 44.00    31.00   35  0.9230692E+00   0.4419523E+00  -0.3846129E-04
 45.00    31.00   35  0.1017625E+00   0.3926856E-02   0.3618419E-03
 46.00    31.00   35  0.3532333E-03   0.3790815E-04   0.4943989E-03
 47.00    31.00   35  0.4417157E+00   0.5140473E-02   0.1357886E-03
 48.00    31.00   35  0.8029287E+00   0.8978697E-04   0.2133668E-03
 49.00    31.00   35  0.7514822E+00   0.2414308E-04   0.2490109E-03
 50.00    31.00   35  0.7503356E+00   0.2058343E-04   0.2497607E-03
 51.00    31.00   35  0.7350670E+00   0.1472875E-04   0.2448048E-03
 52.00    31.00   35  0.7348691E+00   0.1930530E-04   0.2451340E-03
 53.00    31.00   35  0.7504601E+00   0.7326365E-04   0.2496931E-03
 54.00    31.00   35  0.7500002E+00   0.8024806E-03   0.2500000E-03
 55.00    31.00   35  0.7500001E+00   0.7331393E-01   0.2500000E-03
 44.00    32.00   35  0.8919225E+00   0.3803151E+02   0.1436662E-03
 45.00    32.00   35  0.8384405E+00   0.1144252E+01  -0.2546603E-04
 47.00    32.00   35  0.1068213E+00   0.1043599E-01   0.3574217E-03
 48.00    32.00   35  0.8531021E+00   0.1506721E-03   0.1756412E-03
 49.00    32.00   35  0.7656488E+00   0.2322821E-04   0.2394564E-03
 50.00    32.00   35  0.7520603E+00   0.2023921E-04   0.2486247E-03
 51.00    32.00   35  0.7532429E+00   0.2464110E-04   0.2478245E-03
 52.00    32.00   35  0.7524152E+00   0.2583063E-04   0.2483822E-03
 53.00    32.00   35  0.7561626E+00   0.9962263E-04   0.2458746E-03
 54.00    32.00   35  0.7500000E+00   0.5606723E-02   0.2500000E-03
 48.00    33.00   35  0.9666051E+00   0.4968244E-03   0.6856225E-04
 49.00    33.00   35  0.8064916E+00   0.3435239E-04   0.2107947E-03
 50.00    33.00   35  0.7683277E+00   0.2701422E-04   0.2376284E-03
 51.00    33.00   35  0.7608773E+00   0.5170223E-04   0.2426950E-03
 52.00    33.00   35  0.7596384E+00   0.4945038E-04   0.2435326E-03
 53.00    33.00   35  0.7542327E+00   0.2053826E-03   0.2471702E-03
 54.00    33.00   35  0.7500000E+00   0.2623178E+00   0.2500000E-03
 48.00    34.00   35  0.9923684E+00   0.2599246E-02   0.2893785E-04
 49.00    34.00   35  0.8210167E+00   0.7924705E-04   0.2001518E-03
 50.00    34.00   35  0.8063661E+00   0.8648458E-04   0.2108856E-03
 51.00    34.00   35  0.7691308E+00   0.1588721E-03   0.2370791E-03
 52.00    34.00   35  0.7681591E+00   0.1957131E-03   0.2377436E-03
 53.00    34.00   35  0.7541842E+00   0.1635552E-02   0.2472027E-03
 48.00    35.00   35  0.9987731E+00   0.2160774E-01  -0.9491516E-05
 49.00    35.00   35  0.8610013E+00   0.6990490E-03   0.1693652E-03
 50.00    35.00   35  0.8623250E+00   0.1624674E-02   0.1683030E-03
 51.00    35.00   35  0.9157923E+00   0.5131317E-02   0.1222687E-03
 52.00    35.00   35  0.7603661E+00   0.8318545E-02   0.2430409E-03
 53.00    35.00   35  0.7500000E+00   0.3517444E+03   0.2500000E-03
 49.00    36.00   35  0.8328264E+00   0.3343918E+00  -0.2412684E-04
 50.00    36.00   35  0.7500001E+00   0.6939099E+00   0.2500000E-03
 47.00    19.00   36  0.1325198E-04   0.1518898E-03   0.4989425E-03
 48.00    19.00   36  0.7500000E+00   0.3247639E+03   0.2500000E-03
 44.00    20.00   36  0.2600403E-04   0.1768611E-04   0.4985150E-03
 45.00    20.00   36  0.3673137E+00   0.3593695E-02   0.1771807E-03
 46.00    20.00   36  0.8248066E+00   0.1345222E-02   0.1973315E-03
 47.00    20.00   36  0.7639970E+00   0.1213317E-02   0.2405799E-03
 48.00    20.00   36  0.7500001E+00   0.4872231E-02   0.2500000E-03
 49.00    20.00   36  0.7500002E+00   0.1287501E-02   0.2500000E-03
 50.00    20.00   36  0.7500000E+00   0.1825183E-01   0.2500000E-03
 51.00    20.00   36  0.7499999E+00   0.2153043E+01   0.2500001E-03
 44.00    21.00   36  0.1108563E-02   0.1041315E-03   0.4898396E-03
 45.00    21.00   36  0.9202138E+00   0.1516004E-02   0.1181130E-03
 46.00    21.00   36  0.8521125E+00   0.2626483E-03   0.1764201E-03
 47.00    21.00   36  0.8113532E+00   0.2861483E-03   0.2072611E-03
 48.00    21.00   36  0.7525215E+00   0.8234971E-03   0.2483162E-03
 49.00    21.00   36  0.7500001E+00   0.6579917E-03   0.2500000E-03
 50.00    21.00   36  0.7500001E+00   0.6598356E-02   0.2500000E-03
 51.00    21.00   36  0.7500001E+00   0.1241515E+01   0.2500000E-03
 44.00    22.00   36  0.1009415E-03   0.2169811E-04   0.4970494E-03
 45.00    22.00   36  0.9855849E+00   0.1321016E-02  -0.2720091E-04
 46.00    22.00   36  0.9794352E+00   0.2080271E-03   0.5125179E-04
 47.00    22.00   36  0.8662330E+00   0.3311577E-03   0.1651490E-03
 48.00    22.00   36  0.7516142E+00   0.1249100E-02   0.2489227E-03
 49.00    22.00   36  0.7500000E+00   0.5966169E-02   0.2500000E-03
 50.00    22.00   36  0.7500000E+00   0.3243085E-01   0.2500000E-03
 45.00    23.00   36  0.8515905E-01   0.1481139E-03   0.3768460E-03
 46.00    23.00   36  0.9470015E+00   0.2067749E-03  -0.3817288E-04
 47.00    23.00   36  0.8678288E+00   0.3182353E-03   0.1638533E-03
 48.00    23.00   36  0.7500000E+00   0.2009389E-02   0.2500000E-03
 49.00    23.00   36  0.7499999E+00   0.4423643E+01   0.2500000E-03
 50.00    23.00   36  0.7500001E+00   0.9292732E+01   0.2500000E-03
 44.00    24.00   36  0.9192436E-06   0.1915475E-05   0.4997228E-03
 45.00    24.00   36  0.4067679E-01   0.5541877E-04   0.4226366E-03
 46.00    24.00   36  0.4434538E+00   0.9816604E-04   0.1348616E-03
 47.00    24.00   36  0.8856683E+00   0.1982623E-03   0.1490263E-03
 48.00    24.00   36  0.7500001E+00   0.1481332E-02   0.2500000E-03
 49.00    24.00   36  0.7500000E+00   0.2422306E+01   0.2500000E-03
 44.00    25.00   36  0.1552111E-02   0.9341743E-04   0.4878599E-03
 45.00    25.00   36  0.2581175E-01   0.3379411E-04   0.4413180E-03
 46.00    25.00   36  0.2743903E+00   0.5272380E-04   0.2339961E-03
 47.00    25.00   36  0.8866102E+00   0.1236043E-03   0.1482248E-03
 48.00    25.00   36  0.7500002E+00   0.1344986E-02   0.2500000E-03
 49.00    25.00   36  0.7500001E+00   0.1773232E+00   0.2500000E-03
 44.00    26.00   36  0.8560696E-02   0.2487063E-03   0.4691248E-03
 45.00    26.00   36  0.3726079E-01   0.4629108E-04   0.4266945E-03
 46.00    26.00   36  0.3289783E+00   0.7090391E-04   0.1998791E-03
 47.00    26.00   36  0.9251251E+00   0.1467990E-03   0.1134137E-03
 48.00    26.00   36  0.7499999E+00   0.1078604E-02   0.2500000E-03
 49.00    26.00   36  0.7500000E+00   0.3348501E+00   0.2500000E-03
 44.00    27.00   36  0.7161075E-03   0.2740995E-03   0.4919198E-03
 45.00    27.00   36  0.1740879E-01   0.5038314E-04   0.4535401E-03
 46.00    27.00   36  0.6923580E-01   0.4726036E-04   0.3921006E-03
 47.00    27.00   36  0.9499362E+00   0.2003585E-03   0.8798516E-04
 48.00    27.00   36  0.7546472E+00   0.9408219E-03   0.2468923E-03
 44.00    28.00   36  0.8588810E-02   0.2360047E-03   0.4690675E-03
 45.00    28.00   36  0.9315372E-02   0.6362898E-04   0.4676106E-03
 46.00    28.00   36  0.6156390E-02   0.1247979E-04   0.4743414E-03
 47.00    28.00   36  0.9962294E+00   0.2476078E-03  -0.1580687E-04
 48.00    28.00   36  0.7916783E+00   0.3997638E-03   0.2213942E-03
 49.00    28.00   36  0.7500000E+00   0.1835236E+00   0.2500000E-03
 44.00    29.00   36  0.2324744E-02   0.1089030E-03   0.4849352E-03
 45.00    29.00   36  0.1707607E-01   0.5186001E-04   0.4540627E-03
 46.00    29.00   36  0.6176347E-02   0.1400510E-04   0.4742951E-03
 47.00    29.00   36  0.7499008E+00   0.3592286E-03   0.3306195E-07
 48.00    29.00   36  0.8257034E+00   0.1958161E-03   0.1966614E-03
 49.00    29.00   36  0.7500296E+00   0.2589702E-02   0.2499803E-03
 50.00    29.00   36  0.7500001E+00   0.7568073E-01   0.2500000E-03
 54.00    29.00   36  0.7498661E+00   0.5975386E+00   0.2499554E-03
 44.00    30.00   36  0.1393639E-02   0.4088032E-03   0.4885340E-03
 45.00    30.00   36  0.1155375E-01   0.3922512E-04   0.4633737E-03
 46.00    30.00   36  0.5955144E-02   0.1304464E-04   0.4748119E-03
 47.00    30.00   36  0.9489330E-01   0.2002964E-03   0.3679521E-03
 48.00    30.00   36  0.8169991E+00   0.1121098E-03   0.2031216E-03
 49.00    30.00   36  0.7534077E+00   0.1659643E-03   0.2477230E-03
 50.00    30.00   36  0.7480001E+00   0.1792292E-03   0.2493369E-03
 53.00    30.00   36  0.6703783E+00   0.1116467E-03   0.2286016E-03
 54.00    30.00   36  0.7500000E+00   0.4899220E-02   0.2500000E-03
 55.00    30.00   36  0.7500001E+00   0.1777306E+02   0.2500000E-03
 44.00    31.00   36  0.3991710E-02   0.6882029E-02   0.4798021E-03
 45.00    31.00   36  0.5886566E-02   0.7871640E-04   0.4749737E-03
 46.00    31.00   36  0.3627383E-02   0.1463665E-04   0.4808316E-03
 47.00    31.00   36  0.1751599E-02   0.5961076E-04   0.4870532E-03
 48.00    31.00   36  0.8421926E+00   0.1460067E-03   0.1841432E-03
 49.00    31.00   36  0.7533071E+00   0.4420659E-04   0.2477903E-03
 50.00    31.00   36  0.7495910E+00   0.2941804E-04   0.2498355E-03
 51.00    31.00   36  0.6528471E+00   0.1425956E-04   0.2251192E-03
 52.00    31.00   36  0.6428915E+00   0.1742919E-04   0.2233642E-03
 53.00    31.00   36  0.7497851E+00   0.8398616E-04   0.2499284E-03
 54.00    31.00   36  0.7500001E+00   0.1405162E-02   0.2500000E-03
 55.00    31.00   36  0.7499999E+00   0.5281425E+01   0.2500000E-03
 45.00    32.00   36  0.7512056E-02   0.7759855E-03   0.4713181E-03
 46.00    32.00   36  0.8520305E-03   0.3116638E-04   0.4911513E-03
 47.00    32.00   36  0.2129748E-03   0.4046713E-04   0.4956811E-03
 48.00    32.00   36  0.8148739E+00   0.1801230E-03   0.2046846E-03
 49.00    32.00   36  0.7560068E+00   0.2633776E-04   0.2459793E-03
 50.00    32.00   36  0.7506717E+00   0.2018714E-04   0.2495375E-03
 51.00    32.00   36  0.7457898E+00   0.1712070E-04   0.2475631E-03
 52.00    32.00   36  0.7466612E+00   0.2254497E-04   0.2488252E-03
 53.00    32.00   36  0.7500001E+00   0.1026573E-03   0.2500000E-03
 54.00    32.00   36  0.7500000E+00   0.5869840E-02   0.2500000E-03
 45.00    33.00   36  0.1402653E-01   0.1064392E-01   0.4590385E-03
 46.00    33.00   36  0.7616729E-02   0.1382836E-02   0.4710940E-03
 47.00    33.00   36  0.4896223E-02   0.1283448E-02   0.4774019E-03
 48.00    33.00   36  0.8849422E+00   0.3498055E-03   0.1496428E-03
 49.00    33.00   36  0.7794726E+00   0.3025639E-04   0.2299491E-03
 50.00    33.00   36  0.7546818E+00   0.2108979E-04   0.2468691E-03
 51.00    33.00   36  0.7544532E+00   0.3049087E-04   0.2470223E-03
 52.00    33.00   36  0.7546554E+00   0.3175884E-04   0.2468867E-03
 53.00    33.00   36  0.7510043E+00   0.1424678E-03   0.2493301E-03
 54.00    33.00   36  0.7500003E+00   0.1084563E+00   0.2500000E-03
 48.00    34.00   36  0.9955813E+00   0.1050988E-02   0.2135633E-04
 49.00    34.00   36  0.8227012E+00   0.4910288E-04   0.1989006E-03
 50.00    34.00   36  0.7791916E+00   0.3147808E-04   0.2301442E-03
 51.00    34.00   36  0.7611999E+00   0.6499717E-04   0.2424768E-03
 52.00    34.00   36  0.7633523E+00   0.7818105E-04   0.2410178E-03
 53.00    34.00   36  0.7571214E+00   0.4201198E-03   0.2452296E-03
 48.00    35.00   36  0.8464499E+00   0.7987282E-02  -0.2729724E-04
 49.00    35.00   36  0.8323147E+00   0.1463983E-03   0.1916878E-03
 50.00    35.00   36  0.8165926E+00   0.1296932E-03   0.2034210E-03
 51.00    35.00   36  0.7934788E+00   0.3505843E-03   0.2201189E-03
 52.00    35.00   36  0.7744899E+00   0.5192253E-03   0.2333975E-03
 53.00    35.00   36  0.7510313E+00   0.1811154E-01   0.2493120E-03
 48.00    36.00   36  0.9122567E+00   0.7493331E-01   0.1255440E-03
 49.00    36.00   36  0.8944879E+00   0.1755779E-02   0.1414406E-03
 50.00    36.00   36  0.8896135E+00   0.2677267E-02   0.1456557E-03
 51.00    36.00   36  0.9995332E+00   0.5092701E-01   0.6469490E-05
 52.00    36.00   36  0.7603185E+00   0.5817017E-01   0.2430731E-03
 49.00    37.00   36  0.8593780E+00   0.4035667E+00   0.1706634E-03
 50.00    37.00   36  0.8305538E+00   0.5401246E+00  -0.2357207E-04
 44.00    20.00   37  0.1260129E-05   0.3073169E-05   0.4996753E-03
 45.00    20.00   37  0.2528702E+00   0.1438764E-02   0.2480902E-03
 46.00    20.00   37  0.8860024E+00   0.2302462E-02   0.1487422E-03
 47.00    20.00   37  0.8051832E+00   0.3893667E-02   0.2117410E-03
 48.00    20.00   37  0.7500000E+00   0.1345106E-01   0.2500000E-03
 49.00    20.00   37  0.7500002E+00   0.8160826E-02   0.2500000E-03
 50.00    20.00   37  0.7500000E+00   0.1630570E+01   0.2500000E-03
 44.00    21.00   37  0.2265001E+00   0.2565901E-02   0.2659203E-03
 45.00    21.00   37  0.9012620E+00   0.5964164E-03   0.1354837E-03
 46.00    21.00   37  0.8460263E+00   0.3183132E-03   0.1811764E-03
 47.00    21.00   37  0.7652025E+00   0.4872523E-03   0.2397602E-03
 48.00    21.00   37  0.7499999E+00   0.1161543E-02   0.2500001E-03
 49.00    21.00   37  0.7499999E+00   0.7528206E-03   0.2500000E-03
 50.00    21.00   37  0.7500000E+00   0.2847290E-01   0.2500000E-03
 44.00    22.00   37  0.5889943E+00   0.3791915E-02   0.6346998E-04
 45.00    22.00   37  0.9895889E+00   0.4472425E-03   0.3450678E-04
 46.00    22.00   37  0.9587393E+00   0.2659810E-03   0.7804576E-04
 47.00    22.00   37  0.7999126E+00   0.5667612E-03   0.2155327E-03
 48.00    22.00   37  0.7500000E+00   0.1816546E-02   0.2500000E-03
 49.00    22.00   37  0.7500000E+00   0.2281957E-02   0.2500000E-03
 50.00    22.00   37  0.7499999E+00   0.2228051E-01   0.2500000E-03
 44.00    23.00   37  0.9489331E-02   0.2711651E-03   0.4672683E-03
 45.00    23.00   37  0.7350425E+00   0.5095043E-03   0.5083391E-05
 46.00    23.00   37  0.9917150E+00   0.2734355E-03  -0.2202427E-04
 47.00    23.00   37  0.7825292E+00   0.8571143E-03   0.2278212E-03
 48.00    23.00   37  0.7500000E+00   0.1110567E-01   0.2500000E-03
 49.00    23.00   37  0.7500002E+00   0.2961755E-01   0.2500000E-03
 50.00    23.00   37  0.7500000E+00   0.1097850E+01   0.2500000E-03
 44.00    24.00   37  0.1228842E-07   0.1414342E-06   0.4999680E-03
 45.00    24.00   37  0.1863396E+00   0.1625867E-03   0.2944258E-03
 46.00    24.00   37  0.9649573E+00   0.2457472E-03  -0.3556261E-04
 47.00    24.00   37  0.7669380E+00   0.5918270E-03   0.2385775E-03
 48.00    24.00   37  0.7500000E+00   0.1691769E-01   0.2500000E-03
 44.00    25.00   37  0.1036970E-06   0.5141899E-06   0.4999070E-03
 45.00    25.00   37  0.5083117E-01   0.5788665E-04   0.4111761E-03
 46.00    25.00   37  0.7278376E+00   0.1447883E-03   0.7599709E-05
 47.00    25.00   37  0.8110185E+00   0.2715802E-03   0.2075053E-03
 48.00    25.00   37  0.7500001E+00   0.6539071E-02   0.2500000E-03
 44.00    26.00   37  0.1523042E-07   0.6624559E-06   0.4999644E-03
 45.00    26.00   37  0.2382793E-01   0.4233420E-04   0.4440594E-03
 46.00    26.00   37  0.3559517E+00   0.8312349E-04   0.1838063E-03
 47.00    26.00   37  0.8989043E+00   0.2054023E-03   0.1375706E-03
 48.00    26.00   37  0.7500001E+00   0.2543177E-02   0.2500000E-03
 44.00    27.00   37  0.2623726E-07   0.2729555E-05   0.4999532E-03
 45.00    27.00   37  0.2265118E-01   0.6591544E-04   0.4457228E-03
 46.00    27.00   37  0.1156934E+00   0.5622062E-04   0.3498186E-03
 47.00    27.00   37  0.9768435E+00   0.1933479E-03   0.5499509E-04
 48.00    27.00   37  0.7500200E+00   0.1254928E-02   0.2499867E-03
 44.00    28.00   37  0.9406415E-02   0.4076686E-03   0.4674311E-03
 45.00    28.00   37  0.1862814E-01   0.1298610E-03   0.4516548E-03
 46.00    28.00   37  0.1017555E-01   0.1863169E-04   0.4659410E-03
 47.00    28.00   37  0.9999301E+00   0.2581185E-03  -0.2378947E-05
 48.00    28.00   37  0.7676862E+00   0.9101071E-03   0.2380667E-03
 44.00    29.00   37  0.8685805E-02   0.1694381E-03   0.4688704E-03
 45.00    29.00   37  0.1982551E-01   0.7748137E-04   0.4498459E-03
 46.00    29.00   37  0.1278925E-01   0.2701922E-04   0.4611687E-03
 47.00    29.00   37  0.7495567E+00   0.2602925E-03   0.1478475E-06
 48.00    29.00   37  0.8353984E+00   0.4627303E-03   0.1893475E-03
 49.00    29.00   37  0.7500001E+00   0.5770598E-01   0.2500000E-03
 44.00    30.00   37  0.4059221E-02   0.2985279E-03   0.4796157E-03
 45.00    30.00   37  0.2850796E-01   0.5386313E-04   0.4377050E-03
 46.00    30.00   37  0.1174336E-01   0.1736738E-04   0.4630298E-03
 47.00    30.00   37  0.1997741E+00   0.1564714E-03   0.2846919E-03
 48.00    30.00   37  0.8402412E+00   0.2091268E-03   0.1856449E-03
 49.00    30.00   37  0.7540711E+00   0.6948850E-03   0.2472785E-03
 50.00    30.00   37  0.7500000E+00   0.2760644E-02   0.2500000E-03
 53.00    30.00   37  0.5053809E+00   0.3259921E-03   0.2113416E-03
 54.00    30.00   37  0.7500000E+00   0.1385144E+00   0.2500000E-03
 44.00    31.00   37  0.2919175E-04   0.1293241E-03   0.4984257E-03
 45.00    31.00   37  0.1244938E-01   0.4662671E-04   0.4617670E-03
 46.00    31.00   37  0.8322119E-02   0.1290636E-04   0.4696142E-03
 47.00    31.00   37  0.1070176E-01   0.4944025E-04   0.4649461E-03
 48.00    31.00   37  0.8509775E+00   0.1834842E-03   0.1773117E-03
 49.00    31.00   37  0.7636381E+00   0.9829990E-04   0.2408238E-03
 50.00    31.00   37  0.7493567E+00   0.9188330E-04   0.2497859E-03
 51.00    31.00   37  0.2311221E+00   0.1952145E-04   0.2566178E-03
 52.00    31.00   37  0.2485995E+00   0.1390535E-04   0.2504686E-03
 53.00    31.00   37  0.7480879E+00   0.1311562E-03   0.2493658E-03
 54.00    31.00   37  0.7500002E+00   0.3800147E-02   0.2500000E-03
 45.00    32.00   37  0.6405338E-02   0.1047671E-03   0.4737678E-03
 46.00    32.00   37  0.3956748E-02   0.1266168E-04   0.4798992E-03
 47.00    32.00   37  0.5740466E-03   0.1321114E-04   0.4927985E-03
 48.00    32.00   37  0.8760303E+00   0.3448329E-03   0.1571169E-03
 49.00    32.00   37  0.7595519E+00   0.4629535E-04   0.2435909E-03
 50.00    32.00   37  0.7498941E+00   0.2689047E-04   0.2498057E-03
 51.00    32.00   37  0.7006407E+00   0.1512382E-04   0.2353491E-03
 52.00    32.00   37  0.7013061E+00   0.1986997E-04   0.2357552E-03
 53.00    32.00   37  0.7499999E+00   0.1104396E-03   0.2500001E-03
 54.00    32.00   37  0.7500001E+00   0.4983041E-02   0.2500000E-03
 45.00    33.00   37  0.1087099E-01   0.1088124E-02   0.4646301E-03
 46.00    33.00   37  0.2357921E-02   0.2972436E-04   0.4848200E-03
 47.00    33.00   37  0.5609329E-03   0.2389493E-04   0.4928845E-03
 48.00    33.00   37  0.8537470E+00   0.4712767E-03   0.1751327E-03
 49.00    33.00   37  0.7628462E+00   0.3309550E-04   0.2413613E-03
 50.00    33.00   37  0.7513009E+00   0.2032593E-04   0.2491313E-03
 51.00    33.00   37  0.7489411E+00   0.1996656E-04   0.2479255E-03
 52.00    33.00   37  0.7485155E+00   0.2341106E-04   0.2488818E-03
 53.00    33.00   37  0.7500076E+00   0.1162452E-03   0.2499950E-03
 54.00    33.00   37  0.7500001E+00   0.6434521E-01   0.2500000E-03
 45.00    34.00   37  0.2266721E+00   0.1141017E+00   0.2658018E-03
 46.00    34.00   37  0.5795064E-02   0.4055251E-03   0.4751908E-03
 47.00    34.00   37  0.1349790E-01   0.5818088E-03   0.4599398E-03
 48.00    34.00   37  0.9765363E+00   0.8741100E-03   0.5542886E-04
 49.00    34.00   37  0.8088164E+00   0.4266498E-04   0.2091086E-03
 50.00    34.00   37  0.7609785E+00   0.2200658E-04   0.2426266E-03
 51.00    34.00   37  0.7541574E+00   0.3517364E-04   0.2472207E-03
 52.00    34.00   37  0.7559130E+00   0.4088047E-04   0.2460424E-03
 53.00    34.00   37  0.7533768E+00   0.1698366E-03   0.2477437E-03
 54.00    34.00   37  0.7500000E+00   0.5279954E+02   0.2500000E-03
 48.00    35.00   37  0.9794818E+00   0.2997204E-02  -0.3066484E-04
 49.00    35.00   37  0.8592570E+00   0.9066059E-04   0.1707601E-03
 50.00    35.00   37  0.7879962E+00   0.3749012E-04   0.2239913E-03
 51.00    35.00   37  0.7681659E+00   0.8573703E-04   0.2377391E-03
 52.00    35.00   37  0.7697369E+00   0.1256060E-03   0.2366641E-03
 53.00    35.00   37  0.7632723E+00   0.1041033E-02   0.2410721E-03
 48.00    36.00   37  0.8994882E+00   0.2427953E-01  -0.3654329E-04
 49.00    36.00   37  0.8449990E+00   0.2718778E-03   0.1819737E-03
 50.00    36.00   37  0.8070964E+00   0.1406222E-03   0.2103567E-03
 51.00    36.00   37  0.8146112E+00   0.6852993E-03   0.2048773E-03
 52.00    36.00   37  0.7950354E+00   0.1308000E-02   0.2190135E-03
 53.00    36.00   37  0.7515012E+00   0.5874146E-01   0.2489982E-03
 48.00    37.00   37  0.3530859E+00   0.1241935E+00   0.1854908E-03
 49.00    37.00   37  0.9016170E+00   0.3009765E-02   0.1351681E-03
 50.00    37.00   37  0.9223766E+00   0.1972551E-02   0.1160548E-03
 51.00    37.00   37  0.9268503E+00   0.7285202E-01  -0.3859098E-04
 52.00    37.00   37  0.7500000E+00   0.2351409E+01   0.2500000E-03
 49.00    38.00   37  0.5670783E-03   0.1305029E-01   0.4928441E-03
 50.00    38.00   37  0.7311830E-01   0.1232116E+00   0.3882899E-03
 48.00    19.00   38  0.2471849E+00   0.2843394E+00   0.2518803E-03
 49.00    19.00   38  0.7500000E+00   0.1082865E+00   0.2500000E-03
 50.00    19.00   38  0.7500000E+00   0.6337157E+00   0.2500000E-03
 44.00    20.00   38  0.2405270E-05   0.1460830E-04   0.4995511E-03
 45.00    20.00   38  0.2621065E+00   0.1826773E-02   0.2419931E-03
 46.00    20.00   38  0.9887356E+00   0.2745731E-02   0.3609757E-04
 47.00    20.00   38  0.9782505E+00   0.1452196E-01   0.5298216E-04
 48.00    20.00   38  0.8082360E+00   0.9436639E-02   0.2095301E-03
 49.00    20.00   38  0.7500000E+00   0.5926820E-02   0.2500000E-03
 50.00    20.00   38  0.7500000E+00   0.6162413E-01   0.2500000E-03
 44.00    21.00   38  0.7084686E-01   0.8336342E-03   0.3905115E-03
 45.00    21.00   38  0.8957407E+00   0.5518388E-03   0.1403477E-03
 46.00    21.00   38  0.8045434E+00   0.2371724E-03   0.2122030E-03
 47.00    21.00   38  0.7517365E+00   0.5032725E-03   0.2488409E-03
 48.00    21.00   38  0.7500000E+00   0.2266261E-02   0.2500000E-03
 49.00    21.00   38  0.7500000E+00   0.2848052E-02   0.2500000E-03
 50.00    21.00   38  0.7500000E+00   0.6055707E+00   0.2500000E-03
 43.00    22.00   38  0.6943527E-06   0.1003402E-04   0.4997591E-03
 44.00    22.00   38  0.8024886E+00   0.2780666E-02  -0.1617207E-04
 45.00    22.00   38  0.9999995E+00   0.4155410E-03   0.1813169E-06
 46.00    22.00   38  0.9430622E+00   0.2416431E-03   0.9536187E-04
 47.00    22.00   38  0.7803459E+00   0.4676651E-03   0.2293422E-03
 48.00    22.00   38  0.7500001E+00   0.1396748E-02   0.2500000E-03
 49.00    22.00   38  0.7500000E+00   0.3713478E-02   0.2500000E-03
 50.00    22.00   38  0.7500000E+00   0.5292854E+00   0.2500000E-03
 43.00    23.00   38  0.2352717E-08   0.3058540E-06   0.4999860E-03
 44.00    23.00   38  0.2380732E+00   0.1331940E-02   0.2580155E-03
 45.00    23.00   38  0.6522907E+00   0.3897323E-03   0.3637507E-04
 46.00    23.00   38  0.9791504E+00   0.3054959E-03  -0.3082136E-04
 47.00    23.00   38  0.9392605E+00   0.4965700E-03   0.9932026E-04
 48.00    23.00   38  0.7549411E+00   0.1512260E-02   0.2466950E-03
 49.00    23.00   38  0.7500001E+00   0.1497871E-01   0.2500000E-03
 50.00    23.00   38  0.7500000E+00   0.3121918E+00   0.2500000E-03
 44.00    24.00   38  0.9529739E-03   0.5052366E-04   0.4906163E-03
 45.00    24.00   38  0.3741192E+00   0.2317466E-03   0.1732520E-03
 46.00    24.00   38  0.6721848E+00   0.2429750E-03   0.2839859E-04
 47.00    24.00   38  0.9866002E+00   0.6327337E-03  -0.2649182E-04
 48.00    24.00   38  0.7749628E+00   0.4688791E-02   0.2330714E-03
 49.00    24.00   38  0.7500002E+00   0.1200647E+00   0.2500000E-03
 50.00    24.00   38  0.7500000E+00   0.5723068E+01   0.2500000E-03
 44.00    25.00   38  0.1090910E-04   0.3488842E-05   0.4990411E-03
 45.00    25.00   38  0.1741453E+00   0.1265895E-03   0.3034518E-03
 46.00    25.00   38  0.9362384E+00   0.2305338E-03  -0.3865059E-04
 47.00    25.00   38  0.9046261E+00   0.6839104E-03   0.1324797E-03
 48.00    25.00   38  0.7536837E+00   0.2739196E-01   0.2475382E-03
 44.00    26.00   38  0.1914761E-05   0.2683160E-05   0.4995996E-03
 45.00    26.00   38  0.4697829E-01   0.5917297E-04   0.4154294E-03
 46.00    26.00   38  0.6467868E+00   0.1569344E-03   0.3862908E-04
 47.00    26.00   38  0.8391285E+00   0.3974953E-03   0.1864986E-03
 48.00    26.00   38  0.7499999E+00   0.4756007E-01   0.2500001E-03
 44.00    27.00   38  0.7958478E-03   0.3817677E-03   0.4914616E-03
 45.00    27.00   38  0.1356428E-01   0.4298813E-04   0.4598259E-03
 46.00    27.00   38  0.2532034E+00   0.7130844E-04   0.2478690E-03
 47.00    27.00   38  0.9651867E+00   0.2487559E-03   0.7032300E-04
 48.00    27.00   38  0.7503602E+00   0.5105634E-02   0.2497598E-03
 44.00    28.00   38  0.1968450E-01   0.8000356E-03   0.4500568E-03
 45.00    28.00   38  0.1902791E-01   0.8642751E-04   0.4510464E-03
 46.00    28.00   38  0.2097895E+00   0.7446273E-04   0.2775688E-03
 47.00    28.00   38  0.9950849E+00   0.2626982E-03   0.2264648E-04
 48.00    28.00   38  0.7725929E+00   0.3728405E-02   0.2347039E-03
 44.00    29.00   38  0.2023486E-01   0.3260180E-03   0.4492363E-03
 45.00    29.00   38  0.3241599E-01   0.1051189E-03   0.4326670E-03
 46.00    29.00   38  0.1598772E+00   0.9237510E-04   0.3142643E-03
 47.00    29.00   38  0.9928228E+00   0.2950733E-03  -0.2077996E-04
 48.00    29.00   38  0.8103715E+00   0.2072413E-02   0.2079770E-03
 49.00    29.00   38  0.7499998E+00   0.7922861E+02   0.2500001E-03
 44.00    30.00   38  0.1408104E-01   0.4119934E-03   0.4589463E-03
 45.00    30.00   38  0.1767836E-01   0.4295380E-04   0.4531194E-03
 46.00    30.00   38  0.3873221E-01   0.3564932E-04   0.4249323E-03
 47.00    30.00   38  0.8598211E+00   0.2790265E-03  -0.3013056E-04
 48.00    30.00   38  0.8524851E+00   0.8067786E-03   0.1761270E-03
 49.00    30.00   38  0.7546664E+00   0.2448494E-01   0.2468793E-03
 54.00    30.00   38  0.7500000E+00   0.1662280E+00   0.2500000E-03
 44.00    31.00   38  0.5261120E-03   0.2696197E-03   0.4931173E-03
 45.00    31.00   38  0.2162964E-01   0.6437351E-04   0.4471914E-03
 46.00    31.00   38  0.1751676E-01   0.1855114E-04   0.4533713E-03
 47.00    31.00   38  0.4531548E+00   0.2226938E-03   0.1297200E-03
 48.00    31.00   38  0.8788489E+00   0.4144902E-03   0.1547710E-03
 49.00    31.00   38  0.7602730E+00   0.8507760E-03   0.2431037E-03
 53.00    31.00   38  0.7282952E+00   0.6449409E-03   0.2431723E-03
 54.00    31.00   38  0.7500002E+00   0.1126190E-01   0.2500000E-03
 45.00    32.00   38  0.1929055E-01   0.1360061E-03   0.4506491E-03
 46.00    32.00   38  0.1087586E-01   0.1560616E-04   0.4646211E-03
 47.00    32.00   38  0.2625569E+00   0.1827946E-03   0.2416977E-03
 48.00    32.00   38  0.8834446E+00   0.3241685E-03   0.1509107E-03
 49.00    32.00   38  0.7679530E+00   0.2706281E-03   0.2378844E-03
 50.00    32.00   38  0.5860071E+00   0.1403429E-03   0.2156277E-03
 51.00    32.00   38  0.3547260E-01   0.9350694E-05   0.3932069E-03
 52.00    32.00   38  0.4226178E+00   0.3506561E-04   0.2148030E-03
 53.00    32.00   38  0.7478484E+00   0.2506342E-03   0.2492869E-03
 54.00    32.00   38  0.7500001E+00   0.4422960E-02   0.2500000E-03
 45.00    33.00   38  0.5305965E-02   0.2145988E-03   0.4763752E-03
 46.00    33.00   38  0.9382261E-02   0.2242807E-04   0.4674787E-03
 47.00    33.00   38  0.1424666E+00   0.1455730E-03   0.3278667E-03
 48.00    33.00   38  0.8514152E+00   0.2223332E-03   0.1769681E-03
 49.00    33.00   38  0.7580530E+00   0.1061506E-03   0.2446022E-03
 50.00    33.00   38  0.7257612E+00   0.3758107E-04   0.2422668E-03
 51.00    33.00   38  0.6162323E+00   0.1830605E-04   0.2188385E-03
 52.00    33.00   38  0.7052611E+00   0.2812012E-04   0.2367268E-03
 53.00    33.00   38  0.7506450E+00   0.1648954E-03   0.2495699E-03
 54.00    33.00   38  0.7500000E+00   0.1266942E-01   0.2500000E-03
 45.00    34.00   38  0.3074685E-03   0.3719376E-03   0.4947852E-03
 46.00    34.00   38  0.4909311E-02   0.4251030E-04   0.4773686E-03
 47.00    34.00   38  0.8348561E-01   0.1624869E-03   0.3784054E-03
 48.00    34.00   38  0.8020224E+00   0.1583211E-03   0.2140187E-03
 49.00    34.00   38  0.7605467E+00   0.5338020E-04   0.2429187E-03
 50.00    34.00   38  0.7492501E+00   0.2486462E-04   0.2485772E-03
 51.00    34.00   38  0.7360271E+00   0.2183403E-04   0.2446250E-03
 52.00    34.00   38  0.7481453E+00   0.3130440E-04   0.2473763E-03
 53.00    34.00   38  0.7530078E+00   0.1473389E-03   0.2479908E-03
 54.00    34.00   38  0.7500001E+00   0.2481399E+00   0.2500000E-03
 46.00    35.00   38  0.9804054E-04   0.2560070E-04   0.4970928E-03
 47.00    35.00   38  0.1170907E+00   0.5097198E-03   0.3486374E-03
 48.00    35.00   38  0.7998559E+00   0.1415349E-03   0.2155733E-03
 49.00    35.00   38  0.7670083E+00   0.3962384E-04   0.2385296E-03
 50.00    35.00   38  0.7584448E+00   0.2898489E-04   0.2443381E-03
 51.00    35.00   38  0.7562051E+00   0.4196616E-04   0.2458197E-03
 52.00    35.00   38  0.7548546E+00   0.5259463E-04   0.2467494E-03
 53.00    35.00   38  0.7533488E+00   0.2506853E-03   0.2477625E-03
 46.00    36.00   38  0.1964943E-03   0.2787224E-03   0.4958556E-03
 47.00    36.00   38  0.3153071E+00   0.3682638E-02   0.2082170E-03
 48.00    36.00   38  0.7938219E+00   0.1587575E-03   0.2198754E-03
 49.00    36.00   38  0.7682480E+00   0.3311228E-04   0.2376830E-03
 50.00    36.00   38  0.7686146E+00   0.3589517E-04   0.2374323E-03
 51.00    36.00   38  0.7719984E+00   0.1075026E-03   0.2351127E-03
 52.00    36.00   38  0.7708450E+00   0.1693794E-03   0.2359047E-03
 53.00    36.00   38  0.7938183E+00   0.1548335E-02   0.2198780E-03
 47.00    37.00   38  0.5577908E+00   0.2858631E-01   0.7773438E-04
 48.00    37.00   38  0.8379195E+00   0.2794320E-03   0.1874242E-03
 49.00    37.00   38  0.7976108E+00   0.5002626E-04   0.2171788E-03
 50.00    37.00   38  0.7980854E+00   0.7304688E-04   0.2168398E-03
 51.00    37.00   38  0.8034555E+00   0.3856540E-03   0.2129875E-03
 52.00    37.00   38  0.7853122E+00   0.9322799E-03   0.2258756E-03
 53.00    37.00   38  0.7595551E+00   0.2645041E-01   0.2435889E-03
 47.00    38.00   38  0.2233611E-02   0.1046717E-01   0.4852554E-03
 48.00    38.00   38  0.8894373E+00   0.1008585E-02   0.1458071E-03
 49.00    38.00   38  0.8379957E+00   0.1438052E-03   0.1873659E-03
 50.00    38.00   38  0.8449332E+00   0.3632204E-03   0.1820248E-03
 51.00    38.00   38  0.9081837E+00   0.7353951E-02   0.1292680E-03
 52.00    38.00   38  0.8111296E+00   0.3846267E-01   0.2074243E-03
 53.00    38.00   38  0.7500001E+00   0.1849429E+02   0.2500000E-03
 48.00    39.00   38  0.9996915E+00   0.1099565E-01   0.5223614E-05
 49.00    39.00   38  0.9479844E+00   0.1397836E-02   0.9011044E-04
 50.00    39.00   38  0.9138554E+00   0.6148922E-02   0.1240682E-03
 51.00    39.00   38  0.6625926E-02   0.4943361E+00   0.4732669E-03
 48.00    40.00   38  0.1520857E+00   0.3598939E+00   0.3202927E-03
 49.00    40.00   38  0.5620846E+00   0.1403430E+00   0.7573713E-04
 50.00    40.00   38  0.9330719E+00   0.4591412E+01  -0.3867503E-04
 48.00    19.00   39  0.1523287E-04   0.1237880E-03   0.4988657E-03
 49.00    19.00   39  0.8468770E+00   0.4648159E+01  -0.2739218E-04
 45.00    20.00   39  0.2465903E-02   0.2038295E-03   0.4844498E-03
 46.00    20.00   39  0.1003229E-01   0.2640000E-03   0.4662152E-03
 47.00    20.00   39  0.3682809E-03   0.1430504E-03   0.4942770E-03
 48.00    20.00   39  0.6320856E+00   0.1053719E-01   0.4474714E-04
 49.00    20.00   39  0.7657449E+00   0.1032623E-01   0.2393909E-03
 50.00    20.00   39  0.7500000E+00   0.4342245E-01   0.2500000E-03
 44.00    21.00   39  0.4920457E-02   0.3264813E-03   0.4773403E-03
 45.00    21.00   39  0.9972031E+00   0.1714778E-02  -0.1384754E-04
 46.00    21.00   39  0.8838305E+00   0.5411960E-03   0.1505844E-03
 47.00    21.00   39  0.8137610E+00   0.1490917E-02   0.2055007E-03
 48.00    21.00   39  0.7573950E+00   0.1868270E-02   0.2450454E-03
 49.00    21.00   39  0.7500000E+00   0.1828965E-02   0.2500000E-03
 50.00    21.00   39  0.7499999E+00   0.1291956E-01   0.2500000E-03
 43.00    22.00   39  0.1246925E-05   0.1380926E-04   0.4996770E-03
 44.00    22.00   39  0.4935454E+00   0.2158997E-02   0.1089018E-03
 45.00    22.00   39  0.9910025E+00   0.5195757E-03   0.3175804E-04
 46.00    22.00   39  0.8992493E+00   0.2544870E-03   0.1372660E-03
 47.00    22.00   39  0.7598342E+00   0.4522048E-03   0.2434003E-03
 48.00    22.00   39  0.7500000E+00   0.1062111E-02   0.2500000E-03
 49.00    22.00   39  0.7500001E+00   0.3111636E-02   0.2500000E-03
 50.00    22.00   39  0.7499999E+00   0.2163824E-01   0.2500000E-03
 43.00    23.00   39  0.5109621E-02   0.7551889E-03   0.4768630E-03
 44.00    23.00   39  0.9040320E+00   0.1824744E-02  -0.3704452E-04
 45.00    23.00   39  0.8793112E+00   0.3605089E-03  -0.3369595E-04
 46.00    23.00   39  0.9997315E+00   0.2402015E-03   0.4863483E-05
 47.00    23.00   39  0.8675643E+00   0.2599446E-03   0.1640684E-03
 48.00    23.00   39  0.7501497E+00   0.5887928E-03   0.2499002E-03
 49.00    23.00   39  0.7500000E+00   0.5334566E-02   0.2500000E-03
 50.00    23.00   39  0.7500001E+00   0.7478330E-01   0.2500000E-03
 43.00    24.00   39  0.9682656E-04   0.4388937E-04   0.4971112E-03
 44.00    24.00   39  0.1200259E+00   0.6762308E-03   0.3461700E-03
 45.00    24.00   39  0.3999037E+00   0.1942522E-03   0.1586325E-03
 46.00    24.00   39  0.5919925E+00   0.1577670E-03   0.6213013E-04
 47.00    24.00   39  0.9997787E+00   0.2467321E-03   0.4402827E-05
 48.00    24.00   39  0.7531524E+00   0.9552483E-03   0.2478941E-03
 49.00    24.00   39  0.7500001E+00   0.1707774E-01   0.2500000E-03
 44.00    25.00   39  0.2419025E-03   0.1670533E-04   0.4953898E-03
 45.00    25.00   39  0.1330528E+00   0.8411631E-04   0.3354303E-03
 46.00    25.00   39  0.4326495E+00   0.1168924E-03   0.1406532E-03
 47.00    25.00   39  0.9899129E+00   0.4551092E-03  -0.2380268E-04
 48.00    25.00   39  0.7594339E+00   0.6934527E-02   0.2436706E-03
 49.00    25.00   39  0.7500000E+00   0.2476849E+00   0.2500000E-03
 44.00    26.00   39  0.4124354E-07   0.2521340E-06   0.4999414E-03
 45.00    26.00   39  0.5700676E-01   0.5804670E-04   0.4045657E-03
 46.00    26.00   39  0.6863151E+00   0.1467400E-03   0.2290009E-04
 47.00    26.00   39  0.8884863E+00   0.4573588E-03   0.1466223E-03
 48.00    26.00   39  0.7500001E+00   0.2256080E+00   0.2500000E-03
 44.00    27.00   39  0.5188334E-05   0.1609815E-04   0.4993399E-03
 45.00    27.00   39  0.1503791E-01   0.3640011E-04   0.4573483E-03
 46.00    27.00   39  0.3765157E+00   0.7535127E-04   0.1718757E-03
 47.00    27.00   39  0.9246116E+00   0.2990787E-03   0.1139093E-03
 48.00    27.00   39  0.7500001E+00   0.2408886E-01   0.2500000E-03
 44.00    28.00   39  0.2687895E-01   0.2528743E-02   0.4398732E-03
 45.00    28.00   39  0.1954779E-01   0.6439735E-04   0.4502619E-03
 46.00    28.00   39  0.2971661E+00   0.6478584E-04   0.2194894E-03
 47.00    28.00   39  0.9905681E+00   0.2561136E-03   0.3261911E-04
 48.00    28.00   39  0.7505896E+00   0.6671955E-02   0.2496068E-03
 44.00    29.00   39  0.1398064E-01   0.6063514E-03   0.4591162E-03
 45.00    29.00   39  0.3402925E-01   0.9573999E-04   0.4306473E-03
 46.00    29.00   39  0.2444257E+00   0.6427507E-04   0.2537301E-03
 47.00    29.00   39  0.9994614E+00   0.2175998E-03   0.6967923E-05
 48.00    29.00   39  0.7818660E+00   0.3672729E-02   0.2282838E-03
 44.00    30.00   39  0.2210728E-02   0.2486959E-03   0.4853366E-03
 45.00    30.00   39  0.1958590E-01   0.7052863E-04   0.4502047E-03
 46.00    30.00   39  0.9213414E-01   0.4855234E-04   0.3704437E-03
 47.00    30.00   39  0.9860469E+00   0.1719267E-03  -0.2688420E-04
 48.00    30.00   39  0.8310972E+00   0.8117080E-03   0.1926080E-03
 49.00    30.00   39  0.7500000E+00   0.1532697E+00   0.2500000E-03
 54.00    30.00   39  0.7489739E+00   0.3982665E-01   0.2496589E-03
 44.00    31.00   39  0.5938414E-02   0.1118661E-02   0.4748513E-03
 45.00    31.00   39  0.1475498E-01   0.6834202E-04   0.4578168E-03
 46.00    31.00   39  0.2355917E-01   0.2421693E-04   0.4444367E-03
 47.00    31.00   39  0.6075560E+00   0.1486337E-03   0.5526355E-04
 48.00    31.00   39  0.9029640E+00   0.4066155E-03   0.1339678E-03
 49.00    31.00   39  0.7713106E+00   0.1461772E-01   0.2355850E-03
 53.00    31.00   39  0.3229705E+00   0.2681459E-03   0.2300243E-03
 54.00    31.00   39  0.7500000E+00   0.4447990E-02   0.2500000E-03
 44.00    32.00   39  0.3313207E-02   0.1473463E-01   0.4817547E-03
 45.00    32.00   39  0.2237130E-01   0.1763670E-03   0.4461228E-03
 46.00    32.00   39  0.1873161E-01   0.2363243E-04   0.4514969E-03
 47.00    32.00   39  0.2337097E+00   0.9560300E-04   0.2609809E-03
 48.00    32.00   39  0.9167043E+00   0.2925519E-03   0.1214170E-03
 49.00    32.00   39  0.7913090E+00   0.1260209E-02   0.2216553E-03
 53.00    32.00   39  0.6925571E+00   0.1722975E-03   0.2335907E-03
 54.00    32.00   39  0.7500002E+00   0.1812806E-02   0.2500000E-03
 55.00    32.00   39  0.7500000E+00   0.5965187E+02   0.2500000E-03
 45.00    33.00   39  0.1464209E-01   0.3625519E-03   0.4580047E-03
 46.00    33.00   39  0.1204227E-01   0.2219525E-04   0.4624918E-03
 47.00    33.00   39  0.1257867E+00   0.7022871E-04   0.3413794E-03
 48.00    33.00   39  0.9192612E+00   0.2196708E-03   0.1190144E-03
 49.00    33.00   39  0.7730761E+00   0.2566077E-03   0.2343716E-03
 50.00    33.00   39  0.6342485E+00   0.8088050E-04   0.2219249E-03
 51.00    33.00   39  0.2348724E+00   0.1424269E-04   0.2552503E-03
 52.00    33.00   39  0.5776027E+00   0.2685240E-04   0.2147589E-03
 53.00    33.00   39  0.7498270E+00   0.1192012E-03   0.2496612E-03
 54.00    33.00   39  0.7500001E+00   0.1355654E-02   0.2500000E-03
 55.00    33.00   39  0.7499999E+00   0.1469914E+01   0.2500001E-03
 45.00    34.00   39  0.5145007E-03   0.2912630E-03   0.4931965E-03
 46.00    34.00   39  0.1306081E-01   0.3528578E-04   0.4606948E-03
 47.00    34.00   39  0.5598572E-01   0.5168163E-04   0.4056424E-03
 48.00    34.00   39  0.8537273E+00   0.1307014E-03   0.1751481E-03
 49.00    34.00   39  0.7576640E+00   0.6358518E-04   0.2448644E-03
 50.00    34.00   39  0.7374145E+00   0.2370710E-04   0.2458974E-03
 51.00    34.00   39  0.6866981E+00   0.1442316E-04   0.2319103E-03
 52.00    34.00   39  0.7326865E+00   0.2575866E-04   0.2438378E-03
 53.00    34.00   39  0.7537707E+00   0.1116034E-03   0.2474799E-03
 54.00    34.00   39  0.7500000E+00   0.7793585E-02   0.2500000E-03
 55.00    34.00   39  0.7499999E+00   0.4652193E+03   0.2500000E-03
 46.00    35.00   39  0.6352518E-02   0.5122322E-04   0.4738888E-03
 47.00    35.00   39  0.1592124E-01   0.3029553E-04   0.4559057E-03
 48.00    35.00   39  0.8319050E+00   0.1076203E-03   0.1919979E-03
 49.00    35.00   39  0.7564865E+00   0.3543850E-04   0.2456568E-03
 50.00    35.00   39  0.7509344E+00   0.2282851E-04   0.2489246E-03
 51.00    35.00   39  0.7473685E+00   0.2460656E-04   0.2472207E-03
 52.00    35.00   39  0.7526728E+00   0.3464420E-04   0.2469712E-03
 53.00    35.00   39  0.7592142E+00   0.1606737E-03   0.2438190E-03
 54.00    35.00   39  0.7500001E+00   0.1203705E+01   0.2500000E-03
 46.00    36.00   39  0.3043401E-02   0.1135705E-03   0.4825772E-03
 47.00    36.00   39  0.4094322E-02   0.2592965E-04   0.4795193E-03
 48.00    36.00   39  0.8433181E+00   0.1338501E-03   0.1832746E-03
 49.00    36.00   39  0.7624026E+00   0.2716271E-04   0.2416621E-03
 50.00    36.00   39  0.7622151E+00   0.2568237E-04   0.2417892E-03
 51.00    36.00   39  0.7642707E+00   0.5407124E-04   0.2403725E-03
 52.00    36.00   39  0.7606845E+00   0.7958538E-04   0.2428121E-03
 53.00    36.00   39  0.7602172E+00   0.4005397E-03   0.2431415E-03
 46.00    37.00   39  0.4207482E-02   0.8666521E-03   0.4792108E-03
 47.00    37.00   39  0.4159585E-02   0.1091309E-03   0.4793409E-03
 48.00    37.00   39  0.8645342E+00   0.2695828E-03   0.1665234E-03
 49.00    37.00   39  0.7782938E+00   0.3200607E-04   0.2307672E-03
 50.00    37.00   39  0.7758695E+00   0.3255229E-04   0.2324452E-03
 51.00    37.00   39  0.7913057E+00   0.1257036E-03   0.2216576E-03
 52.00    37.00   39  0.7837129E+00   0.3068686E-03   0.2269947E-03
 53.00    37.00   39  0.7714646E+00   0.2819637E-02   0.2354793E-03
 46.00    38.00   39  0.1021479E+00   0.4536653E-01   0.3615029E-03
 47.00    38.00   39  0.4630350E-02   0.7399378E-03   0.4780870E-03
 48.00    38.00   39  0.9080713E+00   0.6028921E-03   0.1293699E-03
 49.00    38.00   39  0.8117931E+00   0.5857186E-04   0.2069401E-03
 50.00    38.00   39  0.7958573E+00   0.5884390E-04   0.2184288E-03
 51.00    38.00   39  0.8412486E+00   0.5859639E-03   0.1848704E-03
 52.00    38.00   39  0.8471136E+00   0.4213821E-02   0.1803310E-03
 53.00    38.00   39  0.7568886E+00   0.2163866E+00   0.2453864E-03
 48.00    39.00   39  0.9856113E+00   0.2765470E-02   0.4157171E-04
 49.00    39.00   39  0.8719994E+00   0.1750854E-03   0.1604440E-03
 50.00    39.00   39  0.8341807E+00   0.2220018E-03   0.1902734E-03
 51.00    39.00   39  0.9666125E+00   0.1040726E-01   0.6855329E-04
 52.00    39.00   39  0.7500000E+00   0.6376901E+00   0.2500000E-03
 48.00    40.00   39  0.9999561E+00   0.9042241E-01  -0.1893786E-05
 49.00    40.00   39  0.8974676E+00   0.1490606E-02   0.1388350E-03
 50.00    40.00   39  0.8560972E+00   0.2262081E-02   0.1732738E-03
 51.00    40.00   39  0.8313968E+00   0.6126432E+00   0.1923820E-03
 49.00    41.00   39  0.7521035E+00   0.9920427E-01   0.2485958E-03
 50.00    41.00   39  0.7629471E+00   0.2508955E+00   0.2412927E-03
 48.00    20.00   40  0.3723321E-02   0.4740470E-03   0.4805565E-03
 49.00    20.00   40  0.9572083E+00   0.1145120E+00  -0.3702822E-04
 50.00    20.00   40  0.7500000E+00   0.8639609E+01   0.2500000E-03
 44.00    21.00   40  0.5281012E-03   0.6861899E-03   0.4931038E-03
 45.00    21.00   40  0.5885552E+00   0.4341918E-02   0.6366667E-04
 46.00    21.00   40  0.8936180E+00   0.2722440E-02  -0.3581500E-04
 47.00    21.00   40  0.1837415E+00   0.2354319E-02   0.2963331E-03
 48.00    21.00   40  0.8954729E+00   0.3849379E-02   0.1405817E-03
 49.00    21.00   40  0.7527783E+00   0.2632831E-02   0.2481444E-03
 50.00    21.00   40  0.7500002E+00   0.4674846E-01   0.2500000E-03
 44.00    22.00   40  0.1693482E+00   0.1756092E-02   0.3070557E-03
 45.00    22.00   40  0.9992843E+00   0.9400216E-03   0.8079049E-05
 46.00    22.00   40  0.8915247E+00   0.4293786E-03   0.1440099E-03
 47.00    22.00   40  0.7686949E+00   0.8727043E-03   0.2373774E-03
 48.00    22.00   40  0.7506276E+00   0.1648196E-02   0.2495815E-03
 49.00    22.00   40  0.7499999E+00   0.2239448E-02   0.2500000E-03
 50.00    22.00   40  0.7500000E+00   0.3746121E-01   0.2500000E-03
 43.00    23.00   40  0.6075227E-03   0.2197224E-03   0.4925831E-03
 44.00    23.00   40  0.7904921E+00   0.1591963E-02  -0.1272454E-04
 45.00    23.00   40  0.9776804E+00   0.3988226E-03  -0.3148342E-04
 46.00    23.00   40  0.9166459E+00   0.2366456E-03   0.1214717E-03
 47.00    23.00   40  0.7874427E+00   0.3692875E-03   0.2243804E-03
 48.00    23.00   40  0.7500000E+00   0.8297974E-03   0.2500000E-03
 49.00    23.00   40  0.7500001E+00   0.5075913E-02   0.2500000E-03
 50.00    23.00   40  0.7500001E+00   0.8598051E-01   0.2500000E-03
 43.00    24.00   40  0.4416128E-02   0.4118776E-03   0.4786508E-03
 44.00    24.00   40  0.8216593E+00   0.1292791E-02  -0.2133427E-04
 45.00    24.00   40  0.5350154E+00   0.2269441E-03   0.8850917E-04
 46.00    24.00   40  0.9606631E+00   0.2113444E-03  -0.3644853E-04
 47.00    24.00   40  0.9350691E+00   0.2290372E-03   0.1035962E-03
 48.00    24.00   40  0.7508556E+00   0.7284273E-03   0.2494293E-03
 49.00    24.00   40  0.7500000E+00   0.1403594E-01   0.2500000E-03
 50.00    24.00   40  0.7500001E+00   0.2348476E+00   0.2500000E-03
 43.00    25.00   40  0.4157213E-04   0.4111318E-04   0.4981180E-03
 44.00    25.00   40  0.2707878E-01   0.2721231E-03   0.4396049E-03
 45.00    25.00   40  0.2225144E+00   0.1299243E-03   0.2686728E-03
 46.00    25.00   40  0.4659928E+00   0.1340435E-03   0.1230002E-03
 47.00    25.00   40  0.9840091E+00   0.3603551E-03  -0.2821599E-04
 48.00    25.00   40  0.7513165E+00   0.3260776E-02   0.2491215E-03
 49.00    25.00   40  0.7500000E+00   0.4276223E+00   0.2500001E-03
 44.00    26.00   40  0.9718472E-06   0.1406713E-05   0.4997150E-03
 45.00    26.00   40  0.8842827E-01   0.1010779E-03   0.3738262E-03
 46.00    26.00   40  0.5123273E+00   0.1326759E-03   0.9954270E-04
 47.00    26.00   40  0.9968207E+00   0.4936394E-03   0.1784071E-04
 48.00    26.00   40  0.7500001E+00   0.4435526E-01   0.2500000E-03
 45.00    27.00   40  0.1918306E-01   0.6287285E-04   0.4508115E-03
 46.00    27.00   40  0.5246000E+00   0.1172877E-03   0.9353727E-04
 47.00    27.00   40  0.9246324E+00   0.3370841E-03   0.1138895E-03
 48.00    27.00   40  0.7500000E+00   0.6871826E+00   0.2500000E-03
 45.00    28.00   40  0.1138991E-01   0.8120641E-04   0.4636726E-03
 46.00    28.00   40  0.2886665E+00   0.7817138E-04   0.2248558E-03
 47.00    28.00   40  0.9946157E+00   0.3056211E-03   0.2381761E-04
 48.00    28.00   40  0.7578701E+00   0.5475576E-01   0.2447254E-03
 44.00    29.00   40  0.5283921E-04   0.1607126E-03   0.4978753E-03
 45.00    29.00   40  0.1044469E-01   0.9958812E-04   0.4654298E-03
 46.00    29.00   40  0.2729192E+00   0.8096187E-04   0.2349473E-03
 47.00    29.00   40  0.9892965E+00   0.2657739E-03  -0.2435374E-04
 48.00    29.00   40  0.7956415E+00   0.1051428E-01   0.2185823E-03
 44.00    30.00   40  0.2083781E-02   0.7203494E-03   0.4857943E-03
 45.00    30.00   40  0.7822747E-02   0.9113294E-04   0.4706565E-03
 46.00    30.00   40  0.1404114E+00   0.6487693E-04   0.3295047E-03
 47.00    30.00   40  0.9555228E+00   0.2070384E-03  -0.3727258E-04
 48.00    30.00   40  0.8251148E+00   0.2378618E-02   0.1971013E-03
 49.00    30.00   40  0.7251284E+00   0.1571753E+01   0.2422422E-03
 44.00    31.00   40  0.2646565E-01   0.8567438E-02   0.4404304E-03
 45.00    31.00   40  0.6481182E-02   0.1042453E-03   0.4735948E-03
 46.00    31.00   40  0.4911069E-01   0.4929341E-04   0.4130622E-03
 47.00    31.00   40  0.8176892E+00   0.1552788E-03  -0.2030219E-04
 48.00    31.00   40  0.8838332E+00   0.5073962E-03   0.1505819E-03
 49.00    31.00   40  0.7500001E+00   0.5122826E-01   0.2500000E-03
 53.00    31.00   40  0.3806244E+00   0.3440121E-03   0.2196732E-03
 54.00    31.00   40  0.7500001E+00   0.1507854E-01   0.2500000E-03
 45.00    32.00   40  0.7384358E-02   0.1381799E-03   0.4715931E-03
 46.00    32.00   40  0.1618455E-01   0.2924321E-04   0.4554813E-03
 47.00    32.00   40  0.2978176E+00   0.9572838E-04   0.2190803E-03
 48.00    32.00   40  0.9509372E+00   0.2655638E-03   0.8688489E-04
 49.00    32.00   40  0.7625626E+00   0.3716919E-02   0.2415535E-03
 53.00    32.00   40  0.6124945E+00   0.1705324E-03   0.2187261E-03
 54.00    32.00   40  0.7500001E+00   0.2217948E-02   0.2500000E-03
 45.00    33.00   40  0.1757799E-01   0.4452013E-03   0.4532758E-03
 46.00    33.00   40  0.1191395E-01   0.2718476E-04   0.4627221E-03
 47.00    33.00   40  0.7644578E-01   0.4484565E-04   0.3850732E-03
 48.00    33.00   40  0.9933302E+00   0.2669021E-03   0.2683199E-04
 49.00    33.00   40  0.7967197E+00   0.8705485E-03   0.2178144E-03
 52.00    33.00   40  0.1669356E+00   0.2048459E-04   0.2846955E-03
 53.00    33.00   40  0.7379789E+00   0.1277453E-03   0.2461195E-03
 54.00    33.00   40  0.7500001E+00   0.1310375E-02   0.2500000E-03
 55.00    33.00   40  0.7500001E+00   0.7796726E+00   0.2500000E-03
 45.00    34.00   40  0.4023849E-02   0.6552587E-03   0.4797132E-03
 46.00    34.00   40  0.1794469E-01   0.4877273E-04   0.4527059E-03
 47.00    34.00   40  0.3573548E-01   0.3036270E-04   0.4285456E-03
 48.00    34.00   40  0.9816716E+00   0.2202155E-03   0.4788613E-04
 49.00    34.00   40  0.7758509E+00   0.2137123E-03   0.2324581E-03
 50.00    34.00   40  0.6956626E+00   0.6696508E-04   0.2342723E-03
 51.00    34.00   40  0.4306928E+00   0.1681199E-04   0.2140864E-03
 52.00    34.00   40  0.6434948E+00   0.2699128E-04   0.2234213E-03
 53.00    34.00   40  0.7500463E+00   0.1101748E-03   0.2499378E-03
 54.00    34.00   40  0.7499999E+00   0.2669449E-02   0.2500000E-03
 55.00    34.00   40  0.7500000E+00   0.2302522E+01   0.2500000E-03
 45.00    35.00   40  0.9782799E-03   0.2925739E-02   0.4904863E-03
 46.00    35.00   40  0.1956658E-01   0.8302360E-04   0.4502337E-03
 47.00    35.00   40  0.2044537E-01   0.2464991E-04   0.4489246E-03
 48.00    35.00   40  0.9297703E+00   0.1516405E-03   0.1088812E-03
 49.00    35.00   40  0.7586340E+00   0.6083586E-04   0.2442104E-03
 50.00    35.00   40  0.7445138E+00   0.2642977E-04   0.2479597E-03
 51.00    35.00   40  0.7107776E+00   0.1769166E-04   0.2373144E-03
 52.00    35.00   40  0.7393599E+00   0.3259589E-04   0.2439372E-03
 53.00    35.00   40  0.7531978E+00   0.1600470E-03   0.2478635E-03
 54.00    35.00   40  0.7500000E+00   0.5449006E-01   0.2500000E-03
 46.00    36.00   40  0.1046080E-01   0.1426943E-03   0.4653993E-03
 47.00    36.00   40  0.7787046E-02   0.1781002E-04   0.4707320E-03
 48.00    36.00   40  0.9438516E+00   0.1635874E-03   0.9452956E-04
 49.00    36.00   40  0.7583252E+00   0.3356121E-04   0.2444188E-03
 50.00    36.00   40  0.7521681E+00   0.2404003E-04   0.2483449E-03
 51.00    36.00   40  0.7526510E+00   0.3229850E-04   0.2461860E-03
 52.00    36.00   40  0.7547175E+00   0.5482629E-04   0.2463766E-03
 53.00    36.00   40  0.7551755E+00   0.2930054E-03   0.2465377E-03
 54.00    36.00   40  0.7499999E+00   0.1480514E+01   0.2500000E-03
 46.00    37.00   40  0.1694261E-02   0.2034707E-03   0.4872807E-03
 47.00    37.00   40  0.2671113E-02   0.1555699E-04   0.4837649E-03
 48.00    37.00   40  0.9930930E+00   0.2676211E-03   0.2736191E-04
 49.00    37.00   40  0.7699461E+00   0.3027481E-04   0.2365209E-03
 50.00    37.00   40  0.7629049E+00   0.2500569E-04   0.2413215E-03
 51.00    37.00   40  0.7697471E+00   0.6366045E-04   0.2366572E-03
 52.00    37.00   40  0.7617508E+00   0.1676528E-03   0.2421038E-03
 53.00    37.00   40  0.7668865E+00   0.1231921E-02   0.2386127E-03
 54.00    37.00   40  0.7500001E+00   0.1481920E+02   0.2500000E-03
 46.00    38.00   40  0.3842140E-02   0.1414458E-02   0.4802198E-03
 47.00    38.00   40  0.3000313E-02   0.4705038E-04   0.4827114E-03
 48.00    38.00   40  0.9904466E+00   0.6718641E-03  -0.2330367E-04
 49.00    38.00   40  0.7843391E+00   0.4210392E-04   0.2265567E-03
 50.00    38.00   40  0.7747973E+00   0.2962874E-04   0.2331855E-03
 51.00    38.00   40  0.7824857E+00   0.1317941E-03   0.2278516E-03
 52.00    38.00   40  0.7925445E+00   0.8411543E-03   0.2207812E-03
 53.00    38.00   40  0.7747068E+00   0.1112509E-01   0.2332479E-03
 46.00    39.00   40  0.1368619E-01   0.1395114E-01   0.4596173E-03
 47.00    39.00   40  0.2254355E-02   0.2282917E-03   0.4851820E-03
 48.00    39.00   40  0.9797055E+00   0.1927669E-02  -0.3055762E-04
 49.00    39.00   40  0.8259207E+00   0.9233994E-04   0.1964988E-03
 50.00    39.00   40  0.8071014E+00   0.5459138E-04   0.2103531E-03
 51.00    39.00   40  0.8525044E+00   0.4676609E-03   0.1761117E-03
 52.00    39.00   40  0.9434083E+00   0.2483283E-01   0.9499746E-04
 53.00    39.00   40  0.7500000E+00   0.4543880E+01   0.2500000E-03
 48.00    40.00   40  0.7192009E+00   0.1257046E-01   0.1067197E-04
 49.00    40.00   40  0.9064440E+00   0.3565363E-03   0.1308431E-03
 50.00    40.00   40  0.8520954E+00   0.1989329E-03   0.1764336E-03
 51.00    40.00   40  0.8935570E+00   0.3258955E-02   0.1422499E-03
 52.00    40.00   40  0.4483207E+00   0.2666203E+01   0.1322752E-03
 48.00    41.00   40  0.3612545E+00   0.4794412E+00   0.1807036E-03
 49.00    41.00   40  0.9429193E+00   0.4933251E-02   0.9551205E-04
 50.00    41.00   40  0.9077690E+00   0.2972949E-02   0.1296441E-03
 51.00    41.00   40  0.8621967E+00   0.1556694E+00   0.1684061E-03
 49.00    42.00   40  0.5589153E+00   0.2092307E+01   0.7721028E-04
 50.00    42.00   40  0.9299603E+00   0.1555041E+01  -0.3865408E-04
 45.00    21.00   41  0.9204444E-02   0.6572172E-03   0.4678301E-03
 46.00    21.00   41  0.6941570E-02   0.1658028E-03   0.4725616E-03
 47.00    21.00   41  0.4219803E-04   0.2166496E-04   0.4981037E-03
 48.00    21.00   41  0.3091536E-01   0.1643883E-02   0.4345760E-03
 49.00    21.00   41  0.7730882E+00   0.4743886E-01   0.2343631E-03
 44.00    22.00   41  0.4306862E-01   0.2973295E-02   0.4198613E-03
 45.00    22.00   41  0.9995083E+00   0.1999017E-02   0.6646733E-05
 46.00    22.00   41  0.9676485E+00   0.9221621E-03   0.6725133E-04
 47.00    22.00   41  0.9500663E+00   0.3506688E-02   0.8784275E-04
 48.00    22.00   41  0.7896606E+00   0.2872668E-02   0.2228192E-03
 49.00    22.00   41  0.7499998E+00   0.4167069E-02   0.2500000E-03
 50.00    22.00   41  0.7500001E+00   0.6831447E+00   0.2500000E-03
 43.00    23.00   41  0.1089482E-03   0.3656133E-03   0.4969326E-03
 44.00    23.00   41  0.8343232E+00   0.2497986E-02  -0.2448820E-04
 45.00    23.00   41  0.9992285E+00   0.5142046E-03   0.8400588E-05
 46.00    23.00   41  0.8656618E+00   0.3481533E-03   0.1656117E-03
 47.00    23.00   41  0.7550117E+00   0.7231588E-03   0.2466477E-03
 48.00    23.00   41  0.7500000E+00   0.1702920E-02   0.2500000E-03
 49.00    23.00   41  0.7500001E+00   0.3779576E-02   0.2500000E-03
 50.00    23.00   41  0.7500001E+00   0.2192507E+00   0.2500000E-03
 43.00    24.00   41  0.4376917E-02   0.6336837E-03   0.4787552E-03
 44.00    24.00   41  0.8913045E+00   0.1179860E-02  -0.3550440E-04
 45.00    24.00   41  0.9341553E+00   0.3023826E-03  -0.3867206E-04
 46.00    24.00   41  0.9684745E+00   0.2267676E-03   0.6620376E-04
 47.00    24.00   41  0.8198366E+00   0.3389997E-03   0.2010264E-03
 48.00    24.00   41  0.7500000E+00   0.9198611E-03   0.2500000E-03
 49.00    24.00   41  0.7500001E+00   0.1028773E-01   0.2500000E-03
 50.00    24.00   41  0.7500000E+00   0.1845231E+00   0.2500000E-03
 43.00    25.00   41  0.1410870E-02   0.2562015E-03   0.4884591E-03
 44.00    25.00   41  0.5604343E+00   0.1579451E-02   0.7650349E-04
 45.00    25.00   41  0.3938155E+00   0.2079308E-03   0.1620471E-03
 46.00    25.00   41  0.7745758E+00   0.2042739E-03  -0.7914088E-05
 47.00    25.00   41  0.9857360E+00   0.2940234E-03   0.4136213E-04
 48.00    25.00   41  0.7502788E+00   0.1100771E-02   0.2498141E-03
 49.00    25.00   41  0.7500000E+00   0.6516305E-01   0.2500000E-03
 50.00    25.00   41  0.7500000E+00   0.2593190E+01   0.2500000E-03
 44.00    26.00   41  0.4941863E-02   0.1302469E-03   0.4772859E-03
 45.00    26.00   41  0.1407496E+00   0.1641446E-03   0.3292347E-03
 46.00    26.00   41  0.3835633E+00   0.1213812E-03   0.1678491E-03
 47.00    26.00   41  0.9251041E+00   0.4088026E-03  -0.3853807E-04
 48.00    26.00   41  0.7521521E+00   0.5923129E-02   0.2485633E-03
 49.00    26.00   41  0.7500000E+00   0.1286869E+00   0.2500000E-03
 44.00    27.00   41  0.1301284E-05   0.5065147E-05   0.4996700E-03
 45.00    27.00   41  0.1526237E-01   0.8363633E-04   0.4569788E-03
 46.00    27.00   41  0.4037501E+00   0.1355922E-03   0.1564870E-03
 47.00    27.00   41  0.9991607E+00   0.4283466E-03   0.8779636E-05
 48.00    27.00   41  0.7518710E+00   0.8531604E-01   0.2487511E-03
 45.00    28.00   41  0.2411997E-02   0.5649375E-04   0.4846337E-03
 46.00    28.00   41  0.2530462E+00   0.9332910E-04   0.2479733E-03
 47.00    28.00   41  0.9982368E+00   0.3448118E-03  -0.1122936E-04
 48.00    28.00   41  0.7500001E+00   0.3017045E+00   0.2500000E-03
 44.00    29.00   41  0.4710679E+00   0.6969972E+00   0.1203703E-03
 45.00    29.00   41  0.1065718E-01   0.2661356E-03   0.4650297E-03
 46.00    29.00   41  0.1449291E+00   0.6619543E-04   0.3259134E-03
 47.00    29.00   41  0.9475000E+00   0.2641412E-03  -0.3813405E-04
 48.00    29.00   41  0.7689769E+00   0.2247680E-01   0.2371845E-03
 44.00    30.00   41  0.3926677E+00   0.1530732E+00   0.1626934E-03
 45.00    30.00   41  0.1052826E-01   0.3582087E-03   0.4652721E-03
 46.00    30.00   41  0.1292992E+00   0.7106899E-04   0.3384910E-03
 47.00    30.00   41  0.8850946E+00   0.2116338E-03  -0.3460801E-04
 48.00    30.00   41  0.8077698E+00   0.4281797E-02   0.2098684E-03
 44.00    31.00   41  0.3552210E+00   0.1613877E+00   0.1842353E-03
 45.00    31.00   41  0.9848503E-02   0.3496989E-03   0.4665692E-03
 46.00    31.00   41  0.7490415E-01   0.7072855E-04   0.3865581E-03
 47.00    31.00   41  0.8255674E+00   0.1716342E-03  -0.2233050E-04
 48.00    31.00   41  0.8451138E+00   0.1350183E-02   0.1818847E-03
 49.00    31.00   41  0.7168782E+00   0.9718088E-01   0.2398951E-03
 53.00    31.00   41  0.6202397E+00   0.1899343E-02   0.2197963E-03
 45.00    32.00   41  0.1119654E-01   0.5103498E-03   0.4640275E-03
 46.00    32.00   41  0.3500978E-01   0.6575304E-04   0.4294353E-03
 47.00    32.00   41  0.5442557E+00   0.1237302E-03   0.8410105E-04
 48.00    32.00   41  0.9220467E+00   0.3679729E-03   0.1163698E-03
 49.00    32.00   41  0.7536379E+00   0.1371394E-01   0.2475689E-03
 53.00    32.00   41  0.6536604E+00   0.3640652E-03   0.2252950E-03
 54.00    32.00   41  0.7500000E+00   0.1368131E-01   0.2500000E-03
 45.00    33.00   41  0.8526849E-01   0.2428023E-02   0.3767443E-03
 46.00    33.00   41  0.2630161E-01   0.6808421E-04   0.4406523E-03
 47.00    33.00   41  0.2151188E+00   0.8123977E-04   0.2738227E-03
 48.00    33.00   41  0.9958313E+00   0.2355755E-03   0.2068398E-04
 49.00    33.00   41  0.7813693E+00   0.1590916E-02   0.2286299E-03
 53.00    33.00   41  0.6996521E+00   0.1883396E-03   0.2353372E-03
 54.00    33.00   41  0.7500000E+00   0.2946006E-02   0.2500000E-03
 45.00    34.00   41  0.5611383E-02   0.1013914E-02   0.4756307E-03
 46.00    34.00   41  0.1357201E-01   0.5283198E-04   0.4598127E-03
 47.00    34.00   41  0.4013100E-01   0.3164271E-04   0.4232773E-03
 48.00    34.00   41  0.9353970E+00   0.2460464E-03  -0.3866182E-04
 49.00    34.00   41  0.8079851E+00   0.6346815E-03   0.2097122E-03
 52.00    34.00   41  0.2626816E+00   0.2400616E-04   0.2459134E-03
 53.00    34.00   41  0.7467214E+00   0.1223959E-03   0.2489167E-03
 54.00    34.00   41  0.7500000E+00   0.1694882E-02   0.2500000E-03
 45.00    35.00   41  0.1524485E-01   0.5855642E-02   0.4570076E-03
 46.00    35.00   41  0.1671286E-01   0.8129425E-04   0.4546374E-03
 47.00    35.00   41  0.1999351E-01   0.2267695E-04   0.4495952E-03
 48.00    35.00   41  0.9317905E+00   0.2372776E-03  -0.3867177E-04
 49.00    35.00   41  0.8066441E+00   0.2500960E-03   0.2106844E-03
 50.00    35.00   41  0.7096269E+00   0.8376814E-04   0.2374655E-03
 51.00    35.00   41  0.4557955E+00   0.1840291E-04   0.2124088E-03
 52.00    35.00   41  0.6540078E+00   0.2615992E-04   0.2249510E-03
 53.00    35.00   41  0.7524232E+00   0.1183165E-03   0.2483709E-03
 54.00    35.00   41  0.7500000E+00   0.8594607E-02   0.2500000E-03
 46.00    36.00   41  0.3163489E-01   0.2373535E-03   0.4336569E-03
 47.00    36.00   41  0.1877328E-01   0.2591839E-04   0.4514334E-03
 48.00    36.00   41  0.9590973E+00   0.2314797E-03  -0.3672502E-04
 49.00    36.00   41  0.7699509E+00   0.7791950E-04   0.2365175E-03
 50.00    36.00   41  0.7452225E+00   0.3121274E-04   0.2480591E-03
 51.00    36.00   41  0.7127784E+00   0.1849775E-04   0.2381259E-03
 52.00    36.00   41  0.7409077E+00   0.3200087E-04   0.2451186E-03
 53.00    36.00   41  0.7584468E+00   0.1804931E-03   0.2443368E-03
 54.00    36.00   41  0.7500000E+00   0.1606880E+00   0.2500000E-03
 46.00    37.00   41  0.8739919E-02   0.3342998E-03   0.4687607E-03
 47.00    37.00   41  0.1474631E-01   0.2788626E-04   0.4578312E-03
 48.00    37.00   41  0.9548602E+00   0.2483195E-03  -0.3736216E-04
 49.00    37.00   41  0.7610452E+00   0.4219789E-04   0.2425814E-03
 50.00    37.00   41  0.7517664E+00   0.2458938E-04   0.2486682E-03
 51.00    37.00   41  0.7542734E+00   0.3033355E-04   0.2450278E-03
 52.00    37.00   41  0.7548987E+00   0.5891674E-04   0.2459101E-03
 53.00    37.00   41  0.7590346E+00   0.3619765E-03   0.2439402E-03
 54.00    37.00   41  0.7500000E+00   0.6166962E+00   0.2500000E-03
 46.00    38.00   41  0.3067056E-02   0.9187717E-03   0.4825039E-03
 47.00    38.00   41  0.5544355E-02   0.2583375E-04   0.4757927E-03
 48.00    38.00   41  0.5871193E+00   0.2718109E-03   0.6431062E-04
 49.00    38.00   41  0.7682227E+00   0.3786865E-04   0.2377002E-03
 50.00    38.00   41  0.7622994E+00   0.2347619E-04   0.2417320E-03
 51.00    38.00   41  0.7700039E+00   0.5409872E-04   0.2364813E-03
 52.00    38.00   41  0.7648232E+00   0.1843138E-03   0.2400183E-03
 53.00    38.00   41  0.7626022E+00   0.1359643E-02   0.2415267E-03
 54.00    38.00   41  0.7500000E+00   0.2985607E+01   0.2500000E-03
 46.00    39.00   41  0.2140207E-01   0.1814256E-01   0.4475218E-03
 47.00    39.00   41  0.9271603E-02   0.8468246E-04   0.4676971E-03
 48.00    39.00   41  0.1496105E+00   0.2041457E-03   0.3222275E-03
 49.00    39.00   41  0.7935644E+00   0.6120782E-04   0.2200582E-03
 50.00    39.00   41  0.7777075E+00   0.2724329E-04   0.2311735E-03
 51.00    39.00   41  0.7890573E+00   0.9395779E-04   0.2232444E-03
 52.00    39.00   41  0.8021353E+00   0.8843711E-03   0.2139375E-03
 53.00    39.00   41  0.7780200E+00   0.1605587E-01   0.2309570E-03
 47.00    40.00   41  0.1648160E-01   0.6027002E-03   0.4550056E-03
 48.00    40.00   41  0.6672618E-01   0.4701861E-03   0.3945989E-03
 49.00    40.00   41  0.8338620E+00   0.1560754E-03   0.1905151E-03
 50.00    40.00   41  0.8042349E+00   0.5132939E-04   0.2124255E-03
 51.00    40.00   41  0.8100525E+00   0.2051616E-03   0.2082094E-03
 52.00    40.00   41  0.7979732E+00   0.9011660E-02   0.2169200E-03
 53.00    40.00   41  0.7499999E+00   0.3209425E+02   0.2500000E-03
 47.00    41.00   41  0.3602169E-01   0.8205142E-02   0.4281963E-03
 48.00    41.00   41  0.3912763E-02   0.5775511E-03   0.4800218E-03
 49.00    41.00   41  0.9299325E+00   0.8499139E-03   0.1087213E-03
 50.00    41.00   41  0.8582070E+00   0.1956805E-03   0.1715973E-03
 51.00    41.00   41  0.8336608E+00   0.9379791E-03   0.1906679E-03
 52.00    41.00   41  0.7500001E+00   0.3299253E+00   0.2500000E-03
 49.00    42.00   41  0.9983029E+00   0.2220016E-01   0.1273074E-04
 50.00    42.00   41  0.9312660E+00   0.2712840E-02   0.1074022E-03
 51.00    42.00   41  0.9371935E+00   0.1984705E-01   0.1014402E-03
 50.00    43.00   41  0.7500001E+00   0.2002693E+00   0.2500000E-03
 51.00    43.00   41  0.7500001E+00   0.1956842E+01   0.2500000E-03
 45.00    21.00   42  0.2417288E-07   0.8112139E-06   0.4999551E-03
 46.00    21.00   42  0.2224159E-06   0.1589135E-05   0.4998638E-03
 47.00    21.00   42  0.3041032E-07   0.8397687E-06   0.4999497E-03
 44.00    22.00   42  0.1659682E-05   0.1323764E-03   0.4996273E-03
 45.00    22.00   42  0.6022910E+00   0.5219915E-02   0.5756973E-04
 46.00    22.00   42  0.7783063E+00   0.3278712E-02  -0.9064737E-05
 47.00    22.00   42  0.2878054E+00   0.3436653E-02   0.2254026E-03
 48.00    22.00   42  0.8129486E+00   0.4159882E-02   0.2060954E-03
 49.00    22.00   42  0.7500001E+00   0.2146128E-01   0.2500000E-03
 44.00    23.00   42  0.4346540E+00   0.4884803E-02   0.1395734E-03
 45.00    23.00   42  0.9932383E+00   0.1105665E-02   0.2703769E-04
 46.00    23.00   42  0.8304322E+00   0.5457198E-03   0.1931100E-03
 47.00    23.00   42  0.7577142E+00   0.1244462E-02   0.2448305E-03
 48.00    23.00   42  0.7500069E+00   0.1310119E-02   0.2499954E-03
 49.00    23.00   42  0.7500001E+00   0.2898968E-02   0.2500000E-03
 44.00    24.00   42  0.6090568E+00   0.1751236E-02   0.5460923E-04
 45.00    24.00   42  0.9985471E+00   0.4213853E-03  -0.1026882E-04
 46.00    24.00   42  0.8627481E+00   0.2744701E-03   0.1679629E-03
 47.00    24.00   42  0.7547349E+00   0.6293413E-03   0.2468333E-03
 48.00    24.00   42  0.7500001E+00   0.1602185E-02   0.2500000E-03
 49.00    24.00   42  0.7500001E+00   0.7893521E-02   0.2500000E-03
 44.00    25.00   42  0.8256383E+00   0.2052135E-02  -0.2234831E-04
 45.00    25.00   42  0.7390116E+00   0.3520565E-03   0.3715744E-05
 46.00    25.00   42  0.9766490E+00   0.2627880E-03  -0.3191899E-04
 47.00    25.00   42  0.9095109E+00   0.2976586E-03   0.1280600E-03
 48.00    25.00   42  0.7502517E+00   0.1050992E-02   0.2498321E-03
 49.00    25.00   42  0.7500001E+00   0.1123345E+00   0.2500000E-03
 44.00    26.00   42  0.1820043E+00   0.2006420E-02   0.2976131E-03
 45.00    26.00   42  0.3024514E+00   0.3406384E-03   0.2161801E-03
 46.00    26.00   42  0.4844515E+00   0.1764542E-03   0.1135065E-03
 47.00    26.00   42  0.9726471E+00   0.3194989E-03  -0.3340922E-04
 48.00    26.00   42  0.7512637E+00   0.1747161E-02   0.2491569E-03
 49.00    26.00   42  0.7500001E+00   0.3654287E+00   0.2500000E-03
 44.00    27.00   42  0.5026378E-03   0.1185353E-03   0.4932784E-03
 45.00    27.00   42  0.2121061E-01   0.1674437E-03   0.4478007E-03
 46.00    27.00   42  0.2471008E+00   0.1323335E-03   0.2519366E-03
 47.00    27.00   42  0.7238167E+00   0.3378971E-03   0.9022478E-05
 48.00    27.00   42  0.7557896E+00   0.9555597E-02   0.2461253E-03
 49.00    27.00   42  0.7500000E+00   0.1130732E+01   0.2500000E-03
 45.00    28.00   42  0.5101537E-04   0.1108456E-04   0.4979127E-03
 46.00    28.00   42  0.1985767E+00   0.1379255E-03   0.2855509E-03
 47.00    28.00   42  0.9830987E+00   0.3522651E-03  -0.2875994E-04
 48.00    28.00   42  0.7515345E+00   0.1891293E-01   0.2489759E-03
 45.00    29.00   42  0.8585068E-07   0.1394706E-05   0.4999154E-03
 46.00    29.00   42  0.1102221E+00   0.9996752E-04   0.3544856E-03
 47.00    29.00   42  0.9084223E+00   0.2789978E-03  -0.3747339E-04
 48.00    29.00   42  0.7531464E+00   0.1230386E-01   0.2478980E-03
 45.00    30.00   42  0.1941061E-04   0.7472132E-04   0.4987185E-03
 46.00    30.00   42  0.9284457E-01   0.9854550E-04   0.3698000E-03
 47.00    30.00   42  0.8055400E+00   0.1990778E-03  -0.1702306E-04
 48.00    30.00   42  0.7863731E+00   0.4130345E-02   0.2251317E-03
 45.00    31.00   42  0.5277934E-06   0.1146149E-04   0.4997900E-03
 46.00    31.00   42  0.7574105E-01   0.1127028E-03   0.3857509E-03
 47.00    31.00   42  0.8096476E+00   0.1781035E-03  -0.1815165E-04
 48.00    31.00   42  0.8772771E+00   0.1748368E-02   0.1560812E-03
 45.00    32.00   42  0.2347033E-02   0.9084709E-03   0.4848577E-03
 46.00    32.00   42  0.2766713E-01   0.7741671E-04   0.4388188E-03
 47.00    32.00   42  0.6332219E+00   0.1576204E-03   0.4426920E-04
 48.00    32.00   42  0.9381730E+00   0.1086160E-02   0.1004382E-03
 49.00    32.00   42  0.7472878E+00   0.5122443E+00   0.2491024E-03
 53.00    32.00   42  0.7286738E+00   0.1501260E-02   0.2432847E-03
 54.00    32.00   42  0.7500002E+00   0.1978454E+02   0.2500000E-03
 45.00    33.00   42  0.3758495E-01   0.4489421E-02   0.4263044E-03
 46.00    33.00   42  0.8426888E-02   0.5947051E-04   0.4693987E-03
 47.00    33.00   42  0.3914583E+00   0.1237621E-03   0.1633753E-03
 48.00    33.00   42  0.9641400E+00   0.3634935E-03   0.7160648E-04
 49.00    33.00   42  0.7972394E+00   0.1143151E-01   0.2174438E-03
 53.00    33.00   42  0.7159513E+00   0.3796478E-03   0.2396381E-03
 54.00    33.00   42  0.7500002E+00   0.2444877E-01   0.2500000E-03
 45.00    34.00   42  0.6663491E-03   0.8198637E-03   0.4922175E-03
 46.00    34.00   42  0.1003513E-01   0.8683801E-04   0.4662097E-03
 47.00    34.00   42  0.1856997E+00   0.9147419E-04   0.2948948E-03
 48.00    34.00   42  0.9996096E+00   0.2272374E-03  -0.5506270E-05
 49.00    34.00   42  0.8190038E+00   0.1301631E-02   0.2016424E-03
 53.00    34.00   42  0.7370940E+00   0.1814126E-03   0.2458436E-03
 54.00    34.00   42  0.7500000E+00   0.3559895E-02   0.2500000E-03
 45.00    35.00   42  0.4426414E-01   0.1962642E-01   0.4184929E-03
 46.00    35.00   42  0.2874084E-01   0.1815613E-03   0.4373986E-03
 47.00    35.00   42  0.4406698E-01   0.4197267E-04   0.4187177E-03
 48.00    35.00   42  0.7306305E+00   0.2000976E-03   0.6619201E-05
 49.00    35.00   42  0.8648112E+00   0.5143113E-03   0.1662997E-03
 50.00    35.00   42  0.5571754E-01   0.8949417E-03   0.3675635E-03
 52.00    35.00   42  0.2669708E+00   0.2414748E-04   0.2445935E-03
 53.00    35.00   42  0.7496347E+00   0.1219166E-03   0.2498784E-03
 54.00    35.00   42  0.7499999E+00   0.5137422E-02   0.2500001E-03
 45.00    36.00   42  0.7444621E-02   0.1421382E+00   0.4714631E-03
 46.00    36.00   42  0.2326046E-01   0.2376699E-03   0.4448579E-03
 47.00    36.00   42  0.1780804E-01   0.2703377E-04   0.4529178E-03
 48.00    36.00   42  0.4831236E+00   0.1719158E-03   0.1141829E-03
 49.00    36.00   42  0.8526006E+00   0.2764826E-03   0.1760362E-03
 50.00    36.00   42  0.7362822E+00   0.1447574E-03   0.2432822E-03
 51.00    36.00   42  0.4875792E+00   0.2344898E-04   0.2113633E-03
 52.00    36.00   42  0.6406783E+00   0.2458916E-04   0.2227270E-03
 53.00    36.00   42  0.7501758E+00   0.1262500E-03   0.2498828E-03
 54.00    36.00   42  0.7500000E+00   0.4868170E-01   0.2500000E-03
 46.00    37.00   42  0.1829650E-01   0.3186766E-03   0.4521631E-03
 47.00    37.00   42  0.1579110E-01   0.2962466E-04   0.4561163E-03
 48.00    37.00   42  0.5062592E+00   0.1778282E-03   0.1025441E-03
 49.00    37.00   42  0.8078744E+00   0.1136986E-03   0.2097924E-03
 50.00    37.00   42  0.7501133E+00   0.4138277E-04   0.2481928E-03
 51.00    37.00   42  0.7232767E+00   0.1937266E-04   0.2409211E-03
 52.00    37.00   42  0.7390822E+00   0.2788611E-04   0.2419384E-03
 53.00    37.00   42  0.7563688E+00   0.1471370E-03   0.2457360E-03
 54.00    37.00   42  0.7500000E+00   0.6674249E-01   0.2500000E-03
 46.00    38.00   42  0.1049128E-01   0.6182625E-03   0.4653418E-03
 47.00    38.00   42  0.2499934E-01   0.4799461E-04   0.4424315E-03
 48.00    38.00   42  0.3113583E+00   0.1469623E-03   0.2106501E-03
 49.00    38.00   42  0.7838526E+00   0.6380063E-04   0.2268970E-03
 50.00    38.00   42  0.7524012E+00   0.2741905E-04   0.2483625E-03
 51.00    38.00   42  0.7536682E+00   0.2804578E-04   0.2464809E-03
 52.00    38.00   42  0.7578330E+00   0.5218639E-04   0.2442260E-03
 53.00    38.00   42  0.7647439E+00   0.2813243E-03   0.2400722E-03
 54.00    38.00   42  0.7500001E+00   0.4086076E-01   0.2500000E-03
 46.00    39.00   42  0.1670019E-03   0.4124952E-03   0.4961863E-03
 47.00    39.00   42  0.2272753E-01   0.7834727E-04   0.4456140E-03
 48.00    39.00   42  0.8613066E-01   0.7391920E-04   0.3759449E-03
 49.00    39.00   42  0.7991214E+00   0.5817183E-04   0.2160991E-03
 50.00    39.00   42  0.7620751E+00   0.2347068E-04   0.2418841E-03
 51.00    39.00   42  0.7666829E+00   0.3953763E-04   0.2387515E-03
 52.00    39.00   42  0.7800599E+00   0.1495891E-03   0.2295410E-03
 53.00    39.00   42  0.8014334E+00   0.1106034E-02   0.2144419E-03
 54.00    39.00   42  0.7499999E+00   0.5673969E+00   0.2500000E-03
 47.00    40.00   42  0.1183772E-01   0.1543642E-03   0.4628594E-03
 48.00    40.00   42  0.1239224E-01   0.3462114E-04   0.4618682E-03
 49.00    40.00   42  0.8378181E+00   0.1165941E-03   0.1875017E-03
 50.00    40.00   42  0.7767770E+00   0.2799730E-04   0.2318178E-03
 51.00    40.00   42  0.7798140E+00   0.5167638E-04   0.2297118E-03
 52.00    40.00   42  0.7991086E+00   0.4864720E-03   0.2161083E-03
 53.00    40.00   42  0.8132434E+00   0.9479238E-02   0.2058797E-03
 47.00    41.00   42  0.6835152E-02   0.5896984E-03   0.4727980E-03
 48.00    41.00   42  0.4077668E-02   0.5058775E-04   0.4795650E-03
 49.00    41.00   42  0.9338520E+00   0.4176750E-03   0.1048217E-03
 50.00    41.00   42  0.8062082E+00   0.5724582E-04   0.2109998E-03
 51.00    41.00   42  0.8051531E+00   0.9460533E-04   0.2117628E-03
 52.00    41.00   42  0.8100371E+00   0.3111771E-02   0.2082206E-03
 53.00    41.00   42  0.9970233E+00   0.5908024E+00  -0.1423794E-04
 47.00    42.00   42  0.2244875E+00   0.5729397E-01   0.2673082E-03
 48.00    42.00   42  0.3165615E-02   0.3022773E-03   0.4822010E-03
 49.00    42.00   42  0.9996398E+00   0.2988575E-02  -0.5298585E-05
 50.00    42.00   42  0.8816034E+00   0.2512659E-03   0.1524627E-03
 51.00    42.00   42  0.8682640E+00   0.3780508E-03   0.1634989E-03
 52.00    42.00   42  0.8873738E+00   0.3377175E-01   0.1475735E-03
 49.00    43.00   42  0.5166020E-02   0.3269959E-02   0.4767221E-03
 50.00    43.00   42  0.9533521E+00   0.4083134E-02   0.8420073E-04
 51.00    43.00   42  0.9972528E+00   0.6466115E-02  -0.1373643E-04
 52.00    43.00   42  0.9277381E-02   0.3100054E+00   0.4676857E-03
 45.00    22.00   43  0.4298362E-01   0.1296066E-02   0.4199591E-03
 46.00    22.00   43  0.2040682E-01   0.7521766E-03   0.4489816E-03
 47.00    22.00   43  0.1922831E-02   0.4130636E-03   0.4863924E-03
 48.00    22.00   43  0.4356663E+00   0.2541786E-01   0.1390291E-03
 49.00    22.00   43  0.7500000E+00   0.1062287E+02   0.2500000E-03
 44.00    23.00   43  0.1450068E-01   0.7377109E-02   0.4582407E-03
 45.00    23.00   43  0.9426981E+00   0.3947629E-02  -0.3844255E-04
 46.00    23.00   43  0.9955195E+00   0.2842590E-02  -0.1703942E-04
 47.00    23.00   43  0.9216141E+00   0.7821126E-02   0.1167826E-03
 48.00    23.00   43  0.7501696E+00   0.3146591E-02   0.2498869E-03
 49.00    23.00   43  0.7500001E+00   0.1395706E-01   0.2500000E-03
 44.00    24.00   43  0.6031168E+00   0.7669633E-02   0.5720693E-04
 45.00    24.00   43  0.9994156E+00   0.1105652E-02   0.7268332E-05
 46.00    24.00   43  0.8218125E+00   0.7219667E-03   0.1995612E-03
 47.00    24.00   43  0.7500027E+00   0.1515869E-02   0.2499982E-03
 48.00    24.00   43  0.7500000E+00   0.1517135E-02   0.2500000E-03
 49.00    24.00   43  0.7500000E+00   0.1017989E-01   0.2500000E-03
 44.00    25.00   43  0.8512794E+00   0.6881315E-02  -0.2835400E-04
 45.00    25.00   43  0.9979845E+00   0.6170866E-03  -0.1193938E-04
 46.00    25.00   43  0.9443478E+00   0.3202979E-03   0.9400450E-04
 47.00    25.00   43  0.8211715E+00   0.4602406E-03   0.2000371E-03
 48.00    25.00   43  0.7499999E+00   0.2054565E-02   0.2500000E-03
 49.00    25.00   43  0.7500001E+00   0.3721847E-01   0.2500000E-03
 44.00    26.00   43  0.4014166E+00   0.5735551E-02   0.1577875E-03
 45.00    26.00   43  0.8676459E+00   0.8469351E-03  -0.3164785E-04
 46.00    26.00   43  0.8613675E+00   0.3580879E-03  -0.3043906E-04
 47.00    26.00   43  0.9863619E+00   0.4500042E-03   0.4030048E-04
 48.00    26.00   43  0.7511559E+00   0.1679569E-02   0.2492290E-03
 49.00    26.00   43  0.7500001E+00   0.1792778E+02   0.2500000E-03
 44.00    27.00   43  0.9073815E-02   0.1389858E-02   0.4680899E-03
 45.00    27.00   43  0.1736806E+00   0.1329060E-02   0.3037996E-03
 46.00    27.00   43  0.1990615E+00   0.2038273E-03   0.2852029E-03
 47.00    27.00   43  0.6567040E+00   0.4277832E-03   0.3458234E-04
 48.00    27.00   43  0.7758283E+00   0.3655764E-02   0.2324737E-03
 45.00    28.00   43  0.2815900E-04   0.2080573E-04   0.4984541E-03
 46.00    28.00   43  0.4404425E-01   0.1167152E-03   0.4187436E-03
 47.00    28.00   43  0.5652917E+00   0.3710737E-03   0.7425249E-04
 48.00    28.00   43  0.8473978E+00   0.5009090E-02   0.1801098E-03
 46.00    29.00   43  0.1989903E-01   0.8347451E-04   0.4497360E-03
 47.00    29.00   43  0.8097091E+00   0.3296484E-03  -0.1816830E-04
 48.00    29.00   43  0.8496152E+00   0.2608618E-02   0.1783789E-03
 46.00    30.00   43  0.1383891E-01   0.7977787E-04   0.4593570E-03
 47.00    30.00   43  0.4953507E+00   0.1956305E-03   0.1079933E-03
 48.00    30.00   43  0.9640820E+00   0.1945977E-02   0.7167732E-04
 46.00    31.00   43  0.3025445E-01   0.1682223E-03   0.4354266E-03
 47.00    31.00   43  0.3496290E+00   0.1421603E-03   0.1875299E-03
 48.00    31.00   43  0.9928499E+00   0.1281591E-02   0.2789739E-04
 46.00    32.00   43  0.1777161E-01   0.2161489E-03   0.4529743E-03
 47.00    32.00   43  0.2940146E+00   0.1493405E-03   0.2214727E-03
 48.00    32.00   43  0.9993482E+00   0.9764037E-03   0.7693830E-05
 49.00    32.00   43  0.5898625E+00   0.3816906E+01   0.2160254E-03
 53.00    32.00   43  0.3982703E+00   0.1910479E-01   0.2173630E-03
 46.00    33.00   43  0.3099791E-02   0.1707573E-03   0.4824029E-03
 47.00    33.00   43  0.2758667E+00   0.1788319E-03   0.2330433E-03
 48.00    33.00   43  0.9934210E+00   0.8368549E-03  -0.2004777E-04
 49.00    33.00   43  0.7562433E+00   0.2443044E+00   0.2458203E-03
 53.00    33.00   43  0.7463052E+00   0.1354857E-02   0.2487805E-03
 54.00    33.00   43  0.7499999E+00   0.6344350E+00   0.2500001E-03
 45.00    34.00   43  0.7658261E+00   0.4335740E+00   0.2393356E-03
 46.00    34.00   43  0.7236393E-02   0.3933006E-03   0.4719141E-03
 47.00    34.00   43  0.2312178E+00   0.1990650E-03   0.2626824E-03
 48.00    34.00   43  0.9916922E+00   0.5934719E-03  -0.2204877E-04
 49.00    34.00   43  0.8978814E+00   0.2918020E-01   0.1384715E-03
 53.00    34.00   43  0.7268223E+00   0.4671642E-03   0.2427377E-03
 54.00    34.00   43  0.7500002E+00   0.2542482E-01   0.2500000E-03
 45.00    35.00   43  0.6677980E+00   0.4250231E+00   0.3013408E-04
 46.00    35.00   43  0.1830311E-01   0.5126123E-03   0.4521530E-03
 47.00    35.00   43  0.1105759E+00   0.1524654E-03   0.3541817E-03
 48.00    35.00   43  0.9560475E+00   0.3686353E-03  -0.3719918E-04
 49.00    35.00   43  0.8057348E+00   0.1484776E-02   0.2113423E-03
 53.00    35.00   43  0.7442048E+00   0.2282538E-03   0.2480980E-03
 54.00    35.00   43  0.7500001E+00   0.9668512E-02   0.2500000E-03
 46.00    36.00   43  0.1101332E-01   0.5883866E-03   0.4643658E-03
 47.00    36.00   43  0.4282425E-01   0.1063914E-03   0.4201425E-03
 48.00    36.00   43  0.6906721E+00   0.2930911E-03   0.2123354E-04
 49.00    36.00   43  0.8904386E+00   0.4929575E-03   0.1449462E-03
 50.00    36.00   43  0.6580225E+00   0.5509259E-02   0.2130477E-03
 52.00    36.00   43  0.2588491E+00   0.2742771E-04   0.2471191E-03
 53.00    36.00   43  0.7496010E+00   0.1538968E-03   0.2498671E-03
 54.00    36.00   43  0.7500000E+00   0.1687001E-01   0.2500000E-03
 46.00    37.00   43  0.1034099E-02   0.1329849E-03   0.4902047E-03
 47.00    37.00   43  0.1889454E-01   0.5749458E-04   0.4512489E-03
 48.00    37.00   43  0.1972391E+00   0.1540332E-03   0.2865125E-03
 49.00    37.00   43  0.9663638E+00   0.4285478E-03   0.6886359E-04
 50.00    37.00   43  0.7637177E+00   0.4097971E-03   0.2397249E-03
 51.00    37.00   43  0.5660178E+00   0.4232071E-04   0.2138486E-03
 52.00    37.00   43  0.6230214E+00   0.2569852E-04   0.2196977E-03
 53.00    37.00   43  0.7521994E+00   0.1283236E-03   0.2481487E-03
 54.00    37.00   43  0.7500000E+00   0.9169023E-01   0.2500000E-03
 46.00    38.00   43  0.4258755E-02   0.4921576E-03   0.4790721E-03
 47.00    38.00   43  0.2006389E-01   0.5735414E-04   0.4494904E-03
 48.00    38.00   43  0.5867855E-01   0.6260216E-04   0.4028157E-03
 49.00    38.00   43  0.9260290E+00   0.2613011E-03   0.1125388E-03
 50.00    38.00   43  0.7529011E+00   0.9994179E-04   0.2479781E-03
 51.00    38.00   43  0.7365199E+00   0.3134318E-04   0.2449609E-03
 52.00    38.00   43  0.7367484E+00   0.2942084E-04   0.2414727E-03
 53.00    38.00   43  0.7625909E+00   0.1200167E-03   0.2415059E-03
 54.00    38.00   43  0.7500001E+00   0.1265069E-01   0.2500000E-03
 46.00    39.00   43  0.1806785E-02   0.9061923E-03   0.4868372E-03
 47.00    39.00   43  0.2203812E-01   0.9764126E-04   0.4466013E-03
 48.00    39.00   43  0.3808668E-01   0.4941943E-04   0.4257027E-03
 49.00    39.00   43  0.8784167E+00   0.1487719E-03   0.1551319E-03
 50.00    39.00   43  0.7543861E+00   0.4947936E-04   0.2470674E-03
 51.00    39.00   43  0.7537104E+00   0.3664580E-04   0.2469810E-03
 52.00    39.00   43  0.7570801E+00   0.5474857E-04   0.2445496E-03
 53.00    39.00   43  0.7531892E+00   0.2001992E-03   0.2478694E-03
 54.00    39.00   43  0.7500001E+00   0.1736710E-01   0.2500000E-03
 47.00    40.00   43  0.5266408E-02   0.9108473E-04   0.4764729E-03
 48.00    40.00   43  0.1213005E-01   0.2762090E-04   0.4623347E-03
 49.00    40.00   43  0.9607711E+00   0.1942611E-03   0.7565765E-04
 50.00    40.00   43  0.7679862E+00   0.3801076E-04   0.2378619E-03
 51.00    40.00   43  0.7637976E+00   0.3653288E-04   0.2407154E-03
 52.00    40.00   43  0.7762511E+00   0.1088118E-03   0.2321814E-03
 53.00    40.00   43  0.7859369E+00   0.7568263E-03   0.2254378E-03
 54.00    40.00   43  0.7500003E+00   0.8475817E-01   0.2500000E-03
 47.00    41.00   43  0.1256380E-02   0.1981382E-03   0.4891460E-03
 48.00    41.00   43  0.4221021E-02   0.2659962E-04   0.4791741E-03
 49.00    41.00   43  0.8390647E+00   0.4600712E-03  -0.2561213E-04
 50.00    41.00   43  0.7899742E+00   0.4992812E-04   0.2225981E-03
 51.00    41.00   43  0.7763603E+00   0.3560978E-04   0.2321059E-03
 52.00    41.00   43  0.7878920E+00   0.1961360E-03   0.2240646E-03
 53.00    41.00   43  0.9145896E+00   0.4529582E-02   0.1233875E-03
 54.00    41.00   43  0.7500000E+00   0.1379208E+01   0.2500000E-03
 48.00    42.00   43  0.8021226E-03   0.3180348E-04   0.4914264E-03
 49.00    42.00   43  0.9916795E-01   0.3331492E-03   0.3641347E-03
 50.00    42.00   43  0.8410622E+00   0.1374186E-03   0.1850135E-03
 51.00    42.00   43  0.8204785E+00   0.6652228E-04   0.2005509E-03
 52.00    42.00   43  0.8206238E+00   0.4780063E-03   0.2004432E-03
 53.00    42.00   43  0.7583361E+00   0.1726899E+00   0.2444113E-03
 48.00    43.00   43  0.1723644E-03   0.1605869E-03   0.4961242E-03
 49.00    43.00   43  0.6383137E-02   0.6377213E-03   0.4738186E-03
 50.00    43.00   43  0.9839263E+00   0.9956962E-03   0.4434053E-04
 51.00    43.00   43  0.9467165E+00   0.3876865E-03   0.9147776E-04
 52.00    43.00   43  0.9491689E+00   0.3314484E-02   0.8882416E-04
 53.00    43.00   43  0.7499999E+00   0.6744343E+03   0.2500000E-03
 50.00    44.00   43  0.5697368E+00   0.3500826E-01   0.7220477E-04
 51.00    44.00   43  0.8803546E+00   0.1081037E-01  -0.3386580E-04
 52.00    44.00   43  0.1891654E+00   0.5120604E-01   0.2923606E-03
 45.00    22.00   44  0.6714305E-05   0.8757251E-05   0.4992487E-03
 46.00    22.00   44  0.6646997E-05   0.1170279E-04   0.4992525E-03
 44.00    23.00   44  0.1000788E-03   0.2615006E-03   0.4970622E-03
 45.00    23.00   44  0.6484916E+00   0.6384193E-02   0.3792875E-04
 46.00    23.00   44  0.1600783E+00   0.3099349E-02   0.3141098E-03
 47.00    23.00   44  0.6855685E-01   0.5587269E-02   0.3927737E-03
 48.00    23.00   44  0.7965744E+00   0.3668841E-01   0.2179180E-03
 49.00    23.00   44  0.7500001E+00   0.2914106E+01   0.2500000E-03
 44.00    24.00   44  0.1120453E+00   0.2714896E-01   0.3529228E-03
 45.00    24.00   44  0.9698370E+00   0.1793082E-02   0.6445529E-04
 46.00    24.00   44  0.9192536E+00   0.2466486E-02   0.1190214E-03
 47.00    24.00   44  0.7727957E+00   0.3242036E-02   0.2345644E-03
 48.00    24.00   44  0.7500001E+00   0.2287182E-02   0.2500000E-03
 49.00    24.00   44  0.7500000E+00   0.3073059E-01   0.2500000E-03
 44.00    25.00   44  0.2188506E+00   0.1600388E-01   0.2712171E-03
 45.00    25.00   44  0.9447891E+00   0.1005759E-02   0.9353645E-04
 46.00    25.00   44  0.8651609E+00   0.5402907E-03   0.1660170E-03
 47.00    25.00   44  0.7622393E+00   0.1129016E-02   0.2417728E-03
 48.00    25.00   44  0.7500000E+00   0.2586284E-02   0.2500000E-03
 49.00    25.00   44  0.7500000E+00   0.8037978E-01   0.2500000E-03
 44.00    26.00   44  0.1003726E-01   0.2385965E-02   0.4662056E-03
 45.00    26.00   44  0.9407967E+00   0.1376672E-02  -0.3852707E-04
 46.00    26.00   44  0.9945984E+00   0.4644722E-03  -0.1845841E-04
 47.00    26.00   44  0.9137992E+00   0.5420529E-03   0.1241199E-03
 48.00    26.00   44  0.7501333E+00   0.2503703E-02   0.2499112E-03
 49.00    26.00   44  0.7500000E+00   0.8324187E+00   0.2500000E-03
 44.00    27.00   44  0.2518002E-04   0.2958892E-03   0.4985389E-03
 45.00    27.00   44  0.3905943E+00   0.3169120E-02   0.1638630E-03
 46.00    27.00   44  0.3801761E+00   0.4165983E-03   0.1697804E-03
 47.00    27.00   44  0.6931702E+00   0.5439685E-03   0.2028421E-04
 48.00    27.00   44  0.7844972E+00   0.1820940E-02   0.2264461E-03
 45.00    28.00   44  0.5114436E-02   0.3846577E-03   0.4768510E-03
 46.00    28.00   44  0.6558800E-01   0.2400151E-03   0.3957415E-03
 47.00    28.00   44  0.2738718E+00   0.2886348E-03   0.2343312E-03
 48.00    28.00   44  0.9662382E+00   0.4182175E-02   0.6901991E-04
 49.00    28.00   44  0.7500000E+00   0.1093361E+01   0.2500000E-03
 45.00    29.00   44  0.2840834E-05   0.1533362E-04   0.4995121E-03
 46.00    29.00   44  0.7126595E-02   0.1319717E-03   0.4721540E-03
 47.00    29.00   44  0.2969731E+00   0.2671415E-03   0.2196107E-03
 48.00    29.00   44  0.9998567E+00   0.2347418E-02  -0.3381807E-05
 49.00    29.00   44  0.7500000E+00   0.1029367E+01   0.2500000E-03
 46.00    30.00   44  0.2207768E-02   0.8140997E-04   0.4853472E-03
 47.00    30.00   44  0.2571577E+00   0.2055940E-03   0.2452507E-03
 48.00    30.00   44  0.9973054E+00   0.1025980E-02  -0.1361698E-04
 46.00    31.00   44  0.1115263E-02   0.6595283E-04   0.4898073E-03
 47.00    31.00   44  0.1484771E+00   0.1359106E-03   0.3231165E-03
 48.00    31.00   44  0.9194447E+00   0.8168617E-03  -0.3828551E-04
 46.00    32.00   44  0.2879435E-02   0.1934220E-03   0.4830922E-03
 47.00    32.00   44  0.3005508E+00   0.2108765E-03   0.2173678E-03
 48.00    32.00   44  0.9575644E+00   0.6089055E-03  -0.3697368E-04
 46.00    33.00   44  0.4368635E-03   0.1957665E-03   0.4937492E-03
 47.00    33.00   44  0.2576944E+00   0.2129285E-03   0.2448965E-03
 48.00    33.00   44  0.9260823E+00   0.5476868E-03  -0.3856921E-04
 53.00    33.00   44  0.7471728E+00   0.5862609E-02   0.2490646E-03
 46.00    34.00   44  0.9612281E-05   0.4292022E-04   0.4991002E-03
 47.00    34.00   44  0.1616154E+00   0.2158415E-03   0.3129317E-03
 48.00    34.00   44  0.8004460E+00   0.5077807E-03  -0.1559645E-04
 49.00    34.00   44  0.7980269E+00   0.2952794E-01   0.2078293E-03
 53.00    34.00   44  0.7322940E+00   0.1135904E-02   0.2443704E-03
 54.00    34.00   44  0.7500000E+00   0.1195547E+01   0.2500000E-03
 46.00    35.00   44  0.2350642E-04   0.5318179E-04   0.4985887E-03
 47.00    35.00   44  0.1410814E+00   0.2588608E-03   0.3289699E-03
 48.00    35.00   44  0.8143713E+00   0.5175933E-03  -0.1942448E-04
 49.00    35.00   44  0.9593040E+00   0.1486627E-01   0.7738578E-04
 53.00    35.00   44  0.7188336E+00   0.3807718E-03   0.2404415E-03
 54.00    35.00   44  0.7500000E+00   0.2461149E-01   0.2500000E-03
 46.00    36.00   44  0.1772054E-01   0.1246014E-02   0.4530537E-03
 47.00    36.00   44  0.7147326E-01   0.1819467E-03   0.3898967E-03
 48.00    36.00   44  0.8345885E+00   0.3594137E-03  -0.2455193E-04
 49.00    36.00   44  0.8704174E+00   0.1386526E-02   0.1617410E-03
 53.00    36.00   44  0.7400757E+00   0.2048057E-03   0.2467783E-03
 54.00    36.00   44  0.7499999E+00   0.1784105E-01   0.2500000E-03
 46.00    37.00   44  0.9768005E-02   0.6453060E-03   0.4667250E-03
 47.00    37.00   44  0.3322078E-01   0.9264437E-04   0.4316554E-03
 48.00    37.00   44  0.5959122E+00   0.2408973E-03   0.6038684E-04
 49.00    37.00   44  0.9436122E+00   0.5322542E-03   0.9478242E-04
 50.00    37.00   44  0.2139369E+00   0.3606859E-02   0.2513072E-03
 52.00    37.00   44  0.1573981E+00   0.2453283E-04   0.2897425E-03
 53.00    37.00   44  0.7456930E+00   0.1518916E-03   0.2485722E-03
 54.00    37.00   44  0.7500000E+00   0.3731769E-01   0.2500000E-03
 46.00    38.00   44  0.2353409E-01   0.1597682E-02   0.4444720E-03
 47.00    38.00   44  0.1607317E-01   0.7109698E-04   0.4556605E-03
 48.00    38.00   44  0.1585680E+00   0.1207192E-03   0.3152709E-03
 49.00    38.00   44  0.9996180E+00   0.4344003E-03  -0.5449750E-05
 50.00    38.00   44  0.7885913E+00   0.7717233E-03   0.2213412E-03
 51.00    38.00   44  0.2914614E+00   0.7274331E-04   0.2376028E-03
 52.00    38.00   44  0.5351162E+00   0.2682326E-04   0.2117600E-03
 53.00    38.00   44  0.7480884E+00   0.1000279E-03   0.2483441E-03
 54.00    38.00   44  0.7500001E+00   0.2229547E-01   0.2500000E-03
 46.00    39.00   44  0.3488704E-01   0.7077314E-02   0.4295864E-03
 47.00    39.00   44  0.2043166E-01   0.1328063E-03   0.4489449E-03
 48.00    39.00   44  0.3613593E-01   0.5394744E-04   0.4280571E-03
 49.00    39.00   44  0.9703358E+00   0.3893469E-03  -0.3414432E-04
 50.00    39.00   44  0.7706035E+00   0.1929471E-03   0.2360702E-03
 51.00    39.00   44  0.7043762E+00   0.4608234E-04   0.2359682E-03
 52.00    39.00   44  0.6984292E+00   0.2790185E-04   0.2336301E-03
 53.00    39.00   44  0.7539105E+00   0.9898117E-04   0.2460932E-03
 54.00    39.00   44  0.7600176E+00   0.7660476E-02   0.2432765E-03
 46.00    40.00   44  0.5464337E-01   0.4153065E-01   0.4070674E-03
 47.00    40.00   44  0.1798381E-01   0.2212397E-03   0.4526454E-03
 48.00    40.00   44  0.1263113E-01   0.3249566E-04   0.4614463E-03
 49.00    40.00   44  0.8024907E+00   0.3779024E-03  -0.1617265E-04
 50.00    40.00   44  0.7698733E+00   0.9391083E-04   0.2365708E-03
 51.00    40.00   44  0.7481520E+00   0.3860738E-04   0.2472307E-03
 52.00    40.00   44  0.7448637E+00   0.4352747E-04   0.2451348E-03
 53.00    40.00   44  0.7576602E+00   0.1573931E-03   0.2443519E-03
 54.00    40.00   44  0.8167850E+00   0.6207638E-02   0.2032795E-03
 47.00    41.00   44  0.2207474E-01   0.7741183E-03   0.4465486E-03
 48.00    41.00   44  0.2345395E-01   0.6439420E-04   0.4445849E-03
 49.00    41.00   44  0.3260223E+00   0.2408589E-03   0.2016708E-03
 50.00    41.00   44  0.7818853E+00   0.7607740E-04   0.2282702E-03
 51.00    41.00   44  0.7594891E+00   0.3729330E-04   0.2435517E-03
 52.00    41.00   44  0.7641987E+00   0.6664572E-04   0.2399926E-03
 53.00    41.00   44  0.7724615E+00   0.3148710E-03   0.2345303E-03
 54.00    41.00   44  0.7706177E+00   0.8072408E-02   0.2360605E-03
 47.00    42.00   44  0.1356628E-02   0.9145277E-03   0.4886963E-03
 48.00    42.00   44  0.5930952E-02   0.6422207E-04   0.4748689E-03
 49.00    42.00   44  0.3944027E-01   0.8837476E-04   0.4240922E-03
 50.00    42.00   44  0.8122578E+00   0.1233738E-03   0.2066006E-03
 51.00    42.00   44  0.7717706E+00   0.4143860E-04   0.2352691E-03
 52.00    42.00   44  0.7730389E+00   0.9661102E-04   0.2343971E-03
 53.00    42.00   44  0.7974036E+00   0.1006956E-02   0.2173266E-03
 54.00    42.00   44  0.7542563E+00   0.4954980E-01   0.2471543E-03
 48.00    43.00   44  0.1837212E-02   0.1650987E-03   0.4867194E-03
 49.00    43.00   44  0.4845835E-02   0.6970061E-04   0.4775306E-03
 50.00    43.00   44  0.8934104E+00   0.4015826E-03   0.1423772E-03
 51.00    43.00   44  0.8124947E+00   0.8313972E-04   0.2064273E-03
 52.00    43.00   44  0.8197724E+00   0.1800645E-03   0.2010738E-03
 53.00    43.00   44  0.8069749E+00   0.5616845E-02   0.2104447E-03
 54.00    43.00   44  0.8209014E+00   0.9476355E+00   0.2002375E-03
 48.00    44.00   44  0.7456167E-03   0.8984220E-03   0.4917476E-03
 49.00    44.00   44  0.1890175E-02   0.2156083E-03   0.4865163E-03
 50.00    44.00   44  0.9722338E+00   0.2694602E-02   0.6131319E-04
 51.00    44.00   44  0.9176482E+00   0.4239759E-03   0.1205326E-03
 52.00    44.00   44  0.9203447E+00   0.8077797E-03   0.1179892E-03
 53.00    44.00   44  0.7830866E+00   0.6086141E-01   0.2274322E-03
 50.00    45.00   44  0.9983987E+00   0.1248140E+00  -0.1074217E-04
 51.00    45.00   44  0.9386355E+00   0.5352413E-02   0.9996362E-04
 52.00    45.00   44  0.8740451E+00   0.7712676E-02   0.1587594E-03
 53.00    45.00   44  0.7578570E+00   0.5331472E+00   0.2447343E-03
 50.00    46.00   44  0.7500000E+00   0.9237854E+01   0.2500000E-03
 51.00    46.00   44  0.7499999E+00   0.8154367E+00   0.2500000E-03
 52.00    46.00   44  0.7500000E+00   0.3505425E+00   0.2500000E-03
 53.00    46.00   44  0.7500000E+00   0.5692112E+02   0.2500000E-03
 45.00    22.00   45  0.6781423E-04   0.2557276E-04   0.4975889E-03
 46.00    22.00   45  0.1082675E-03   0.4507404E-04   0.4969423E-03
 44.00    23.00   45  0.1469364E-05   0.5869008E-05   0.4996494E-03
 45.00    23.00   45  0.6575032E-02   0.3444756E-03   0.4733819E-03
 46.00    23.00   45  0.2426263E-02   0.2487721E-03   0.4845849E-03
 44.00    24.00   45  0.1444421E-02   0.6137413E-03   0.4883145E-03
 45.00    24.00   45  0.8727136E+00   0.4244729E-02  -0.3257039E-04
 46.00    24.00   45  0.2377684E+00   0.3675526E-02   0.2582220E-03
 47.00    24.00   45  0.9939823E+00   0.2314089E-01  -0.1931732E-04
 48.00    24.00   45  0.7500002E+00   0.2111785E-01   0.2500000E-03
 49.00    24.00   45  0.7500001E+00   0.1923698E+01   0.2500000E-03
 44.00    25.00   45  0.4093930E-02   0.5508343E-02   0.4795204E-03
 45.00    25.00   45  0.9959295E+00   0.2091062E-02   0.2041602E-04
 46.00    25.00   45  0.9285845E+00   0.2532747E-02   0.1100467E-03
 47.00    25.00   45  0.7573438E+00   0.4216182E-02   0.2450799E-03
 48.00    25.00   45  0.7500001E+00   0.3765831E-02   0.2500000E-03
 49.00    25.00   45  0.7500000E+00   0.6719574E+00   0.2500000E-03
 44.00    26.00   45  0.8132523E-08   0.6145805E-05   0.4999740E-03
 45.00    26.00   45  0.9781143E+00   0.2184794E-02   0.5317884E-04
 46.00    26.00   45  0.8820354E+00   0.6484534E-03   0.1520992E-03
 47.00    26.00   45  0.8625852E+00   0.9048443E-03   0.1680937E-03
 48.00    26.00   45  0.7519825E+00   0.2696186E-02   0.2486767E-03
 49.00    26.00   45  0.7500000E+00   0.8512605E+00   0.2500000E-03
 45.00    27.00   45  0.6679390E+00   0.4536816E-02   0.3007811E-04
 46.00    27.00   45  0.9363878E+00   0.8563264E-03  -0.3864814E-04
 47.00    27.00   45  0.9613482E+00   0.6185552E-03  -0.3632018E-04
 48.00    27.00   45  0.7903541E+00   0.1433131E-02   0.2223299E-03
 45.00    28.00   45  0.3643261E-01   0.3133125E-02   0.4276964E-03
 46.00    28.00   45  0.4126046E+00   0.1208850E-02   0.1515821E-03
 47.00    28.00   45  0.5981948E+00   0.5075917E-03   0.5937595E-04
 48.00    28.00   45  0.9217855E+00   0.2060528E-02   0.1166192E-03
 49.00    28.00   45  0.7500001E+00   0.2767527E+01   0.2500000E-03
 44.00    29.00   45  0.3672105E-04   0.1386483E-03   0.4982324E-03
 45.00    29.00   45  0.4623982E-01   0.1490118E-02   0.4162572E-03
 46.00    29.00   45  0.7012486E-01   0.6321605E-03   0.3912223E-03
 47.00    29.00   45  0.3249465E+00   0.3055970E-03   0.2023244E-03
 48.00    29.00   45  0.8937150E+00   0.2138304E-02  -0.3582775E-04
 49.00    29.00   45  0.7500001E+00   0.1359192E+02   0.2500000E-03
 44.00    30.00   45  0.2022182E-03   0.1600599E-02   0.4957943E-03
 45.00    30.00   45  0.1234057E-01   0.9939043E-03   0.4619598E-03
 46.00    30.00   45  0.1724494E-01   0.3408904E-03   0.4537970E-03
 47.00    30.00   45  0.1586681E+00   0.2285077E-03   0.3151937E-03
 48.00    30.00   45  0.6217092E+00   0.9359658E-03   0.4914930E-04
 49.00    30.00   45  0.7500001E+00   0.1000286E+00   0.2500000E-03
 46.00    31.00   45  0.3635471E-02   0.1698611E-03   0.4808083E-03
 47.00    31.00   45  0.8217996E-01   0.1940445E-03   0.3796287E-03
 48.00    31.00   45  0.8305287E+00   0.7973426E-03  -0.2356595E-04
 49.00    31.00   45  0.7555138E+00   0.5375991E-01   0.2463105E-03
 46.00    32.00   45  0.7628832E-04   0.5204848E-04   0.4974406E-03
 47.00    32.00   45  0.9303066E-01   0.1976795E-03   0.3696317E-03
 48.00    32.00   45  0.7438620E+00   0.5278399E-03   0.2062588E-05
 49.00    32.00   45  0.6128701E+00   0.2054269E-01   0.1503497E-03
 47.00    33.00   45  0.9797340E-01   0.1818909E-03   0.3651963E-03
 48.00    33.00   45  0.6885334E+00   0.3795241E-03   0.2204985E-04
 49.00    33.00   45  0.4099743E+00   0.1296478E-01   0.1432910E-03
 47.00    34.00   45  0.8055992E-01   0.1935603E-03   0.3811548E-03
 48.00    34.00   45  0.6666025E+00   0.3004534E-03   0.3060949E-04
 49.00    34.00   45  0.8342155E+00   0.6765163E-02   0.1386386E-03
 53.00    34.00   45  0.7324692E+00   0.2577353E-02   0.2444236E-03
 47.00    35.00   45  0.3388240E-01   0.1715025E-03   0.4308299E-03
 48.00    35.00   45  0.5441967E+00   0.3073500E-03   0.8412910E-04
 49.00    35.00   45  0.9097260E+00   0.4505001E-02   0.1278639E-03
 53.00    35.00   45  0.6658903E+00   0.6684625E-03   0.2276764E-03
 54.00    35.00   45  0.7500001E+00   0.7470589E-01   0.2500000E-03
 46.00    36.00   45  0.6512385E-03   0.1778915E-02   0.4923100E-03
 47.00    36.00   45  0.5847930E-01   0.2413165E-03   0.4030235E-03
 48.00    36.00   45  0.5737535E+00   0.3548509E-03   0.7036462E-04
 49.00    36.00   45  0.9460781E+00   0.4977645E-02   0.9216217E-04
 53.00    36.00   45  0.6674828E+00   0.2834003E-03   0.2280015E-03
 54.00    36.00   45  0.7499999E+00   0.1298432E-01   0.2500000E-03
 46.00    37.00   45  0.1121847E-01   0.2589025E-02   0.4639871E-03
 47.00    37.00   45  0.1641612E+00   0.2484343E-03   0.3109878E-03
 48.00    37.00   45  0.7818044E+00   0.3799355E-03  -0.1013110E-04
 49.00    37.00   45  0.9273111E+00   0.2120582E-02   0.1112916E-03
 53.00    37.00   45  0.7007014E+00   0.2083691E-03   0.2356020E-03
 54.00    37.00   45  0.7496099E+00   0.8060449E-02   0.2498702E-03
 46.00    38.00   45  0.4845881E-02   0.1170635E-02   0.4775305E-03
 47.00    38.00   45  0.1046221E+00   0.1771892E-03   0.3593353E-03
 48.00    38.00   45  0.6779143E+00   0.2931408E-03   0.2615203E-04
 49.00    38.00   45  0.9327256E+00   0.5811727E-03   0.1059491E-03
 52.00    38.00   45  0.1099427E-03   0.8623591E-06   0.4939467E-03
 53.00    38.00   45  0.6905279E+00   0.1615391E-03   0.2331048E-03
 54.00    38.00   45  0.7471055E+00   0.8676056E-02   0.2490425E-03
 46.00    39.00   45  0.2660043E-02   0.1913351E-02   0.4838012E-03
 47.00    39.00   45  0.3179799E-01   0.1672285E-03   0.4334495E-03
 48.00    39.00   45  0.2878412E+00   0.1900205E-03   0.2253798E-03
 49.00    39.00   45  0.9696070E+00   0.4259540E-03  -0.3435911E-04
 50.00    39.00   45  0.8267489E+00   0.1050151E-02   0.1937589E-03
 51.00    39.00   45  0.1497034E-02   0.1640765E-04   0.4775754E-03
 52.00    39.00   45  0.2639894E+00   0.3043484E-04   0.2454059E-03
 53.00    39.00   45  0.7074093E+00   0.1047997E-03   0.2347826E-03
 54.00    39.00   45  0.7496858E+00   0.1062790E-01   0.2488990E-03
 47.00    40.00   45  0.4554838E-01   0.4568911E-03   0.4170361E-03
 48.00    40.00   45  0.2238017E-01   0.5228309E-04   0.4461101E-03
 49.00    40.00   45  0.4594255E+00   0.2745842E-03   0.1264257E-03
 50.00    40.00   45  0.8368104E+00   0.3605614E-03   0.1882714E-03
 51.00    40.00   45  0.7019786E+00   0.1005486E-03   0.2337638E-03
 52.00    40.00   45  0.6412736E+00   0.3497060E-04   0.2215955E-03
 53.00    40.00   45  0.7439392E+00   0.8767669E-04   0.2368817E-03
 54.00    40.00   45  0.7699249E+00   0.3033651E-02   0.2365354E-03
 47.00    41.00   45  0.4499340E-01   0.8642962E-03   0.4176639E-03
 48.00    41.00   45  0.1423401E-01   0.4968717E-04   0.4586882E-03
 49.00    41.00   45  0.1640532E+00   0.1320762E-03   0.3110701E-03
 50.00    41.00   45  0.8665954E+00   0.1871158E-03   0.1648552E-03
 51.00    41.00   45  0.7518249E+00   0.5800100E-04   0.2462882E-03
 52.00    41.00   45  0.7400954E+00   0.3922256E-04   0.2442092E-03
 53.00    41.00   45  0.7531111E+00   0.9813570E-04   0.2424378E-03
 54.00    41.00   45  0.7630656E+00   0.1290841E-02   0.2412123E-03
 55.00    41.00   45  0.7500001E+00   0.1062942E+02   0.2500000E-03
 47.00    42.00   45  0.9350094E-02   0.7945005E-03   0.4675421E-03
 48.00    42.00   45  0.1829474E-01   0.8655360E-04   0.4521658E-03
 49.00    42.00   45  0.2436968E-01   0.4441592E-04   0.4433032E-03
 50.00    42.00   45  0.9495078E+00   0.2225658E-03   0.8845390E-04
 51.00    42.00   45  0.7614768E+00   0.4891819E-04   0.2422895E-03
 52.00    42.00   45  0.7575392E+00   0.4706228E-04   0.2440300E-03
 53.00    42.00   45  0.7632838E+00   0.1409180E-03   0.2393871E-03
 54.00    42.00   45  0.7740688E+00   0.1682801E-02   0.2336878E-03
 55.00    42.00   45  0.7500000E+00   0.8608095E+01   0.2500000E-03
 47.00    43.00   45  0.5497949E-06   0.2028369E-04   0.4997857E-03
 48.00    43.00   45  0.7194483E-02   0.1652357E-03   0.4720055E-03
 49.00    43.00   45  0.7146625E-02   0.3474597E-04   0.4721101E-03
 50.00    43.00   45  0.9990129E+00   0.4264927E-03  -0.8570671E-05
 51.00    43.00   45  0.7709284E+00   0.5266793E-04   0.2358473E-03
 52.00    43.00   45  0.7673970E+00   0.5382806E-04   0.2382642E-03
 53.00    43.00   45  0.7743876E+00   0.2788205E-03   0.2334681E-03
 54.00    43.00   45  0.8272283E+00   0.5368691E-02   0.1955194E-03
 48.00    44.00   45  0.8683447E-02   0.3150383E-02   0.4688752E-03
 49.00    44.00   45  0.2526770E-02   0.6653347E-04   0.4842441E-03
 50.00    44.00   45  0.5668382E+00   0.1014048E-02   0.7353874E-04
 51.00    44.00   45  0.7920308E+00   0.1134493E-03   0.2211447E-03
 52.00    44.00   45  0.8004956E+00   0.8489087E-04   0.2151149E-03
 53.00    44.00   45  0.7970161E+00   0.6168707E-03   0.2176031E-03
 54.00    44.00   45  0.7519341E+00   0.4866408E-01   0.2487091E-03
 49.00    45.00   45  0.4712640E-06   0.5207744E-05   0.4998016E-03
 50.00    45.00   45  0.5449674E+00   0.4037417E-02   0.8376362E-04
 51.00    45.00   45  0.8453208E+00   0.3718948E-03   0.1817243E-03
 52.00    45.00   45  0.8418311E+00   0.2531156E-03   0.1844219E-03
 53.00    45.00   45  0.8066567E+00   0.1946687E-02   0.2106752E-03
 54.00    45.00   45  0.4936917E+00   0.7182518E+01   0.1088280E-03
 50.00    46.00   45  0.8660626E+00   0.3474624E-01  -0.3134971E-04
 51.00    46.00   45  0.9274278E+00   0.2971541E-02   0.1111781E-03
 52.00    46.00   45  0.8774661E+00   0.1477332E-02   0.1559240E-03
 53.00    46.00   45  0.8292876E+00   0.8249911E-02   0.1939724E-03
 51.00    47.00   45  0.8133394E+00   0.1583154E+01   0.2058095E-03
 52.00    47.00   45  0.8274121E+00   0.7772529E-01   0.1953816E-03
 53.00    47.00   45  0.8313285E+00   0.1762823E+00   0.1924335E-03
 45.00    23.00   46  0.1799962E-03   0.3883487E-04   0.4960374E-03
 46.00    23.00   46  0.3606034E-04   0.2441850E-04   0.4982485E-03
 44.00    24.00   46  0.4057158E-04   0.5140604E-04   0.4981410E-03
 45.00    24.00   46  0.1460952E-01   0.5459107E-03   0.4580590E-03
 46.00    24.00   46  0.3147143E-01   0.9005605E-03   0.4338651E-03
 47.00    24.00   46  0.6921824E-04   0.1371860E-03   0.4975638E-03
 44.00    25.00   46  0.4847196E-03   0.3824128E-03   0.4934036E-03
 45.00    25.00   46  0.9409767E+00   0.3855558E-02  -0.3851991E-04
 46.00    25.00   46  0.9581288E+00   0.5780110E-02  -0.3688451E-04
 47.00    25.00   46  0.9922852E+00   0.2817333E-01   0.2911533E-04
 48.00    25.00   46  0.7500001E+00   0.2289175E-01   0.2500000E-03
 45.00    26.00   46  0.9977016E+00   0.3633168E-02   0.1497244E-04
 46.00    26.00   46  0.9039413E+00   0.1752951E-02   0.1330940E-03
 47.00    26.00   46  0.8079033E+00   0.2866450E-02   0.2097715E-03
 48.00    26.00   46  0.7530496E+00   0.4126092E-02   0.2479629E-03
 49.00    26.00   46  0.7500003E+00   0.1627551E+01   0.2500000E-03
 45.00    27.00   46  0.7182639E+00   0.1239722E-01   0.1100881E-04
 46.00    27.00   46  0.9893693E+00   0.1196366E-02   0.3492075E-04
 47.00    27.00   46  0.9745706E+00   0.8346841E-03   0.5815955E-04
 48.00    27.00   46  0.8032860E+00   0.2497359E-02   0.2131095E-03
 49.00    27.00   46  0.7500000E+00   0.9691470E+00   0.2500000E-03
 44.00    28.00   46  0.3645178E-04   0.9967642E-03   0.4982390E-03
 45.00    28.00   46  0.1765402E+00   0.7996408E-02   0.3016641E-03
 46.00    28.00   46  0.9973994E+00   0.9957317E-03  -0.1340144E-04
 47.00    28.00   46  0.9999813E+00   0.6320818E-03   0.1263164E-05
 48.00    28.00   46  0.8676335E+00   0.2008908E-02   0.1640119E-03
 49.00    28.00   46  0.7500001E+00   0.1584177E+00   0.2500000E-03
 44.00    29.00   46  0.7967947E-03   0.1426166E-02   0.4914563E-03
 45.00    29.00   46  0.8118639E+00   0.1107352E-01  -0.1875218E-04
 46.00    29.00   46  0.9735759E+00   0.1117493E-02  -0.3308931E-04
 47.00    29.00   46  0.9984262E+00   0.4802669E-03  -0.1065590E-04
 48.00    29.00   46  0.9661693E+00   0.1074105E-02   0.6910574E-04
 49.00    29.00   46  0.8371978E+00   0.1424120E-01   0.1879757E-03
 44.00    30.00   46  0.7297034E-05   0.3121678E-03   0.4992166E-03
 45.00    30.00   46  0.2107286E+00   0.3181768E-02   0.2769065E-03
 46.00    30.00   46  0.7950161E+00   0.2005764E-02  -0.1404324E-04
 47.00    30.00   46  0.6607400E+00   0.4777506E-03   0.3295441E-04
 48.00    30.00   46  0.9195322E+00   0.8891827E-03  -0.3829040E-04
 49.00    30.00   46  0.9795089E+00   0.1576300E-01  -0.3065186E-04
 45.00    31.00   46  0.3633804E-01   0.3659091E-02   0.4278113E-03
 46.00    31.00   46  0.1730534E+00   0.1861643E-02   0.3042695E-03
 47.00    31.00   46  0.2692395E+00   0.4057822E-03   0.2373342E-03
 48.00    31.00   46  0.6800444E+00   0.6537762E-03   0.2532275E-04
 49.00    31.00   46  0.9932590E+00   0.1604084E-01  -0.2025079E-04
 46.00    32.00   46  0.3646797E-04   0.6072290E-04   0.4982385E-03
 47.00    32.00   46  0.1591303E+00   0.3608510E-03   0.3148382E-03
 48.00    32.00   46  0.4918625E+00   0.4724359E-03   0.1097503E-03
 49.00    32.00   46  0.9939119E+00   0.1113578E-01   0.2549976E-04
 46.00    33.00   46  0.6078716E-06   0.1663001E-04   0.4997746E-03
 47.00    33.00   46  0.2220422E+00   0.4862327E-03   0.2690000E-03
 48.00    33.00   46  0.5545868E+00   0.4730574E-03   0.7923174E-04
 49.00    33.00   46  0.9995840E+00   0.6177413E-02  -0.1044461E-04
 47.00    34.00   46  0.2743427E+00   0.6619922E-03   0.2340269E-03
 48.00    34.00   46  0.6724672E+00   0.4854224E-03   0.2828729E-04
 49.00    34.00   46  0.9582195E+00   0.8925901E-02  -0.9506568E-03
 47.00    35.00   46  0.3958533E+00   0.7823582E-03   0.1609016E-03
 48.00    35.00   46  0.6826326E+00   0.4524281E-03   0.2431936E-04
 53.00    35.00   46  0.6040162E+00   0.4140472E-02   0.2176405E-03
 54.00    35.00   46  0.7500000E+00   0.2309635E+04   0.2500000E-03
 47.00    36.00   46  0.3382510E+00   0.6309055E-03   0.1942981E-03
 48.00    36.00   46  0.5103536E+00   0.3677901E-03   0.1005165E-03
 49.00    36.00   46  0.8245945E-01   0.2218476E-02  -0.2177808E-03
 53.00    36.00   46  0.5124305E+00   0.1057667E-02   0.2114141E-03
 54.00    36.00   46  0.7499999E+00   0.2794819E-01   0.2500000E-03
 47.00    37.00   46  0.3134220E+00   0.5188543E-03   0.2093772E-03
 48.00    37.00   46  0.6251320E+00   0.3961391E-03   0.4768954E-04
 49.00    37.00   46  0.9881917E+00   0.3020492E-02  -0.7767114E-04
 53.00    37.00   46  0.4527647E+00   0.3410541E-03   0.2126159E-03
 54.00    37.00   46  0.7500002E+00   0.3040934E-02   0.2500000E-03
 47.00    38.00   46  0.2528255E+00   0.4551713E-03   0.2481199E-03
 48.00    38.00   46  0.7384574E+00   0.4237198E-03   0.3905850E-05
 49.00    38.00   46  0.9959717E+00   0.2578574E-02   0.2029864E-04
 53.00    38.00   46  0.4011712E+00   0.1653935E-03   0.2170201E-03
 54.00    38.00   46  0.7462263E+00   0.1571395E-02   0.2487547E-03
 55.00    38.00   46  0.7500001E+00   0.9783503E+03   0.2500000E-03
 46.00    39.00   46  0.3622200E-01   0.5120452E-01   0.4279524E-03
 47.00    39.00   46  0.1195736E+00   0.3688631E-03   0.3465490E-03
 48.00    39.00   46  0.7517312E+00   0.3286948E-03  -0.5757320E-06
 49.00    39.00   46  0.9897563E+00   0.7220641E-03   0.3418914E-04
 50.00    39.00   46  0.4997765E+00   0.4157205E-02   0.8857626E-04
 53.00    39.00   46  0.3781668E+00   0.8882647E-04   0.2200132E-03
 54.00    39.00   46  0.7320831E+00   0.1147350E-02   0.2442920E-03
 55.00    39.00   46  0.7500003E+00   0.4035768E+00   0.2500000E-03
 46.00    40.00   46  0.5970515E+00   0.1930966E+00   0.5988180E-04
 47.00    40.00   46  0.2031666E-01   0.2009883E-03   0.4491151E-03
 48.00    40.00   46  0.3121620E+00   0.1825923E-03   0.2101540E-03
 49.00    40.00   46  0.9616421E+00   0.3205256E-03  -0.3626361E-04
 50.00    40.00   46  0.8994539E+00   0.6848601E-03   0.1370435E-03
 53.00    40.00   46  0.4719692E+00   0.5794967E-04   0.2098071E-03
 54.00    40.00   46  0.7472017E+00   0.8329697E-03   0.2458200E-03
 55.00    40.00   46  0.7500000E+00   0.5576847E+00   0.2500000E-03
 47.00    41.00   46  0.3558439E-02   0.1675740E-03   0.4810312E-03
 48.00    41.00   46  0.3644670E-01   0.7934952E-04   0.4276793E-03
 49.00    41.00   46  0.2495781E+00   0.1531177E-03   0.2502814E-03
 50.00    41.00   46  0.9999264E+00   0.4389249E-03   0.2510846E-05
 51.00    41.00   46  0.7580428E+00   0.3097050E-03   0.2387096E-03
 52.00    41.00   46  0.5738353E+00   0.5504787E-04   0.2141319E-03
 53.00    41.00   46  0.6635380E+00   0.5043068E-04   0.2215410E-03
 54.00    41.00   46  0.7623268E+00   0.4845919E-03   0.2389341E-03
 55.00    41.00   46  0.7500000E+00   0.7917222E+00   0.2500000E-03
 47.00    42.00   46  0.4097711E-01   0.1318844E-02   0.4222853E-03
 48.00    42.00   46  0.2283489E-01   0.8226163E-04   0.4454612E-03
 49.00    42.00   46  0.2520709E-01   0.3869081E-04   0.4421456E-03
 50.00    42.00   46  0.8085463E+00   0.3400205E-03  -0.1785101E-04
 51.00    42.00   46  0.7765057E+00   0.1190920E-03   0.2317065E-03
 52.00    42.00   46  0.7307556E+00   0.4345990E-04   0.2427175E-03
 53.00    42.00   46  0.7347158E+00   0.4886804E-04   0.2423964E-03
 54.00    42.00   46  0.7607682E+00   0.3029593E-03   0.2425381E-03
 55.00    42.00   46  0.8076392E+00   0.4930107E-01   0.2099632E-03
 47.00    43.00   46  0.1436366E-01   0.2518483E-02   0.4584703E-03
 48.00    43.00   46  0.2867752E-01   0.1855902E-03   0.4374818E-03
 49.00    43.00   46  0.1553472E-01   0.3474487E-04   0.4565332E-03
 50.00    43.00   46  0.1836065E+00   0.1355281E-03   0.2964325E-03
 51.00    43.00   46  0.8006383E+00   0.9086958E-04   0.2149813E-03
 52.00    43.00   46  0.7532358E+00   0.3881947E-04   0.2467015E-03
 53.00    43.00   46  0.7537246E+00   0.5890449E-04   0.2453123E-03
 54.00    43.00   46  0.7758890E+00   0.3363768E-03   0.2323758E-03
 55.00    43.00   46  0.7867587E+00   0.2816497E-01   0.2248611E-03
 48.00    44.00   46  0.8443245E-02   0.5434096E-03   0.4693651E-03
 49.00    44.00   46  0.9904065E-02   0.5783071E-04   0.4664619E-03
 50.00    44.00   46  0.5914549E-01   0.8918501E-04   0.4023297E-03
 51.00    44.00   46  0.8174039E+00   0.1160835E-03   0.2028234E-03
 52.00    44.00   46  0.7668644E+00   0.4077734E-04   0.2386273E-03
 53.00    44.00   46  0.7689073E+00   0.8228367E-04   0.2372300E-03
 54.00    44.00   46  0.7705049E+00   0.6694750E-03   0.2361379E-03
 55.00    44.00   46  0.7619435E+00   0.4237445E-01   0.2419732E-03
 48.00    45.00   46  0.3400689E-02   0.6045404E-01   0.4814941E-03
 49.00    45.00   46  0.6890800E-02   0.2119102E-03   0.4726741E-03
 50.00    45.00   46  0.3581433E-01   0.1455317E-03   0.4284492E-03
 51.00    45.00   46  0.8336930E+00   0.1959491E-03   0.1906435E-03
 52.00    45.00   46  0.7889590E+00   0.5959572E-04   0.2233136E-03
 53.00    45.00   46  0.8001477E+00   0.1194324E-03   0.2153642E-03
 54.00    45.00   46  0.7917652E+00   0.1636269E-02   0.2213328E-03
 55.00    45.00   46  0.7499999E+00   0.5103617E-01   0.2500000E-03
 49.00    46.00   46  0.1295568E-02   0.7256066E-03   0.4889684E-03
 50.00    46.00   46  0.2565355E-01   0.4854608E-03   0.4415339E-03
 51.00    46.00   46  0.8948894E+00   0.7165186E-03   0.1410908E-03
 52.00    46.00   46  0.8147504E+00   0.1564942E-03   0.2047750E-03
 53.00    46.00   46  0.8237591E+00   0.2461221E-03   0.1981129E-03
 54.00    46.00   46  0.8143377E+00   0.5679605E-02   0.2050778E-03
 55.00    46.00   46  0.7500000E+00   0.1824142E+01   0.2500000E-03
 49.00    47.00   46  0.4085291E-01   0.4036315E-01   0.4224305E-03
 50.00    47.00   46  0.8653652E-02   0.3709274E-02   0.4689356E-03
 51.00    47.00   46  0.9784095E+00   0.1157395E-01   0.5275224E-04
 52.00    47.00   46  0.9030850E+00   0.1140209E-02   0.1338596E-03
 53.00    47.00   46  0.8927419E+00   0.1280852E-02   0.1429571E-03
 54.00    47.00   46  0.8255225E+00   0.2794012E-01   0.1967965E-03
 51.00    48.00   46  0.9856153E+00   0.3367279E+01   0.4156510E-04
 52.00    48.00   46  0.9812738E+00   0.4204925E-01   0.4849487E-04
 53.00    48.00   46  0.9456366E+00   0.2549810E-01   0.9263415E-04
 54.00    48.00   46  0.8864964E+00   0.9024445E+00   0.1483216E-03
 52.00    49.00   46  0.7499999E+00   0.2174716E+02   0.2500001E-03
 53.00    49.00   46  0.7500000E+00   0.1937163E+01   0.2500000E-03
 45.00    24.00   47  0.8511589E-02   0.2613394E-03   0.4692251E-03
 46.00    24.00   47  0.2168763E-01   0.6601244E-03   0.4471073E-03
 47.00    24.00   47  0.1628873E-02   0.6002609E-03   0.4875443E-03
 45.00    25.00   47  0.2053333E+00   0.1959590E-02   0.2807245E-03
 46.00    25.00   47  0.9683951E+00   0.3696264E-02  -0.3470009E-04
 47.00    25.00   47  0.1977339E+00   0.1246979E-01   0.2861565E-03
 48.00    25.00   47  0.2904451E-02   0.3984121E-01   0.4830128E-03
 45.00    26.00   47  0.9653887E+00   0.4334855E-02  -0.3546214E-04
 46.00    26.00   47  0.9704885E+00   0.1972803E-02   0.6360971E-04
 47.00    26.00   47  0.8351038E+00   0.9210231E-02   0.1895717E-03
 48.00    26.00   47  0.7500000E+00   0.1274295E-01   0.2500000E-03
 49.00    26.00   47  0.7500001E+00   0.5321878E+01   0.2500000E-03
 45.00    27.00   47  0.9128256E+00   0.1356652E-01  -0.3784534E-04
 46.00    27.00   47  0.9534730E+00   0.1291014E-02   0.8406528E-04
 47.00    27.00   47  0.8227659E+00   0.1394383E-02   0.1988525E-03
 48.00    27.00   47  0.7647350E+00   0.3159807E-02   0.2400783E-03
 49.00    27.00   47  0.7499999E+00   0.1383877E+00   0.2500000E-03
 45.00    28.00   47  0.5150056E-01   0.3933944E-02   0.4104478E-03
 46.00    28.00   47  0.9632569E+00   0.9867875E-03   0.7268018E-04
 47.00    28.00   47  0.8758003E+00   0.4961529E-03   0.1573077E-03
 48.00    28.00   47  0.8434197E+00   0.1847363E-02   0.1831962E-03
 49.00    28.00   47  0.7500000E+00   0.5503267E-01   0.2500000E-03
 45.00    29.00   47  0.3344692E+00   0.1103846E-01   0.1965672E-03
 46.00    29.00   47  0.9863648E+00   0.1127976E-02  -0.2666039E-04
 47.00    29.00   47  0.9575812E+00   0.3653309E-03   0.7938984E-04
 48.00    29.00   47  0.9400025E+00   0.8646325E-03   0.9855389E-04
 49.00    29.00   47  0.8001886E+00   0.8539647E-02   0.2153348E-03
 50.00    29.00   47  0.7500000E+00   0.3089652E+02   0.2500000E-03
 45.00    30.00   47  0.7239403E+00   0.1905988E-01   0.8978532E-05
 46.00    30.00   47  0.8956659E+00   0.1271267E-02  -0.3607903E-04
 47.00    30.00   47  0.9735558E+00   0.4075901E-03  -0.3309641E-04
 48.00    30.00   47  0.9944105E+00   0.4192123E-03  -0.1872709E-04
 49.00    30.00   47  0.9904918E+00   0.1857343E-02   0.3276885E-04
 50.00    30.00   47  0.7500002E+00   0.6151303E-01   0.2500000E-03
 45.00    31.00   47  0.1493731E+00   0.1799347E-01   0.3224135E-03
 46.00    31.00   47  0.7164795E+00   0.2538955E-02   0.1165242E-04
 47.00    31.00   47  0.7601366E+00   0.5596318E-03  -0.3332621E-05
 48.00    31.00   47  0.8016087E+00   0.3450131E-03  -0.1592468E-04
 49.00    31.00   47  0.9062541E+00   0.1414218E-02  -0.3726856E-04
 50.00    31.00   47  0.7592219E+00   0.4079475E-01   0.2438138E-03
 45.00    32.00   47  0.7588371E-04   0.1009814E-02   0.4974475E-03
 46.00    32.00   47  0.2015739E+00   0.2850372E-02   0.2834036E-03
 47.00    32.00   47  0.2661266E+00   0.6542557E-03   0.2393622E-03
 48.00    32.00   47  0.3799079E+00   0.2509715E-03   0.1699337E-03
 49.00    32.00   47  0.6487121E+00   0.1515585E-02   0.3783836E-04
 46.00    33.00   47  0.8803539E-03   0.4132179E-03   0.4909984E-03
 47.00    33.00   47  0.3647223E-01   0.2677277E-03   0.4276483E-03
 48.00    33.00   47  0.3060810E+00   0.2365019E-03   0.2139196E-03
 49.00    33.00   47  0.7458369E+00   0.1583211E-02   0.1395412E-05
 47.00    34.00   47  0.4365483E-01   0.3366554E-03   0.4191888E-03
 48.00    34.00   47  0.4563690E+00   0.3049113E-03   0.1280285E-03
 49.00    34.00   47  0.8353614E+00   0.1527355E-02  -0.2473703E-04
 47.00    35.00   47  0.7050607E-01   0.4275097E-03   0.3908467E-03
 48.00    35.00   47  0.5001280E+00   0.3130668E-03   0.1055985E-03
 49.00    35.00   47  0.8280249E+00   0.1391401E-02  -0.4645856E-04
 47.00    36.00   47  0.6998410E-01   0.3229956E-03   0.3913611E-03
 48.00    36.00   47  0.3748887E+00   0.2553259E-03   0.1728097E-03
 49.00    36.00   47  0.8425725E+00   0.1618444E-02  -0.2260904E-03
 54.00    36.00   47  0.7499996E+00   0.6988653E+00   0.2500001E-03
 47.00    37.00   47  0.1493670E+00   0.5385894E-03   0.3224183E-03
 48.00    37.00   47  0.4341817E+00   0.2565202E-03   0.1398276E-03
 49.00    37.00   47  0.7668841E+00   0.1088673E-02  -0.7059146E-04
 53.00    37.00   47  0.2622680E+00   0.5207449E-03   0.2460423E-03
 54.00    37.00   47  0.7353299E+00   0.8666916E-02   0.2452977E-03
 55.00    37.00   47  0.7500001E+00   0.3977710E+01   0.2500000E-03
 47.00    38.00   47  0.1164360E+00   0.4741768E-03   0.3491904E-03
 48.00    38.00   47  0.4966090E+00   0.2550723E-03   0.1073613E-03
 49.00    38.00   47  0.8424862E+00   0.1005222E-02  -0.2827385E-04
 53.00    38.00   47  0.9419563E-01   0.9363479E-04   0.3313556E-03
 54.00    38.00   47  0.7311962E+00   0.9824072E-03   0.2440389E-03
 55.00    38.00   47  0.7500001E+00   0.3498174E-01   0.2500000E-03
 47.00    39.00   47  0.1114806E+00   0.5394751E-03   0.3534060E-03
 48.00    39.00   47  0.5566279E+00   0.2300274E-03   0.7827708E-04
 49.00    39.00   47  0.9395708E+00   0.9484394E-03  -0.3857102E-04
 54.00    39.00   47  0.7041436E+00   0.3712211E-03   0.2364819E-03
 55.00    39.00   47  0.7500000E+00   0.2649765E-01   0.2500000E-03
 47.00    40.00   47  0.5716981E-01   0.4125044E-03   0.4043943E-03
 48.00    40.00   47  0.5194475E+00   0.1948249E-03   0.9604791E-04
 49.00    40.00   47  0.9702173E+00   0.4133883E-03  -0.3417983E-04
 50.00    40.00   47  0.8876503E+00   0.1469125E-02   0.1439149E-03
 54.00    40.00   47  0.6726570E+00   0.1900177E-03   0.2290281E-03
 55.00    40.00   47  0.7500002E+00   0.1172205E-01   0.2500000E-03
 47.00    41.00   47  0.1852053E-01   0.3359031E-03   0.4518194E-03
 48.00    41.00   47  0.1674665E+00   0.1085079E-03   0.3084778E-03
 49.00    41.00   47  0.7135116E+00   0.1806013E-03   0.1272833E-04
 50.00    41.00   47  0.9907157E+00   0.3069098E-03   0.3232813E-04
 51.00    41.00   47  0.8353081E+00   0.1117039E-02   0.1739028E-03
 53.00    41.00   47  0.6517828E-01   0.1514256E-04   0.3574021E-03
 54.00    41.00   47  0.6715710E+00   0.1052567E-03   0.2274048E-03
 55.00    41.00   47  0.7562741E+00   0.1105329E-01   0.2457996E-03
 47.00    42.00   47  0.4683246E-01   0.1511391E-02   0.4155925E-03
 48.00    42.00   47  0.3394107E-01   0.8742626E-04   0.4307569E-03
 49.00    42.00   47  0.8174753E-01   0.5438950E-04   0.3800351E-03
 50.00    42.00   47  0.6136081E+00   0.2013051E-03   0.5263361E-04
 51.00    42.00   47  0.8933571E+00   0.3709772E-03   0.1424235E-03
 52.00    42.00   47  0.6189216E+00   0.1614828E-03   0.2167294E-03
 53.00    42.00   47  0.5421082E+00   0.3230421E-04   0.2117831E-03
 54.00    42.00   47  0.7079168E+00   0.7411624E-04   0.2331200E-03
 55.00    42.00   47  0.8023579E+00   0.3569986E-02   0.2137774E-03
 47.00    43.00   47  0.2759673E-02   0.2388231E-02   0.4834763E-03
 48.00    43.00   47  0.2006534E-01   0.1642689E-03   0.4494882E-03
 49.00    43.00   47  0.1724756E-01   0.2970944E-04   0.4537929E-03
 50.00    43.00   47  0.8073992E-01   0.5462996E-04   0.3809848E-03
 51.00    43.00   47  0.9725377E+00   0.2391962E-03   0.6090818E-04
 52.00    43.00   47  0.7439414E+00   0.6819029E-04   0.2403103E-03
 53.00    43.00   47  0.7110334E+00   0.2985716E-04   0.2378816E-03
 54.00    43.00   47  0.7357550E+00   0.6218770E-04   0.2433157E-03
 55.00    43.00   47  0.7667250E+00   0.1214194E-02   0.2387228E-03
 48.00    44.00   47  0.7105150E-02   0.5404196E-03   0.4722010E-03
 49.00    44.00   47  0.1359588E-01   0.5912134E-04   0.4597717E-03
 50.00    44.00   47  0.1948404E-01   0.2827562E-04   0.4503577E-03
 51.00    44.00   47  0.9992502E+00   0.2315431E-03  -0.7527997E-05
 52.00    44.00   47  0.7665931E+00   0.4822702E-04   0.2383615E-03
 53.00    44.00   47  0.7501162E+00   0.3221393E-04   0.2467678E-03
 54.00    44.00   47  0.7518206E+00   0.7028896E-04   0.2448156E-03
 55.00    44.00   47  0.7766337E+00   0.9176395E-03   0.2319169E-03
 56.00    44.00   47  0.7499999E+00   0.3123333E+02   0.2500000E-03
 48.00    45.00   47  0.7751501E-01   0.5315622E-01   0.3840488E-03
 49.00    45.00   47  0.4119084E-01   0.5458553E-03   0.4220358E-03
 50.00    45.00   47  0.1036890E-01   0.3174048E-04   0.4655732E-03
 51.00    45.00   47  0.8488507E+00   0.3146569E-03  -0.2782710E-04
 52.00    45.00   47  0.7778149E+00   0.4712376E-04   0.2310992E-03
 53.00    45.00   47  0.7632996E+00   0.3390813E-04   0.2410283E-03
 54.00    45.00   47  0.7681832E+00   0.9858804E-04   0.2376408E-03
 55.00    45.00   47  0.7888907E+00   0.1329709E-02   0.2233618E-03
 56.00    45.00   47  0.7500000E+00   0.5654975E+00   0.2500000E-03
 49.00    46.00   47  0.2154379E-02   0.1776138E-02   0.4855383E-03
 50.00    46.00   47  0.4599446E-02   0.6234032E-04   0.4781676E-03
 51.00    46.00   47  0.4269931E+00   0.4575702E-03   0.1437128E-03
 52.00    46.00   47  0.7937210E+00   0.7845016E-04   0.2199470E-03
 53.00    46.00   47  0.7769120E+00   0.4103586E-04   0.2317243E-03
 54.00    46.00   47  0.7884969E+00   0.1424645E-03   0.2236390E-03
 55.00    46.00   47  0.7846094E+00   0.3108320E-02   0.2263677E-03
 56.00    46.00   47  0.7500000E+00   0.6545457E+01   0.2500000E-03
 50.00    47.00   47  0.6612946E-02   0.5828413E-03   0.4732962E-03
 51.00    47.00   47  0.4764971E+00   0.2398295E-02   0.1175735E-03
 52.00    47.00   47  0.8288087E+00   0.2248257E-03   0.1943326E-03
 53.00    47.00   47  0.8018450E+00   0.9074844E-04   0.2141461E-03
 54.00    47.00   47  0.8112754E+00   0.2792784E-03   0.2073180E-03
 55.00    47.00   47  0.7830366E+00   0.1245316E-01   0.2274671E-03
 51.00    48.00   47  0.6494943E-01   0.7460332E-02   0.3963852E-03
 52.00    48.00   47  0.9216549E+00   0.1808086E-02   0.1167436E-03
 53.00    48.00   47  0.8523660E+00   0.3878419E-03   0.1762208E-03
 54.00    48.00   47  0.8540986E+00   0.1070827E-02   0.1748553E-03
 55.00    48.00   47  0.9115018E+00   0.1172963E+00   0.1262380E-03
 51.00    49.00   47  0.1227346E-05   0.7078319E-03   0.4996796E-03
 52.00    49.00   47  0.8997819E+00   0.1269940E+00  -0.3657729E-04
 53.00    49.00   47  0.8820202E+00   0.5691489E-02   0.1521119E-03
 54.00    49.00   47  0.8522442E+00   0.1237591E-01   0.1763165E-03
 55.00    49.00   47  0.4200736E-02   0.2576585E+00   0.4792291E-03
 45.00    25.00   48  0.3563297E-03   0.6053642E-04   0.4943736E-03
 46.00    25.00   48  0.9378970E-01   0.1804718E-02   0.3689460E-03
 47.00    25.00   48  0.2222653E-01   0.3045307E-02   0.4463304E-03
 45.00    26.00   48  0.4780292E-01   0.1192662E-02   0.4145100E-03
 46.00    26.00   48  0.9999411E+00   0.2970972E-02  -0.2182147E-05
 47.00    26.00   48  0.8813039E+00   0.1514549E-01  -0.3401836E-04
 48.00    26.00   48  0.9652694E+00   0.2852056E+01  -0.3549020E-04
 45.00    27.00   48  0.6452718E-01   0.3109480E-02   0.3968119E-03
 46.00    27.00   48  0.9501652E+00   0.1903438E-02   0.8773408E-04
 47.00    27.00   48  0.9632800E+00   0.4667440E-02   0.7265239E-04
 48.00    27.00   48  0.7500000E+00   0.9621127E-02   0.2500000E-03
 49.00    27.00   48  0.7499999E+00   0.2499790E+01   0.2500001E-03
 45.00    28.00   48  0.3497838E-02   0.5249399E-02   0.4812080E-03
 46.00    28.00   48  0.9945387E+00   0.2483915E-02   0.2400531E-04
 47.00    28.00   48  0.9182519E+00   0.1199050E-02   0.1199655E-03
 48.00    28.00   48  0.7935955E+00   0.1969122E-02   0.2200362E-03
 49.00    28.00   48  0.7499999E+00   0.4032239E-01   0.2500000E-03
 45.00    29.00   48  0.3680813E-01   0.2034862E-01   0.4272412E-03
 46.00    29.00   48  0.9991649E+00   0.3138243E-02  -0.7921422E-05
 47.00    29.00   48  0.9421865E+00   0.6009329E-03   0.9628083E-04
 48.00    29.00   48  0.8812777E+00   0.9615613E-03   0.1527365E-03
 49.00    29.00   48  0.7542723E+00   0.1072136E-01   0.2471437E-03
 45.00    30.00   48  0.7944902E-01   0.3346201E-01   0.3822067E-03
 46.00    30.00   48  0.8275703E+00   0.3393271E-02  -0.2283324E-04
 47.00    30.00   48  0.9930833E+00   0.5036594E-03   0.2738368E-04
 48.00    30.00   48  0.9539276E+00   0.5413035E-03   0.8355448E-04
 49.00    30.00   48  0.8912858E+00   0.2513130E-02   0.1442161E-03
 50.00    30.00   48  0.7500001E+00   0.1656467E+00   0.2500000E-03
 45.00    31.00   48  0.5702210E-01   0.4174445E-01   0.4045496E-03
 46.00    31.00   48  0.6840311E+00   0.4184434E-02   0.2377920E-04
 47.00    31.00   48  0.9478016E+00   0.6087159E-03  -0.3810989E-04
 48.00    31.00   48  0.9795500E+00   0.3459426E-03  -0.3063231E-04
 49.00    31.00   48  0.9969987E+00   0.7050656E-03   0.1729172E-04
 50.00    31.00   48  0.8051517E+00   0.8959531E-02   0.2117636E-03
 45.00    32.00   48  0.5174339E-03   0.1771124E-01   0.4931765E-03
 46.00    32.00   48  0.5062709E+00   0.7032841E-02   0.1025384E-03
 47.00    32.00   48  0.7523332E+00   0.1075754E-02  -0.7753260E-06
 48.00    32.00   48  0.7495852E+00   0.3400863E-03   0.1383596E-06
 49.00    32.00   48  0.8948679E+00   0.5869795E-03  -0.3597740E-04
 50.00    32.00   48  0.9870188E+00   0.1124283E-01   0.3916668E-04
 46.00    33.00   48  0.1250094E+00   0.2871096E-02   0.3420219E-03
 47.00    33.00   48  0.5373105E+00   0.1845532E-02   0.8740957E-04
 48.00    33.00   48  0.3641454E+00   0.3135311E-03   0.1790198E-03
 49.00    33.00   48  0.6925094E+00   0.5093171E-03   0.2053499E-04
 50.00    33.00   48  0.9970114E+00   0.1403852E-01   0.1725188E-04
 46.00    34.00   48  0.1673812E-01   0.2579130E-02   0.4545972E-03
 47.00    34.00   48  0.2807833E-01   0.6638556E-03   0.4382727E-03
 48.00    34.00   48  0.1967174E+00   0.2839043E-03   0.2868881E-03
 49.00    34.00   48  0.6076831E+00   0.5165177E-03   0.5520799E-04
 50.00    34.00   48  0.9900005E+00   0.2231283E-01  -0.2207235E-06
 46.00    35.00   48  0.1328794E-04   0.7613812E-03   0.4989411E-03
 47.00    35.00   48  0.6152987E-03   0.1524027E-03   0.4925339E-03
 48.00    35.00   48  0.2002925E+00   0.2542275E-03   0.2843204E-03
 49.00    35.00   48  0.5542291E+00   0.4395292E-03   0.7939932E-04
 47.00    36.00   48  0.2206057E-01   0.1706323E-02   0.4465690E-03
 48.00    36.00   48  0.3575053E+00   0.3454611E-03   0.1828954E-03
 49.00    36.00   48  0.6541717E+00   0.5305383E-03   0.3560941E-04
 47.00    37.00   48  0.3213102E-01   0.1946173E-02   0.4330272E-03
 48.00    37.00   48  0.3548848E+00   0.3170152E-03   0.1844328E-03
 49.00    37.00   48  0.7994301E+00   0.6300375E-03  -0.1550798E-04
 54.00    37.00   48  0.7497572E+00   0.2191737E-01   0.2499191E-03
 55.00    37.00   48  0.7500001E+00   0.6748088E+01   0.2500000E-03
 47.00    38.00   48  0.3320028E-01   0.2552632E-02   0.4316811E-03
 48.00    38.00   48  0.3690001E+00   0.3159355E-03   0.1762044E-03
 49.00    38.00   48  0.7372817E+00   0.5235333E-03   0.4179019E-05
 54.00    38.00   48  0.7179794E+00   0.1134041E-02   0.2402020E-03
 55.00    38.00   48  0.7500000E+00   0.4479837E-01   0.2500000E-03
 47.00    39.00   48  0.2494279E-01   0.2469733E-02   0.4425095E-03
 48.00    39.00   48  0.4005123E+00   0.3116597E-03   0.1582924E-03
 49.00    39.00   48  0.7309201E+00   0.4455197E-03   0.6517861E-05
 54.00    39.00   48  0.6317371E+00   0.2954022E-03   0.2215248E-03
 55.00    39.00   48  0.7500001E+00   0.7254458E-02   0.2500000E-03
 47.00    40.00   48  0.1411480E-02   0.6829093E-03   0.4884565E-03
 48.00    40.00   48  0.3955007E+00   0.2795639E-03   0.1610997E-03
 49.00    40.00   48  0.8129678E+00   0.3751813E-03  -0.1904910E-04
 50.00    40.00   48  0.9862928E+00   0.4158591E-02  -0.6803469E-04
 54.00    40.00   48  0.4313023E+00   0.1128868E-03   0.2140626E-03
 55.00    40.00   48  0.7494166E+00   0.2409353E-02   0.2498059E-03
 47.00    41.00   48  0.7877639E-02   0.1190017E-02   0.4705407E-03
 48.00    41.00   48  0.2462085E+00   0.1941141E-03   0.2525341E-03
 49.00    41.00   48  0.7593697E+00   0.2462339E-03  -0.3083784E-05
 50.00    41.00   48  0.9975665E+00   0.7509993E-03   0.1543947E-04
 51.00    41.00   48  0.6768140E+00   0.3068920E-02   0.4470994E-04
 54.00    41.00   48  0.2828233E+00   0.4449260E-04   0.2396565E-03
 55.00    41.00   48  0.7504201E+00   0.8729843E-03   0.2482631E-03
 47.00    42.00   48  0.2858476E-01   0.3895567E-02   0.4376039E-03
 48.00    42.00   48  0.7479845E-01   0.1390076E-03   0.3866602E-03
 49.00    42.00   48  0.3048802E+00   0.1175740E-03   0.2146664E-03
 50.00    42.00   48  0.8449916E+00   0.2186135E-03  -0.2697104E-04
 51.00    42.00   48  0.9667292E+00   0.3913376E-03   0.6840751E-04
 52.00    42.00   48  0.6522483E+00   0.1306145E-02   0.1690976E-03
 53.00    42.00   48  0.2096781E-04   0.5127363E-06   0.4973563E-03
 54.00    42.00   48  0.4306998E+00   0.3175178E-04   0.2126438E-03
 55.00    42.00   48  0.7567090E+00   0.4307798E-03   0.2415509E-03
 47.00    43.00   48  0.8552191E-03   0.4105214E-02   0.4911339E-03
 48.00    43.00   48  0.2476726E-01   0.2768808E-03   0.4427519E-03
 49.00    43.00   48  0.6263590E-01   0.7400273E-04   0.3987341E-03
 50.00    43.00   48  0.1576154E+00   0.7354598E-04   0.3160049E-03
 51.00    43.00   48  0.8767377E+00   0.2521886E-03  -0.3326737E-04
 52.00    43.00   48  0.8296484E+00   0.2774132E-03   0.1926213E-03
 53.00    43.00   48  0.6047249E+00   0.5258460E-04   0.2176571E-03
 54.00    43.00   48  0.6454641E+00   0.2731151E-04   0.2224795E-03
 55.00    43.00   48  0.7556841E+00   0.2012913E-03   0.2409113E-03
 56.00    43.00   48  0.9495413E+00   0.2481576E+00  -0.3795867E-04
 48.00    44.00   48  0.2306671E-01   0.2067261E-02   0.4451321E-03
 49.00    44.00   48  0.2051518E-01   0.9691967E-04   0.4488215E-03
 50.00    44.00   48  0.1999409E-01   0.2722509E-04   0.4495943E-03
 51.00    44.00   48  0.3333046E+00   0.1423331E-03   0.1972679E-03
 52.00    44.00   48  0.8498908E+00   0.1242700E-03   0.1778881E-03
 53.00    44.00   48  0.7342111E+00   0.3425060E-04   0.2431487E-03
 54.00    44.00   48  0.7277436E+00   0.2525513E-04   0.2409986E-03
 55.00    44.00   48  0.7582805E+00   0.1235438E-03   0.2420050E-03
 56.00    44.00   48  0.7903060E+00   0.1368045E-01   0.2223639E-03
 49.00    45.00   48  0.5474283E-02   0.2781519E-03   0.4759628E-03
 50.00    45.00   48  0.1028076E-01   0.4172372E-04   0.4657405E-03
 51.00    45.00   48  0.1084020E+00   0.7733893E-04   0.3560535E-03
 52.00    45.00   48  0.8845969E+00   0.1006076E-03   0.1499351E-03
 53.00    45.00   48  0.7574696E+00   0.3062674E-04   0.2442155E-03
 54.00    45.00   48  0.7522675E+00   0.2804597E-04   0.2458770E-03
 55.00    45.00   48  0.7661957E+00   0.1176715E-03   0.2377870E-03
 56.00    45.00   48  0.7959923E+00   0.5027182E-02   0.2183326E-03
 49.00    46.00   48  0.4040935E-08   0.1037797E-04   0.4999817E-03
 50.00    46.00   48  0.1449709E-01   0.2283069E-03   0.4582467E-03
 51.00    46.00   48  0.2476184E-01   0.5399736E-04   0.4427594E-03
 52.00    46.00   48  0.9173267E+00   0.1483370E-03   0.1208343E-03
 53.00    46.00   48  0.7693072E+00   0.3134942E-04   0.2369584E-03
 54.00    46.00   48  0.7674415E+00   0.3302626E-04   0.2382242E-03
 55.00    46.00   48  0.7736284E+00   0.1571189E-03   0.2339639E-03
 56.00    46.00   48  0.7828739E+00   0.5514560E-02   0.2275807E-03
 50.00    47.00   48  0.3233546E-02   0.8381236E-03   0.4819945E-03
 51.00    47.00   48  0.4423705E-02   0.5517666E-04   0.4786306E-03
 52.00    47.00   48  0.9961271E+00   0.4110239E-03   0.1986659E-04
 53.00    47.00   48  0.7825038E+00   0.4793561E-04   0.2278390E-03
 54.00    47.00   48  0.7819954E+00   0.4356559E-04   0.2281936E-03
 55.00    47.00   48  0.7842329E+00   0.2617246E-03   0.2266310E-03
 56.00    47.00   48  0.7534235E+00   0.1501531E-01   0.2477125E-03
 50.00    48.00   48  0.3581418E-01   0.1024271E-01   0.4284494E-03
 51.00    48.00   48  0.7178594E-02   0.3477146E-03   0.4720402E-03
 52.00    48.00   48  0.9874623E+00   0.1517730E-02  -0.2585148E-04
 53.00    48.00   48  0.8201194E+00   0.1239954E-03   0.2008170E-03
 54.00    48.00   48  0.8042507E+00   0.9577033E-04   0.2124140E-03
 55.00    48.00   48  0.8291509E+00   0.6696158E-03   0.1940753E-03
 56.00    48.00   48  0.7499999E+00   0.1210190E+00   0.2500000E-03
 51.00    49.00   48  0.7305164E-02   0.4380826E-02   0.4717646E-03
 52.00    49.00   48  0.5474660E+00   0.1254021E-01   0.8258127E-04
 53.00    49.00   48  0.9044092E+00   0.7419304E-03   0.1326741E-03
 54.00    49.00   48  0.8308049E+00   0.3452356E-03   0.1928288E-03
 55.00    49.00   48  0.8627393E+00   0.3429940E-02   0.1679699E-03
 56.00    49.00   48  0.7500002E+00   0.1787353E+01   0.2500000E-03
 52.00    50.00   48  0.3221894E+00   0.4963310E+00   0.2040031E-03
 53.00    50.00   48  0.9052654E+00   0.1196698E-01   0.1319052E-03
 54.00    50.00   48  0.8637463E+00   0.2731708E-02   0.1671591E-03
 55.00    50.00   48  0.9041604E+00   0.1958884E-01   0.1328975E-03
 56.00    50.00   48  0.7500001E+00   0.1160040E+01   0.2500000E-03
 53.00    51.00   48  0.8723145E+00   0.8954562E+00   0.1601851E-03
 54.00    51.00   48  0.7821790E+00   0.2871291E-01   0.2280656E-03
 55.00    51.00   48  0.7499999E+00   0.2549913E-01   0.2500000E-03
 54.00    52.00   48  0.7500002E+00   0.1298805E+00   0.2500000E-03
 55.00    52.00   48  0.7500000E+00   0.7019232E-01   0.2500000E-03
 45.00    25.00   49  0.1516956E-03   0.4526339E-04   0.4963690E-03
 46.00    25.00   49  0.4361096E-03   0.1299489E-03   0.4937548E-03
 47.00    25.00   49  0.1689616E-03   0.2371560E-03   0.4961635E-03
 45.00    26.00   49  0.4604162E-03   0.8101611E-04   0.4935770E-03
 46.00    26.00   49  0.1484279E+00   0.1969420E-02   0.3231552E-03
 47.00    26.00   49  0.3086238E+00   0.9245630E-02   0.2123417E-03
 45.00    27.00   49  0.4317607E-04   0.3237736E-04   0.4980816E-03
 46.00    27.00   49  0.6554454E+00   0.3148024E-02   0.3509229E-04
 47.00    27.00   49  0.9899161E+00   0.6385526E-02  -0.2380001E-04
 48.00    27.00   49  0.9994760E+00   0.2574359E+00   0.6868504E-05
 45.00    28.00   49  0.4431924E-06   0.6202956E-05   0.4998076E-03
 46.00    28.00   49  0.7740415E+00   0.3684089E-02  -0.7748138E-05
 47.00    28.00   49  0.9899255E+00   0.3554630E-02  -0.2379145E-04
 48.00    28.00   49  0.7656249E+00   0.1276124E-01   0.2394725E-03
 49.00    28.00   49  0.7500002E+00   0.2202364E+00   0.2500000E-03
 46.00    29.00   49  0.9902406E+00   0.8092437E-02  -0.2349872E-04
 47.00    29.00   49  0.9552146E+00   0.1422124E-02   0.8210019E-04
 48.00    29.00   49  0.7921694E+00   0.2239376E-02   0.2210467E-03
 49.00    29.00   49  0.7662847E+00   0.1928973E-01   0.2390229E-03
 46.00    30.00   49  0.9596577E+00   0.1542863E-01  -0.3662892E-04
 47.00    30.00   49  0.9603224E+00   0.8761084E-03   0.7618833E-04
 48.00    30.00   49  0.8554473E+00   0.7549504E-03   0.1737890E-03
 49.00    30.00   49  0.7825658E+00   0.3796129E-02   0.2277957E-03
 50.00    30.00   49  0.7500001E+00   0.4474099E+03   0.2500000E-03
 46.00    31.00   49  0.3478409E+00   0.9346688E-02   0.1885878E-03
 47.00    31.00   49  0.9994693E+00   0.9108458E-03   0.6913499E-05
 48.00    31.00   49  0.9270294E+00   0.4672660E-03   0.1115662E-03
 49.00    31.00   49  0.8872629E+00   0.1402074E-02   0.1476681E-03
 50.00    31.00   49  0.7721781E+00   0.4966152E-01   0.2349892E-03
 46.00    32.00   49  0.3896580E+00   0.1332089E-01   0.1643920E-03
 47.00    32.00   49  0.8555582E+00   0.1091711E-02  -0.2925907E-04
 48.00    32.00   49  0.9942732E+00   0.4373784E-03  -0.1891970E-04
 49.00    32.00   49  0.9988739E+00   0.5694283E-03   0.1024420E-04
 50.00    32.00   49  0.9526770E+00   0.3949984E-02   0.8495539E-04
 46.00    33.00   49  0.2670290E+00   0.2001520E-01   0.2387734E-03
 47.00    33.00   49  0.7105157E+00   0.1411244E-02   0.1382135E-04
 48.00    33.00   49  0.7275459E+00   0.4293633E-03   0.7702503E-05
 49.00    33.00   49  0.8566014E+00   0.3989039E-03  -0.2947531E-04
 50.00    33.00   49  0.9059306E+00   0.2328653E-02  -0.3723684E-04
 51.00    33.00   49  0.6938236E+00   0.7435679E-01   0.2338970E-03
 46.00    34.00   49  0.3328253E-01   0.7680727E-02   0.4315781E-03
 47.00    34.00   49  0.7918237E+00   0.3512752E-02  -0.1311506E-04
 48.00    34.00   49  0.4660300E+00   0.6195256E-03   0.1229809E-03
 49.00    34.00   49  0.5905822E+00   0.3336838E-03   0.6275962E-04
 50.00    34.00   49  0.9373873E+00   0.2267509E-02  -0.3862957E-04
 46.00    35.00   49  0.3430042E-01   0.1377812E-01   0.4303110E-03
 47.00    35.00   49  0.1565604E+00   0.3275127E-02   0.3168194E-03
 48.00    35.00   49  0.1650596E+00   0.6415647E-03   0.3103041E-03
 49.00    35.00   49  0.4303436E+00   0.3064761E-03   0.1418982E-03
 50.00    35.00   49  0.9221269E+00   0.2098020E-02  -0.3842026E-04
 46.00    36.00   49  0.6851393E-01   0.2953481E-01   0.3928163E-03
 47.00    36.00   49  0.5807496E-02   0.9525725E-03   0.4751612E-03
 48.00    36.00   49  0.3977142E-01   0.2674975E-03   0.4237009E-03
 49.00    36.00   49  0.3719644E+00   0.2861742E-03   0.1744928E-03
 50.00    36.00   49  0.9255471E+00   0.2369698E-02  -0.4401500E-04
 48.00    37.00   49  0.1609918E+00   0.5943772E-03   0.3134093E-03
 49.00    37.00   49  0.6109492E+00   0.3599936E-03   0.5378627E-04
 50.00    37.00   49  0.9980493E+00   0.6967841E-02  -0.1290220E-02
 48.00    38.00   49  0.1914130E+00   0.5150877E-03   0.2907249E-03
 49.00    38.00   49  0.6761986E+00   0.3717982E-03   0.2682232E-04
 54.00    38.00   49  0.7149487E+00   0.4750794E-02   0.2393616E-03
 55.00    38.00   49  0.7500000E+00   0.3226084E+00   0.2500000E-03
 48.00    39.00   49  0.2196862E+00   0.5248497E-03   0.2706356E-03
 49.00    39.00   49  0.6232979E+00   0.3380496E-03   0.4847083E-04
 54.00    39.00   49  0.5661345E+00   0.4778448E-03   0.2138612E-03
 55.00    39.00   49  0.7499999E+00   0.7613507E-02   0.2500000E-03
 48.00    40.00   49  0.1981329E+00   0.5508057E-03   0.2858698E-03
 49.00    40.00   49  0.5301589E+00   0.2750512E-03   0.9084577E-04
 50.00    40.00   49  0.8352319E+00   0.1493458E-02  -0.2247627E-03
 54.00    40.00   49  0.2302433E+00   0.1001667E-03   0.2569422E-03
 55.00    40.00   49  0.7422528E+00   0.1326103E-02   0.2474704E-03
 48.00    41.00   49  0.1855858E+00   0.5720287E-03   0.2949783E-03
 49.00    41.00   49  0.6100627E+00   0.2453987E-03   0.5417145E-04
 50.00    41.00   49  0.8418187E+00   0.8529943E-03  -0.2642215E-04
 54.00    41.00   49  0.3222383E-03   0.1767966E-05   0.4896377E-03
 55.00    41.00   49  0.7008814E+00   0.3652904E-03   0.2356476E-03
 56.00    41.00   49  0.7500000E+00   0.5922529E+00   0.2500000E-03
 47.00    42.00   49  0.1308267E+00   0.3538397E+00   0.3372423E-03
 48.00    42.00   49  0.1128068E+00   0.5021213E-03   0.3522724E-03
 49.00    42.00   49  0.5063980E+00   0.1924067E-03   0.1024752E-03
 50.00    42.00   49  0.9281167E+00   0.3672032E-03  -0.3862154E-04
 51.00    42.00   49  0.9373310E+00   0.8319390E-03   0.9908786E-04
 55.00    42.00   49  0.6535481E+00   0.1345355E-03   0.2240314E-03
 56.00    42.00   49  0.7528763E+00   0.5004762E-01   0.2480788E-03
 47.00    43.00   49  0.3828311E-05   0.5955117E-03   0.4994333E-03
 48.00    43.00   49  0.1328267E-01   0.2996317E-03   0.4603104E-03
 49.00    43.00   49  0.1401416E+00   0.1165720E-03   0.3297203E-03
 50.00    43.00   49  0.4475744E+00   0.1425197E-03   0.1326708E-03
 51.00    43.00   49  0.9438909E+00   0.2446834E-03  -0.3837893E-04
 52.00    43.00   49  0.9397097E+00   0.4851786E-03   0.9852721E-04
 53.00    43.00   49  0.5526958E-02   0.7528465E-04   0.4559578E-03
 54.00    43.00   49  0.2229598E+00   0.2672629E-04   0.2592884E-03
 55.00    43.00   49  0.6414845E+00   0.6937826E-04   0.2173911E-03
 56.00    43.00   49  0.7908411E+00   0.8821522E-02   0.2219860E-03
 48.00    44.00   49  0.4066627E-02   0.8518879E-03   0.4795953E-03
 49.00    44.00   49  0.3455479E-01   0.1939062E-03   0.4299963E-03
 50.00    44.00   49  0.5778283E-01   0.6021934E-04   0.4037514E-03
 51.00    44.00   49  0.2077233E+00   0.8762228E-04   0.2790294E-03
 52.00    44.00   49  0.9961087E+00   0.2825999E-03  -0.1602719E-04
 53.00    44.00   49  0.7501580E+00   0.1782552E-03   0.2280520E-03
 54.00    44.00   49  0.6244237E+00   0.3128655E-04   0.2196490E-03
 55.00    44.00   49  0.7014907E+00   0.4700440E-04   0.2311692E-03
 56.00    44.00   49  0.7770798E+00   0.1607427E-02   0.2315274E-03
 48.00    45.00   49  0.2877155E-02   0.2235568E-01   0.4830995E-03
 49.00    45.00   49  0.2026520E-01   0.9389171E-03   0.4491913E-03
 50.00    45.00   49  0.1805246E-01   0.6802635E-04   0.4525392E-03
 51.00    45.00   49  0.2721261E-01   0.3127913E-04   0.4394256E-03
 52.00    45.00   49  0.8079785E+00   0.2338141E-03  -0.1769542E-04
 53.00    45.00   49  0.7847106E+00   0.8129795E-04   0.2242395E-03
 54.00    45.00   49  0.7301863E+00   0.2741849E-04   0.2428083E-03
 55.00    45.00   49  0.7374310E+00   0.3866752E-04   0.2424501E-03
 56.00    45.00   49  0.7678094E+00   0.5675773E-03   0.2370841E-03
 57.00    45.00   49  0.7500001E+00   0.2651669E+02   0.2500000E-03
 49.00    46.00   49  0.1120079E-02   0.1868540E-01   0.4897841E-03
 50.00    46.00   49  0.9072527E-02   0.2602213E-03   0.4680925E-03
 51.00    46.00   49  0.1491634E-01   0.4039316E-04   0.4575492E-03
 52.00    46.00   49  0.4934589E+00   0.1964398E-03   0.1089453E-03
 53.00    46.00   49  0.7968533E+00   0.6377092E-04   0.2175374E-03
 54.00    46.00   49  0.7542236E+00   0.2823206E-04   0.2457884E-03
 55.00    46.00   49  0.7549022E+00   0.4056426E-04   0.2440987E-03
 56.00    46.00   49  0.7728593E+00   0.4004560E-03   0.2333760E-03
 57.00    46.00   49  0.7500000E+00   0.1999070E+00   0.2500000E-03
 50.00    47.00   49  0.6127425E-01   0.2173926E-01   0.4001292E-03
 51.00    47.00   49  0.7590709E-02   0.1170318E-03   0.4711496E-03
 52.00    47.00   49  0.7958253E-01   0.1045307E-03   0.3820800E-03
 53.00    47.00   49  0.8239917E+00   0.8935507E-04   0.1979395E-03
 54.00    47.00   49  0.7645493E+00   0.3066941E-04   0.2401664E-03
 55.00    47.00   49  0.7677899E+00   0.4758299E-04   0.2379816E-03
 56.00    47.00   49  0.7853645E+00   0.4194978E-03   0.2258389E-03
 57.00    47.00   49  0.7500000E+00   0.6381242E-01   0.2500000E-03
 51.00    48.00   49  0.4237830E-02   0.4162060E-03   0.4791286E-03
 52.00    48.00   49  0.1484089E-01   0.9666625E-04   0.4576742E-03
 53.00    48.00   49  0.8741481E+00   0.1976459E-03   0.1586744E-03
 54.00    48.00   49  0.7791963E+00   0.4282324E-04   0.2301411E-03
 55.00    48.00   49  0.7849277E+00   0.6703892E-04   0.2261448E-03
 56.00    48.00   49  0.7816951E+00   0.7559878E-03   0.2284028E-03
 57.00    48.00   49  0.7500000E+00   0.1709602E+00   0.2500000E-03
 51.00    49.00   49  0.3007611E-03   0.4782073E-03   0.4948440E-03
 52.00    49.00   49  0.7006879E-02   0.2580047E-03   0.4724172E-03
 53.00    49.00   49  0.9332484E+00   0.5759367E-03   0.1054267E-03
 54.00    49.00   49  0.8102763E+00   0.9110449E-04   0.2080462E-03
 55.00    49.00   49  0.8137790E+00   0.1556142E-03   0.2054874E-03
 56.00    49.00   49  0.8280193E+00   0.2795115E-02   0.1949260E-03
 57.00    49.00   49  0.7500000E+00   0.1117243E+01   0.2500000E-03
 50.00    50.00   49  0.7500000E+00   0.3373892E+00   0.2500000E-03
 51.00    50.00   49  0.8822021E+00   0.1177731E+00   0.1519587E-03
 52.00    50.00   49  0.1204752E-03   0.3312580E-03   0.4967714E-03
 53.00    50.00   49  0.9814796E+00   0.3467499E-02   0.4818058E-04
 54.00    50.00   49  0.8703191E+00   0.3450621E-03   0.1618215E-03
 55.00    50.00   49  0.8803693E+00   0.7033733E-03   0.1534988E-03
 56.00    50.00   49  0.9691414E+00   0.3044007E-01   0.6535099E-04
 50.00    51.00   49  0.7499999E+00   0.4944558E+00   0.2500000E-03
 51.00    51.00   49  0.7499999E+00   0.1458446E+00   0.2500000E-03
 53.00    51.00   49  0.9163612E+00   0.6013134E-01   0.1217377E-03
 54.00    51.00   49  0.8918149E+00   0.2773645E-02   0.1437591E-03
 55.00    51.00   49  0.9230670E+00   0.4170424E-02   0.1153942E-03
 56.00    51.00   49  0.7642856E+00   0.8984488E-01   0.2403838E-03
 53.00    52.00   49  0.7500000E+00   0.4748606E+01   0.2500000E-03
 54.00    52.00   49  0.9953282E+00   0.7720111E-01   0.2202048E-04
 55.00    52.00   49  0.8287688E+00   0.1478453E-01   0.1943627E-03
 56.00    52.00   49  0.7500000E+00   0.3070771E+00   0.2500000E-03
 54.00    53.00   49  0.7500000E+00   0.4469242E+01   0.2500000E-03
 55.00    53.00   49  0.7500002E+00   0.4148476E+00   0.2500000E-03
 46.00    27.00   50  0.3433446E-02   0.3069914E-03   0.4813973E-03
 47.00    27.00   50  0.2202487E-01   0.1563264E-02   0.4466204E-03
 46.00    28.00   50  0.3524272E-01   0.9370933E-03   0.4291491E-03
 47.00    28.00   50  0.9944894E+00   0.6353894E-02  -0.1861516E-04
 48.00    28.00   50  0.3669879E-01   0.2237352E-01   0.4273736E-03
 46.00    29.00   50  0.9779563E-01   0.2089342E-02   0.3653547E-03
 47.00    29.00   50  0.9993970E+00   0.3302386E-02   0.7386494E-05
 48.00    29.00   50  0.9138469E+00   0.4106900E-01   0.1240761E-03
 49.00    29.00   50  0.7500002E+00   0.5462734E+01   0.2500000E-03
 46.00    30.00   50  0.1101430E+00   0.7146809E-02   0.3545536E-03
 47.00    30.00   50  0.9990772E+00   0.3075976E-02   0.9225216E-05
 48.00    30.00   50  0.8235095E+00   0.3318138E-02   0.1982989E-03
 49.00    30.00   50  0.7574642E+00   0.2211363E-01   0.2449989E-03
 46.00    31.00   50  0.1886663E-01   0.1945856E-01   0.4512913E-03
 47.00    31.00   50  0.9946367E+00   0.2294395E-02   0.2376593E-04
 48.00    31.00   50  0.8661922E+00   0.1025826E-02   0.1651821E-03
 49.00    31.00   50  0.8000004E+00   0.3171174E-02   0.2154698E-03
 50.00    31.00   50  0.7500000E+00   0.3644723E+01   0.2500000E-03
 46.00    32.00   50  0.2038416E+00   0.9890035E-01   0.2817857E-03
 47.00    32.00   50  0.9999871E+00   0.2442940E-02   0.1049892E-05
 48.00    32.00   50  0.9292984E+00   0.6142486E-03   0.1093457E-03
 49.00    32.00   50  0.8683265E+00   0.1623818E-02   0.1634480E-03
 50.00    32.00   50  0.7586074E+00   0.2804487E-01   0.2442285E-03
 46.00    33.00   50  0.5382879E+00   0.1736749E+00   0.8694222E-04
 47.00    33.00   50  0.9997108E+00   0.2744668E-02   0.5053997E-05
 48.00    33.00   50  0.9780310E+00   0.5181464E-03   0.5329927E-04
 49.00    33.00   50  0.9671930E+00   0.5753047E-03   0.6782540E-04
 50.00    33.00   50  0.9262839E+00   0.2002448E-02   0.1122913E-03
 51.00    33.00   50  0.7500000E+00   0.5185263E+00   0.2500000E-03
 46.00    34.00   50  0.8081064E-03   0.5479437E-02   0.4913930E-03
 47.00    34.00   50  0.9694417E+00   0.4123505E-02  -0.3440701E-04
 48.00    34.00   50  0.9081768E+00   0.6491466E-03  -0.3745093E-04
 49.00    34.00   50  0.9702523E+00   0.3989797E-03  -0.3416929E-04
 50.00    34.00   50  0.9737306E+00   0.1030654E-02  -0.3303459E-04
 51.00    34.00   50  0.7843836E+00   0.2876175E-01   0.2265257E-03
 46.00    35.00   50  0.5084504E-02   0.8447900E-02   0.4769260E-03
 47.00    35.00   50  0.7105086E+00   0.5426393E-02   0.1382397E-04
 48.00    35.00   50  0.7648873E+00   0.9692686E-03  -0.4861911E-05
 49.00    35.00   50  0.6655048E+00   0.3884528E-03   0.3104674E-04
 50.00    35.00   50  0.7869899E+00   0.7024853E-03  -0.1168862E-04
 51.00    35.00   50  0.9868444E+00   0.2175403E-01   0.1622943E-04
 47.00    36.00   50  0.1862798E+00   0.5180818E-02   0.2944696E-03
 48.00    36.00   50  0.4005614E+00   0.1901879E-02   0.1582650E-03
 49.00    36.00   50  0.3301609E+00   0.3111955E-03   0.1991640E-03
 50.00    36.00   50  0.5665272E+00   0.5564356E-03   0.7368223E-04
 46.00    37.00   50  0.1129406E-02   0.8287727E-02   0.4897394E-03
 47.00    37.00   50  0.4560779E-01   0.3241997E-02   0.4169690E-03
 48.00    37.00   50  0.1914765E-01   0.5713070E-03   0.4508650E-03
 49.00    37.00   50  0.1816797E+00   0.2542922E-03   0.2978528E-03
 50.00    37.00   50  0.5642200E+00   0.6182025E-03   0.7474795E-04
 46.00    38.00   50  0.2524548E+00   0.1198684E+01   0.2483661E-03
 47.00    38.00   50  0.3260825E+00   0.1829262E-01   0.2016343E-03
 48.00    38.00   50  0.2094132E-02   0.2327894E-03   0.4857566E-03
 49.00    38.00   50  0.2497381E+00   0.2750415E-03   0.2501747E-03
 50.00    38.00   50  0.6371478E+00   0.6502072E-03   0.4207387E-04
 55.00    38.00   50  0.7416916E+00   0.3018125E+00   0.2472912E-03
 48.00    39.00   50  0.1968672E-01   0.9332225E-03   0.4500535E-03
 49.00    39.00   50  0.3452577E+00   0.3359793E-03   0.1901199E-03
 50.00    39.00   50  0.7467212E+00   0.6418962E-03  -0.6909773E-05
 54.00    39.00   50  0.2010157E+00   0.1238294E-02   0.2686213E-03
 55.00    39.00   50  0.7500000E+00   0.8445536E-02   0.2500000E-03
 56.00    39.00   50  0.7500000E+00   0.4628096E+00   0.2500000E-03
 48.00    40.00   50  0.4576665E-01   0.1761807E-02   0.4167898E-03
 49.00    40.00   50  0.3675397E+00   0.3032196E-03   0.1770497E-03
 50.00    40.00   50  0.6481254E+00   0.5066111E-03   0.3219847E-04
 54.00    40.00   50  0.1265686E+00   0.1333183E-03   0.3080374E-03
 55.00    40.00   50  0.7355140E+00   0.1239111E-02   0.2453544E-03
 56.00    40.00   50  0.7500001E+00   0.3386828E+00   0.2500000E-03
 48.00    41.00   50  0.2564064E+00   0.9734393E-02   0.2457472E-03
 49.00    41.00   50  0.4783349E+00   0.3783039E-03   0.1166305E-03
 50.00    41.00   50  0.6034506E+00   0.4116133E-03   0.5698093E-04
 55.00    41.00   50  0.6304060E+00   0.2993566E-03   0.2213160E-03
 56.00    41.00   50  0.7500000E+00   0.3262368E-01   0.2500000E-03
 48.00    42.00   50  0.6946947E-01   0.7355621E-02   0.3918694E-03
 49.00    42.00   50  0.4707549E+00   0.3392921E-03   0.1205321E-03
 50.00    42.00   50  0.7103702E+00   0.3110498E-03   0.1387461E-04
 51.00    42.00   50  0.9533778E+00   0.2752477E-02  -0.1289730E-03
 55.00    42.00   50  0.3812508E+00   0.9247273E-04   0.2195191E-03
 56.00    42.00   50  0.7500001E+00   0.3991804E-02   0.2500000E-03
 48.00    43.00   50  0.5059215E-03   0.3939298E-03   0.4932556E-03
 49.00    43.00   50  0.1507202E+00   0.1734771E-03   0.3213588E-03
 50.00    43.00   50  0.6231679E+00   0.1942391E-03   0.4852633E-04
 51.00    43.00   50  0.9897107E+00   0.4790712E-03  -0.2398645E-04
 52.00    43.00   50  0.8858516E+00   0.1127744E-02   0.1279002E-03
 55.00    43.00   50  0.2831842E+00   0.3851926E-04   0.2394998E-03
 56.00    43.00   50  0.7478399E+00   0.8865781E-03   0.2474335E-03
 48.00    44.00   50  0.2900179E-01   0.1035657E-01   0.4370561E-03
 49.00    44.00   50  0.5354672E-01   0.2517604E-03   0.4082398E-03
 50.00    44.00   50  0.2558354E+00   0.1351737E-03   0.2461247E-03
 51.00    44.00   50  0.6242103E+00   0.1776449E-03   0.4808191E-04
 52.00    44.00   50  0.9872477E+00   0.2880743E-03  -0.2601405E-04
 53.00    44.00   50  0.8520914E+00   0.5748529E-03   0.1717203E-03
 54.00    44.00   50  0.6368964E-01   0.5191187E-04   0.3588357E-03
 55.00    44.00   50  0.4703964E+00   0.3190220E-04   0.2108783E-03
 56.00    44.00   50  0.7384463E+00   0.2996764E-03   0.2433484E-03
 48.00    45.00   50  0.1094431E-01   0.3071156E-01   0.4644938E-03
 49.00    45.00   50  0.2234854E-01   0.1339652E-02   0.4461554E-03
 50.00    45.00   50  0.4718511E-01   0.1597568E-03   0.4151984E-03
 51.00    45.00   50  0.6784023E-01   0.5627005E-04   0.3934863E-03
 52.00    45.00   50  0.3216382E+00   0.1290468E-03   0.2043393E-03
 53.00    45.00   50  0.9652596E+00   0.2822662E-03   0.7023287E-04
 54.00    45.00   50  0.6738867E+00   0.9614353E-04   0.2257835E-03
 55.00    45.00   50  0.6560757E+00   0.2799656E-04   0.2245261E-03
 56.00    45.00   50  0.7347717E+00   0.1397804E-03   0.2388558E-03
 57.00    45.00   50  0.9697875E+00   0.9105320E-01   0.6451929E-04
 49.00    46.00   50  0.6388570E-02   0.2147436E-01   0.4738062E-03
 50.00    46.00   50  0.1121640E-01   0.5062029E-03   0.4639909E-03
 51.00    46.00   50  0.1196849E-01   0.4134201E-04   0.4626241E-03
 52.00    46.00   50  0.5137116E-01   0.4640687E-04   0.4105884E-03
 53.00    46.00   50  0.9988864E+00   0.2217038E-03  -0.9071082E-05
 54.00    46.00   50  0.7603022E+00   0.5907142E-04   0.2365464E-03
 55.00    46.00   50  0.7308866E+00   0.2662097E-04   0.2429926E-03
 56.00    46.00   50  0.7454814E+00   0.8796554E-04   0.2431230E-03
 57.00    46.00   50  0.7636229E+00   0.6526503E-02   0.2408340E-03
 50.00    47.00   50  0.4737591E-04   0.8017700E-03   0.4979894E-03
 51.00    47.00   50  0.9134457E-02   0.1856789E-03   0.4679692E-03
 52.00    47.00   50  0.1028066E-01   0.2976701E-04   0.4657407E-03
 53.00    47.00   50  0.9218528E+00   0.2482367E-03  -0.3840768E-04
 54.00    47.00   50  0.7790692E+00   0.4955974E-04   0.2297817E-03
 55.00    47.00   50  0.7524832E+00   0.2822699E-04   0.2453977E-03
 56.00    47.00   50  0.7553994E+00   0.7278334E-04   0.2440854E-03
 57.00    47.00   50  0.7930582E+00   0.2625132E-02   0.2204171E-03
 51.00    48.00   50  0.1427084E-01   0.4168056E-02   0.4586263E-03
 52.00    48.00   50  0.4269805E-02   0.4787363E-04   0.4790423E-03
 53.00    48.00   50  0.5288364E+00   0.3194579E-03   0.9148451E-04
 54.00    48.00   50  0.7869291E+00   0.5539227E-04   0.2247363E-03
 55.00    48.00   50  0.7672328E+00   0.3010476E-04   0.2383176E-03
 56.00    48.00   50  0.7687889E+00   0.8022041E-04   0.2372527E-03
 57.00    48.00   50  0.7844115E+00   0.1754802E-02   0.2265060E-03
 51.00    49.00   50  0.3141953E-02   0.1612559E-01   0.4822733E-03
 52.00    49.00   50  0.5109298E-02   0.1391145E-03   0.4768638E-03
 53.00    49.00   50  0.2371134E+00   0.4048571E-03   0.2586662E-03
 54.00    49.00   50  0.8029207E+00   0.8645956E-04   0.2133725E-03
 55.00    49.00   50  0.7766032E+00   0.3902207E-04   0.2319381E-03
 56.00    49.00   50  0.7852529E+00   0.1211357E-03   0.2259170E-03
 57.00    49.00   50  0.7787812E+00   0.3068310E-02   0.2304290E-03
 52.00    50.00   50  0.1567107E-02   0.2858917E-03   0.4877977E-03
 53.00    50.00   50  0.4322110E+00   0.1826270E-02   0.1408897E-03
 54.00    50.00   50  0.8213543E+00   0.1766823E-03   0.1999015E-03
 55.00    50.00   50  0.7937819E+00   0.7734344E-04   0.2199038E-03
 56.00    50.00   50  0.7998775E+00   0.2912684E-03   0.2155579E-03
 57.00    50.00   50  0.8504618E+00   0.1500746E-01   0.1777159E-03
 52.00    51.00   50  0.5033208E-01   0.2708935E-01   0.4117212E-03
 53.00    51.00   50  0.4437915E+00   0.1674969E-01   0.1346816E-03
 54.00    51.00   50  0.8490226E+00   0.5971858E-03   0.1788421E-03
 55.00    51.00   50  0.8252695E+00   0.2532290E-03   0.1969858E-03
 56.00    51.00   50  0.8226324E+00   0.1488186E-02   0.1989518E-03
 57.00    51.00   50  0.7500001E+00   0.1370889E+00   0.2500000E-03
 53.00    52.00   50  0.1549341E+00   0.3272058E+00   0.3180782E-03
 54.00    52.00   50  0.8259217E+00   0.4560372E-02   0.1964981E-03
 55.00    52.00   50  0.8308027E+00   0.1269114E-02   0.1928305E-03
 56.00    52.00   50  0.8147087E+00   0.9812648E-02   0.2048057E-03
 54.00    53.00   50  0.7975385E+00   0.2740120E+00   0.2172304E-03
 55.00    53.00   50  0.9158239E+00   0.1475230E-01   0.1222390E-03
 56.00    53.00   50  0.7549759E+00   0.2278551E-01   0.2466717E-03
 55.00    54.00   50  0.7499999E+00   0.3485832E-01   0.2500000E-03
 56.00    54.00   50  0.7500000E+00   0.3859617E-01   0.2500000E-03
 55.00    55.00   50  0.7500002E+00   0.3330970E+02   0.2500000E-03
 56.00    55.00   50  0.7500000E+00   0.3178405E+02   0.2500000E-03
 46.00    28.00   51  0.2194793E-03   0.8922904E-04   0.4956141E-03
 47.00    28.00   51  0.7176813E-01   0.2515239E-02   0.3896079E-03
 48.00    28.00   51  0.7625533E-03   0.2502095E-02   0.4916502E-03
 46.00    29.00   51  0.5775082E-03   0.1244505E-03   0.4927760E-03
 47.00    29.00   51  0.9217203E+00   0.5602605E-02  -0.3840157E-04
 48.00    29.00   51  0.8527557E+00   0.4117132E-01  -0.2866972E-04
 46.00    30.00   51  0.1065119E-03   0.6070668E-04   0.4969676E-03
 47.00    30.00   51  0.6333243E+00   0.4606437E-02   0.4422621E-04
 48.00    30.00   51  0.8597932E+00   0.1163910E-01  -0.3012503E-04
 49.00    30.00   51  0.7500000E+00   0.1724464E+01   0.2500000E-03
 47.00    31.00   51  0.3782921E+00   0.2843673E-02   0.1708578E-03
 48.00    31.00   51  0.9970721E+00   0.4533430E-02   0.1706148E-04
 49.00    31.00   51  0.7499998E+00   0.1308629E-01   0.2500001E-03
 50.00    31.00   51  0.7500000E+00   0.1019130E+01   0.2500000E-03
 47.00    32.00   51  0.9826143E+00   0.7161892E-02  -0.2903794E-04
 48.00    32.00   51  0.8990585E+00   0.2385905E-02   0.1374345E-03
 49.00    32.00   51  0.7553218E+00   0.4250525E-02   0.2464395E-03
 50.00    32.00   51  0.7500000E+00   0.1525583E+00   0.2500000E-03
 47.00    33.00   51  0.7110076E+00   0.1379499E-01   0.1364131E-04
 48.00    33.00   51  0.9418753E+00   0.1497914E-02   0.9660627E-04
 49.00    33.00   51  0.8150641E+00   0.1827642E-02   0.2045449E-03
 50.00    33.00   51  0.7651680E+00   0.3395583E-01   0.2397836E-03
 51.00    33.00   51  0.7500002E+00   0.1825101E+02   0.2500000E-03
 47.00    34.00   51  0.6445019E+00   0.1997857E-01   0.3957070E-04
 48.00    34.00   51  0.9903599E+00   0.1212366E-02   0.3302653E-04
 49.00    34.00   51  0.9281757E+00   0.9759219E-03   0.1104470E-03
 50.00    34.00   51  0.9017876E+00   0.2769463E-02   0.1350165E-03
 51.00    34.00   51  0.7938362E+00   0.5380898E-01   0.2198652E-03
 47.00    35.00   51  0.8435233E+00   0.1678721E-01  -0.2663926E-04
 48.00    35.00   51  0.9942976E+00   0.1315222E-02  -0.1888565E-04
 49.00    35.00   51  0.9985931E+00   0.5999921E-03  -0.1011672E-04
 50.00    35.00   51  0.9929681E+00   0.9590336E-03  -0.2060604E-04
 51.00    35.00   51  0.9877445E+00   0.1148933E-01   0.3788905E-04
 47.00    36.00   51  0.8763483E+00   0.2031536E-01  -0.3320136E-04
 48.00    36.00   51  0.9252731E+00   0.1956673E-02  -0.3854377E-04
 49.00    36.00   51  0.8430808E+00   0.6628071E-03  -0.2653862E-04
 50.00    36.00   51  0.8965209E+00   0.6431551E-03  -0.3618619E-04
 51.00    36.00   51  0.9741933E+00   0.5997649E-02  -0.3286853E-04
 47.00    37.00   51  0.4496150E+00   0.4573821E-01   0.1315897E-03
 48.00    37.00   51  0.7648306E+00   0.5614445E-02  -0.4843809E-05
 49.00    37.00   51  0.5160900E+00   0.9831908E-03   0.9769225E-04
 50.00    37.00   51  0.6975307E+00   0.5952882E-03   0.1863824E-04
 51.00    37.00   51  0.9995342E+00   0.5157196E-02   0.6461225E-05
 47.00    38.00   51  0.4451425E-01   0.7991045E-02   0.4182081E-03
 48.00    38.00   51  0.3952318E+00   0.9800023E-02   0.1612507E-03
 49.00    38.00   51  0.1355847E+00   0.7525051E-03   0.3333806E-03
 50.00    38.00   51  0.4389944E+00   0.5162677E-03   0.1372436E-03
 51.00    38.00   51  0.9135085E+00   0.6084789E-02  -0.6020471E-04
 47.00    39.00   51  0.9995056E+00   0.6488543E-01  -0.6170885E-05
 48.00    39.00   51  0.6597098E+00   0.4439047E-01   0.3336885E-04
 49.00    39.00   51  0.1751752E+00   0.8435739E-03   0.3026821E-03
 50.00    39.00   51  0.4161069E+00   0.4341602E-03   0.1496552E-03
 55.00    39.00   51  0.4047652E+00   0.4308558E-01   0.2166096E-03
 47.00    40.00   51  0.4065973E+00   0.3930505E+00   0.1549046E-03
 48.00    40.00   51  0.5523709E-01   0.4295250E-01   0.4064358E-03
 49.00    40.00   51  0.1355872E+00   0.5689298E-03   0.3333786E-03
 50.00    40.00   51  0.3693471E+00   0.3440655E-03   0.1760038E-03
 55.00    40.00   51  0.7322732E+00   0.2121132E-02   0.2443642E-03
 56.00    40.00   51  0.7500001E+00   0.3519075E+00   0.2500000E-03
 49.00    41.00   51  0.1105170E+00   0.5566403E-03   0.3542323E-03
 50.00    41.00   51  0.3217321E+00   0.2836508E-03   0.2042820E-03
 55.00    41.00   51  0.4785043E+00   0.4066514E-03   0.2115918E-03
 56.00    41.00   51  0.7499569E+00   0.1432903E-01   0.2499856E-03
 49.00    42.00   51  0.1526966E+00   0.1027344E-02   0.3198168E-03
 50.00    42.00   51  0.5200298E+00   0.2994997E-03   0.9576342E-04
 51.00    42.00   51  0.5365877E+00   0.6631103E-03   0.5100871E-04
 55.00    42.00   51  0.1840457E+00   0.8687097E-04   0.2762644E-03
 56.00    42.00   51  0.7308065E+00   0.1553894E-02   0.2439217E-03
 49.00    43.00   51  0.1067727E+00   0.1110580E-02   0.3574638E-03
 50.00    43.00   51  0.4880671E+00   0.2422474E-03   0.1116700E-03
 51.00    43.00   51  0.6964651E+00   0.4938524E-03   0.1903920E-04
 56.00    43.00   51  0.6625547E+00   0.3852902E-03   0.2264374E-03
 57.00    43.00   51  0.7500001E+00   0.3199577E+01   0.2500000E-03
 49.00    44.00   51  0.4160583E-01   0.1191897E-02   0.4215525E-03
 50.00    44.00   51  0.3013587E+00   0.1895963E-03   0.2168626E-03
 51.00    44.00   51  0.5813712E+00   0.2037915E-03   0.6690106E-04
 52.00    44.00   51  0.9982063E+00   0.5149351E-03   0.1311232E-04
 53.00    44.00   51  0.8796146E+00   0.1309986E-02   0.1143726E-03
 55.00    44.00   51  0.1604653E-04   0.3662138E-06   0.4976838E-03
 56.00    44.00   51  0.5770077E+00   0.1140883E-03   0.2109872E-03
 57.00    44.00   51  0.7500000E+00   0.5669629E-01   0.2500000E-03
 49.00    45.00   51  0.8965749E-03   0.1269766E-02   0.4909118E-03
 50.00    45.00   51  0.7129619E-01   0.2902028E-03   0.3900703E-03
 51.00    45.00   51  0.2078772E+00   0.1317300E-03   0.2789204E-03
 52.00    45.00   51  0.6895525E+00   0.2221577E-03   0.2166044E-04
 53.00    45.00   51  0.9923124E+00   0.4235329E-03  -0.2136914E-04
 54.00    45.00   51  0.8076872E+00   0.1171287E-02   0.1489650E-03
 55.00    45.00   51  0.3308694E+00   0.5754925E-04   0.2282929E-03
 56.00    45.00   51  0.5964180E+00   0.6728067E-04   0.2163429E-03
 57.00    45.00   51  0.7500000E+00   0.4944718E-02   0.2500000E-03
 49.00    46.00   51  0.2765244E-02   0.1124860E-01   0.4834583E-03
 50.00    46.00   51  0.2005534E-01   0.1329580E-02   0.4495031E-03
 51.00    46.00   51  0.5394841E-01   0.1677224E-03   0.4078095E-03
 52.00    46.00   51  0.6932794E-01   0.6814481E-04   0.3920094E-03
 53.00    46.00   51  0.5188584E+00   0.2354429E-03   0.9633595E-04
 54.00    46.00   51  0.8801878E+00   0.2852843E-03   0.1521350E-03
 55.00    46.00   51  0.6769331E+00   0.6004139E-04   0.2290947E-03
 56.00    46.00   51  0.6809633E+00   0.4649722E-04   0.2307512E-03
 57.00    46.00   51  0.7477947E+00   0.8466562E-03   0.2489082E-03
 51.00    47.00   51  0.3289554E-01   0.8132659E-03   0.4320632E-03
 52.00    47.00   51  0.2471737E-01   0.6251465E-04   0.4428209E-03
 53.00    47.00   51  0.9932446E-01   0.7892980E-04   0.3639959E-03
 54.00    47.00   51  0.9518977E+00   0.1894594E-03   0.8548118E-04
 55.00    47.00   51  0.7418508E+00   0.4867164E-04   0.2408986E-03
 56.00    47.00   51  0.7307994E+00   0.3645890E-04   0.2422983E-03
 57.00    47.00   51  0.7526544E+00   0.3087709E-03   0.2461914E-03
 58.00    47.00   51  0.7500001E+00   0.6673227E+00   0.2500000E-03
 51.00    48.00   51  0.1005409E-01   0.6510890E-02   0.4661734E-03
 52.00    48.00   51  0.2632465E-01   0.2904643E-03   0.4406211E-03
 53.00    48.00   51  0.4360407E-01   0.7559136E-04   0.4192469E-03
 54.00    48.00   51  0.9803122E+00   0.1921359E-03   0.4994831E-04
 55.00    48.00   51  0.7652192E+00   0.4209340E-04   0.2384644E-03
 56.00    48.00   51  0.7536148E+00   0.3565340E-04   0.2448457E-03
 57.00    48.00   51  0.7674878E+00   0.1970217E-03   0.2374364E-03
 58.00    48.00   51  0.9333420E+00   0.8109170E-01   0.1053329E-03
 52.00    49.00   51  0.6052974E-03   0.5898138E-03   0.4925973E-03
 53.00    49.00   51  0.1217596E-01   0.7601303E-04   0.4622528E-03
 54.00    49.00   51  0.9999986E+00   0.3076575E-03  -0.3590249E-06
 55.00    49.00   51  0.7713112E+00   0.4497287E-04   0.2355846E-03
 56.00    49.00   51  0.7641609E+00   0.4031208E-04   0.2400237E-03
 57.00    49.00   51  0.7787659E+00   0.1836705E-03   0.2298632E-03
 58.00    49.00   51  0.7995380E+00   0.1654291E-01   0.2158010E-03
 52.00    50.00   51  0.3322025E-02   0.2456815E-02   0.4817283E-03
 53.00    50.00   51  0.7459347E-02   0.1011675E-03   0.4714314E-03
 54.00    50.00   51  0.9618773E+00   0.5432187E-03  -0.3621774E-04
 55.00    50.00   51  0.7871882E+00   0.5929645E-04   0.2245594E-03
 56.00    50.00   51  0.7802709E+00   0.5309226E-04   0.2293942E-03
 57.00    50.00   51  0.7917898E+00   0.3011861E-03   0.2213154E-03
 58.00    50.00   51  0.8029547E+00   0.2082676E-01   0.2133480E-03
 52.00    51.00   51  0.8228740E+00   0.9692923E-01  -0.2164597E-04
 53.00    51.00   51  0.6020195E-01   0.1083415E-02   0.4012346E-03
 54.00    51.00   51  0.9896349E+00   0.9516270E-03   0.3441959E-04
 55.00    51.00   51  0.8072761E+00   0.1018253E-03   0.2102265E-03
 56.00    51.00   51  0.8009768E+00   0.1014578E-03   0.2147698E-03
 57.00    51.00   51  0.7983248E+00   0.8253992E-03   0.2166689E-03
 58.00    51.00   51  0.9323440E+00   0.1750557E+00   0.1063301E-03
 52.00    52.00   51  0.9812842E+00   0.5500124E+00  -0.2976327E-04
 53.00    52.00   51  0.8379379E+00   0.6222084E-01  -0.2534792E-04
 54.00    52.00   51  0.9182206E+00   0.2932900E-02   0.1199947E-03
 55.00    52.00   51  0.8389993E+00   0.2746418E-03   0.1865976E-03
 56.00    52.00   51  0.8203217E+00   0.4075239E-03   0.2006672E-03
 57.00    52.00   51  0.8186668E+00   0.5919581E-02   0.2018914E-03
 54.00    53.00   51  0.7547885E+00   0.2568069E-01   0.2467974E-03
 55.00    53.00   51  0.8468595E+00   0.1420849E-02   0.1805287E-03
 56.00    53.00   51  0.8349424E+00   0.2469813E-02   0.1896945E-03
 57.00    53.00   51  0.8516039E+00   0.8149842E-01   0.1768199E-03
 54.00    54.00   51  0.7500000E+00   0.1108130E+01   0.2500000E-03
 55.00    54.00   51  0.8868291E+00   0.3355208E-01   0.1480384E-03
 56.00    54.00   51  0.7962433E+00   0.2272571E-01   0.2181538E-03
 57.00    54.00   51  0.7499999E+00   0.2205118E+00   0.2500000E-03
 55.00    55.00   51  0.7500001E+00   0.9767438E-01   0.2500000E-03
 56.00    55.00   51  0.7500001E+00   0.2591961E-01   0.2500000E-03
 47.00    29.00   52  0.5645280E-03   0.2018721E-03   0.4928609E-03
 48.00    29.00   52  0.1041596E-02   0.6317398E-03   0.4901675E-03
 47.00    30.00   52  0.3982525E+00   0.7371433E-02   0.1595564E-03
 48.00    30.00   52  0.9489601E+00   0.2037912E-01  -0.3801141E-04
 47.00    31.00   52  0.7667814E-01   0.1679399E-02   0.3848503E-03
 48.00    31.00   52  0.8139220E+00   0.1372143E-01  -0.1930463E-04
 47.00    32.00   52  0.1474638E+00   0.2740604E-02   0.3239132E-03
 48.00    32.00   52  0.7119284E+00   0.9204413E-02   0.1330511E-04
 49.00    32.00   52  0.7765551E+00   0.5632958E-01   0.2319712E-03
 50.00    32.00   52  0.7500000E+00   0.4755341E+00   0.2500000E-03
 47.00    33.00   52  0.7518905E+00   0.1149084E-01  -0.6285845E-06
 48.00    33.00   52  0.9689121E+00   0.5996018E-02  -0.3455713E-04
 49.00    33.00   52  0.7783791E+00   0.7495205E-02   0.2307079E-03
 50.00    33.00   52  0.7580074E+00   0.3636998E-01   0.2446329E-03
 47.00    34.00   52  0.7106455E+00   0.3080058E-01   0.1377385E-04
 48.00    34.00   52  0.9739529E+00   0.3056081E-02   0.5900231E-04
 49.00    34.00   52  0.8321289E+00   0.2426277E-02   0.1918283E-03
 50.00    34.00   52  0.7823939E+00   0.1771203E-01   0.2279157E-03
 51.00    34.00   52  0.7500000E+00   0.3549615E+01   0.2500000E-03
 47.00    35.00   52  0.6970475E+00   0.9116780E-01   0.1881993E-04
 48.00    35.00   52  0.9271305E+00   0.1756939E-02   0.1114678E-03
 49.00    35.00   52  0.8860938E+00   0.1118824E-02   0.1486645E-03
 50.00    35.00   52  0.8713840E+00   0.3898272E-02   0.1609492E-03
 51.00    35.00   52  0.7837428E+00   0.2930213E-01   0.2269738E-03
 47.00    36.00   52  0.1578507E+00   0.3380025E-01   0.3158234E-03
 48.00    36.00   52  0.9939675E+00   0.1785195E-02   0.2536963E-04
 49.00    36.00   52  0.9614539E+00   0.6811990E-03   0.7484629E-04
 50.00    36.00   52  0.9999703E+00   0.1229288E-02   0.1590000E-05
 51.00    36.00   52  0.9987393E+00   0.7513062E-02   0.1087465E-04
 52.00    36.00   52  0.8540008E-01   0.4277219E+00   0.3386444E-03
 47.00    37.00   52  0.2179651E+00   0.2956021E-01   0.2718341E-03
 48.00    37.00   52  0.9919926E+00   0.3190878E-02  -0.2172444E-04
 49.00    37.00   52  0.9528002E+00   0.8372446E-03  -0.3761833E-04
 50.00    37.00   52  0.9292584E+00   0.6611107E-03  -0.3864337E-04
 51.00    37.00   52  0.8508289E+00   0.2695575E-02  -0.2825697E-04
 47.00    38.00   52  0.1714465E+00   0.2501232E-01   0.3054755E-03
 48.00    38.00   52  0.8292060E+00   0.4987781E-02  -0.2323982E-04
 49.00    38.00   52  0.8939545E+00   0.1462533E-02  -0.3585912E-04
 50.00    38.00   52  0.6844033E+00   0.6330995E-03   0.2363566E-04
 51.00    38.00   52  0.7764670E+00   0.1445237E-02  -0.8499133E-05
 47.00    39.00   52  0.3374659E-02   0.2809072E-02   0.4815714E-03
 48.00    39.00   52  0.8602609E+00   0.8600168E-02  -0.3021886E-04
 49.00    39.00   52  0.7636853E+00   0.4548927E-02  -0.4476926E-05
 50.00    39.00   52  0.3878779E+00   0.5988083E-03   0.1653994E-03
 51.00    39.00   52  0.6518435E+00   0.9997784E-03   0.3655753E-04
 47.00    40.00   52  0.8767463E-03   0.3754895E-02   0.4910178E-03
 48.00    40.00   52  0.9897265E-01   0.6296779E-02   0.3643080E-03
 49.00    40.00   52  0.2377533E-01   0.1341171E-02   0.4441331E-03
 50.00    40.00   52  0.2714486E+00   0.5166801E-03   0.2358999E-03
 51.00    40.00   52  0.5429604E+00   0.7856236E-03   0.8466473E-04
 56.00    40.00   52  0.7500000E+00   0.3328617E+01   0.2500000E-03
 49.00    41.00   52  0.4256669E-02   0.1271285E-02   0.4790777E-03
 50.00    41.00   52  0.2324394E+00   0.5059220E-03   0.2618475E-03
 51.00    41.00   52  0.5375814E+00   0.6741403E-03   0.8720154E-04
 55.00    41.00   52  0.5816813E+00   0.8619869E-03   0.2152029E-03
 56.00    41.00   52  0.7395352E+00   0.5883568E-02   0.2466078E-03
 49.00    42.00   52  0.2441710E-03   0.1201970E-02   0.4953677E-03
 50.00    42.00   52  0.3088491E+00   0.6790457E-03   0.2122022E-03
 51.00    42.00   52  0.7310914E+00   0.6264322E-03   0.6457267E-05
 56.00    42.00   52  0.6779464E+00   0.1283085E-02   0.2302254E-03
 57.00    42.00   52  0.7499999E+00   0.3216129E+01   0.2500000E-03
 50.00    43.00   52  0.2171484E+00   0.7461788E-03   0.2724038E-03
 51.00    43.00   52  0.6157572E+00   0.4561020E-03   0.5170525E-04
 56.00    43.00   52  0.4241508E+00   0.2991066E-03   0.2146658E-03
 57.00    43.00   52  0.7500000E+00   0.1024718E+00   0.2500000E-03
 50.00    44.00   52  0.1260199E+00   0.7309238E-03   0.3411869E-03
 51.00    44.00   52  0.5271689E+00   0.3175588E-03   0.9229121E-04
 52.00    44.00   52  0.6705167E+00   0.9956348E-03   0.1205475E-04
 56.00    44.00   52  0.2484405E+00   0.7699941E-04   0.2476081E-03
 57.00    44.00   52  0.7678861E+00   0.4000893E-02   0.2366286E-03
 50.00    45.00   52  0.4234518E-01   0.6917240E-03   0.4206953E-03
 51.00    45.00   52  0.3528140E+00   0.3201564E-03   0.1856509E-03
 52.00    45.00   52  0.6521125E+00   0.4453607E-03   0.3644769E-04
 53.00    45.00   52  0.9993950E+00   0.7285297E-03  -0.7049239E-05
 54.00    45.00   52  0.8424011E+00   0.1887418E-02   0.5978902E-04
 56.00    45.00   52  0.2452665E+00   0.4771316E-04   0.2499838E-03
 57.00    45.00   52  0.7152119E+00   0.6455592E-03   0.2349364E-03
 50.00    46.00   52  0.1129342E-01   0.1508495E-02   0.4638494E-03
 51.00    46.00   52  0.1945111E+00   0.5508122E-03   0.2884799E-03
 52.00    46.00   52  0.3409509E+00   0.2686694E-03   0.1926842E-03
 53.00    46.00   52  0.6485607E+00   0.2954762E-03   0.3790038E-04
 54.00    46.00   52  0.9999787E+00   0.5265287E-03  -0.1321023E-05
 55.00    46.00   52  0.5504605E+00   0.5501207E-03   0.1733806E-03
 56.00    46.00   52  0.4766237E+00   0.5818614E-04   0.2116380E-03
 57.00    46.00   52  0.6854275E+00   0.2263094E-03   0.2319101E-03
 58.00    46.00   52  0.7500001E+00   0.2678926E+02   0.2500000E-03
 50.00    47.00   52  0.4333443E-02   0.2169367E-01   0.4788713E-03
 51.00    47.00   52  0.3059335E-02   0.8126502E-03   0.4825278E-03
 52.00    47.00   52  0.5667112E-01   0.1977579E-03   0.4049190E-03
 53.00    47.00   52  0.9239949E-01   0.8917906E-04   0.3702031E-03
 54.00    47.00   52  0.5499440E+00   0.3124844E-03   0.8141232E-04
 55.00    47.00   52  0.8385466E+00   0.3087045E-03   0.1768537E-03
 56.00    47.00   52  0.6615093E+00   0.5493635E-04   0.2266650E-03
 57.00    47.00   52  0.7076561E+00   0.1146437E-03   0.2371653E-03
 58.00    47.00   52  0.7500000E+00   0.2547470E-01   0.2500000E-03
 52.00    48.00   52  0.5132234E-01   0.1332525E-02   0.4106414E-03
 53.00    48.00   52  0.2097791E-01   0.7783731E-04   0.4481410E-03
 54.00    48.00   52  0.2340372E+00   0.1641700E-03   0.2607576E-03
 55.00    48.00   52  0.8949749E+00   0.1923228E-03   0.1387873E-03
 56.00    48.00   52  0.7279462E+00   0.5326101E-04   0.2419862E-03
 57.00    48.00   52  0.7348154E+00   0.7313327E-04   0.2439868E-03
 58.00    48.00   52  0.7611001E+00   0.2855597E-02   0.2418763E-03
 52.00    49.00   52  0.5318083E-02   0.7048925E-02   0.4763453E-03
 53.00    49.00   52  0.6202669E-02   0.1096591E-03   0.4742341E-03
 54.00    49.00   52  0.1163131E+00   0.1240174E-03   0.3492942E-03
 55.00    49.00   52  0.9130201E+00   0.1568491E-03   0.1244520E-03
 56.00    49.00   52  0.7524124E+00   0.5351263E-04   0.2448008E-03
 57.00    49.00   52  0.7522435E+00   0.6394625E-04   0.2455622E-03
 58.00    49.00   52  0.7753731E+00   0.1182165E-02   0.2316435E-03
 53.00    50.00   52  0.2898053E-02   0.2854645E-03   0.4830331E-03
 54.00    50.00   52  0.4898068E-01   0.1577737E-03   0.4132056E-03
 55.00    50.00   52  0.8705198E+00   0.1836262E-03   0.1616573E-03
 56.00    50.00   52  0.7590894E+00   0.5242490E-04   0.2438214E-03
 57.00    50.00   52  0.7603774E+00   0.6947539E-04   0.2427712E-03
 58.00    50.00   52  0.7863547E+00   0.7646197E-03   0.2251445E-03
 59.00    50.00   52  0.7500001E+00   0.2698784E+01   0.2500000E-03
 53.00    51.00   52  0.8085052E-02   0.6727272E-03   0.4701058E-03
 54.00    51.00   52  0.2879017E-01   0.2126431E-03   0.4373337E-03
 55.00    51.00   52  0.8729807E+00   0.2367162E-03   0.1596369E-03
 56.00    51.00   52  0.7742673E+00   0.5524468E-04   0.2335509E-03
 57.00    51.00   52  0.7719569E+00   0.8751558E-04   0.2351411E-03
 58.00    51.00   52  0.7698839E+00   0.9698963E-03   0.2365635E-03
 59.00    51.00   52  0.7500001E+00   0.3387558E+01   0.2500000E-03
 53.00    52.00   52  0.2646401E+00   0.1116002E-01   0.2403334E-03
 54.00    52.00   52  0.8084694E-01   0.1086584E-02   0.3808837E-03
 55.00    52.00   52  0.8350912E+00   0.3359278E-03   0.1895812E-03
 56.00    52.00   52  0.7842841E+00   0.8919791E-04   0.2265953E-03
 57.00    52.00   52  0.7851171E+00   0.1500814E-03   0.2260122E-03
 58.00    52.00   52  0.7911720E+00   0.2860851E-02   0.2217521E-03
 59.00    52.00   52  0.7500000E+00   0.8698003E+00   0.2500000E-03
 53.00    53.00   52  0.3788491E-02   0.9308862E-02   0.4803713E-03
 54.00    53.00   52  0.7806434E+00   0.5767054E-01  -0.9778538E-05
 55.00    53.00   52  0.8532397E+00   0.7071015E-03   0.1755328E-03
 56.00    53.00   52  0.8179348E+00   0.2329312E-03   0.2024318E-03
 57.00    53.00   52  0.8052963E+00   0.5895392E-03   0.2116593E-03
 58.00    53.00   52  0.7934673E+00   0.1614948E-01   0.2201271E-03
 54.00    54.00   52  0.7500000E+00   0.5189449E+00   0.2500000E-03
 55.00    54.00   52  0.8384249E+00   0.2967839E-02   0.1870375E-03
 56.00    54.00   52  0.8704066E+00   0.1043567E-02   0.1617497E-03
 57.00    54.00   52  0.8574845E+00   0.4744511E-02   0.1721724E-03
 58.00    54.00   52  0.7642595E+00   0.5208960E+00   0.2404015E-03
 55.00    55.00   52  0.8253937E+00   0.4227005E-01   0.1968930E-03
 56.00    55.00   52  0.8257023E+00   0.8607812E-02   0.1966622E-03
 57.00    55.00   52  0.7785283E+00   0.4052173E-01   0.2306046E-03
 58.00    55.00   52  0.7500000E+00   0.4373999E+02   0.2500000E-03
 55.00    56.00   52  0.7500001E+00   0.6182366E+01   0.2500000E-03
 56.00    56.00   52  0.7500000E+00   0.1616786E-01   0.2500000E-03
 57.00    56.00   52  0.7500000E+00   0.6561974E-01   0.2500000E-03
 56.00    57.00   52  0.7500001E+00   0.1242183E+01   0.2500000E-03
 57.00    57.00   52  0.7500001E+00   0.2763685E+01   0.2500000E-03
 47.00    31.00   53  0.4827024E-02   0.4646361E-03   0.4775788E-03
 48.00    31.00   53  0.2549634E+00   0.1074089E-01   0.2467020E-03
 47.00    32.00   53  0.1189041E-01   0.8564528E-03   0.4627645E-03
 48.00    32.00   53  0.9971431E+00   0.1577968E-01  -0.1397886E-04
 49.00    32.00   53  0.2407373E-01   0.5857164E-01   0.4437156E-03
 47.00    33.00   53  0.7243318E-02   0.7976129E-03   0.4718990E-03
 48.00    33.00   53  0.8753999E+00   0.1233904E-01  -0.3303925E-04
 49.00    33.00   53  0.9933909E+00   0.1356945E+00   0.2669511E-04
 50.00    33.00   53  0.7500001E+00   0.4991086E+00   0.2500000E-03
 47.00    34.00   53  0.4638175E-01   0.2090939E-02   0.4160978E-03
 48.00    34.00   53  0.7456179E+00   0.6355151E-02   0.1469161E-05
 49.00    34.00   53  0.8427129E+00   0.1986273E-01   0.1837419E-03
 50.00    34.00   53  0.7500000E+00   0.4068342E-01   0.2500000E-03
 47.00    35.00   53  0.1498384E+00   0.7630092E-02   0.3220490E-03
 48.00    35.00   53  0.9991996E+00   0.5238039E-02   0.8564908E-05
 49.00    35.00   53  0.8297142E+00   0.4450893E-02   0.1936513E-03
 50.00    35.00   53  0.7891105E+00   0.1286430E-01   0.2232068E-03
 47.00    36.00   53  0.8737241E-01   0.2408525E-01   0.3747977E-03
 48.00    36.00   53  0.9061429E+00   0.3672333E-02   0.1311147E-03
 49.00    36.00   53  0.8775059E+00   0.1681702E-02   0.1558908E-03
 50.00    36.00   53  0.9060359E+00   0.6015728E-02   0.1312112E-03
 51.00    36.00   53  0.8286082E+00   0.1698409E+00   0.1944835E-03
 47.00    37.00   53  0.8896598E+00   0.1550670E+00   0.1456159E-03
 48.00    37.00   53  0.9638546E+00   0.5333617E-02  -0.3580912E-04
 49.00    37.00   53  0.9480076E+00   0.9756567E-03   0.9008526E-04
 50.00    37.00   53  0.9809219E+00   0.1128454E-02   0.4902956E-04
 51.00    37.00   53  0.9998895E+00   0.4094103E-02   0.3089546E-05
 52.00    37.00   53  0.7996694E+00   0.5413321E-01   0.2157070E-03
 47.00    38.00   53  0.8591700E+00   0.9882072E-01   0.1708296E-03
 48.00    38.00   53  0.8613146E+00   0.5827081E-02  -0.3042864E-04
 49.00    38.00   53  0.9967291E+00   0.9590592E-03   0.1811818E-04
 50.00    38.00   53  0.9993535E+00   0.5852557E-03   0.7661758E-05
 51.00    38.00   53  0.9681995E+00   0.1072143E-02  -0.3475323E-04
 52.00    38.00   53  0.9234959E+00   0.1145346E-01   0.1149826E-03
 47.00    39.00   53  0.4771468E-01   0.2750354E-01   0.4146081E-03
 48.00    39.00   53  0.5201392E+00   0.9170030E-02   0.9570998E-04
 49.00    39.00   53  0.8924996E+00   0.1441426E-02  -0.3566639E-04
 50.00    39.00   53  0.7405225E+00   0.6765871E-03   0.3198569E-05
 51.00    39.00   53  0.8404942E+00   0.6760319E-03  -0.2594467E-04
 52.00    39.00   53  0.9999162E+00   0.4844110E-02   0.2640067E-05
 48.00    40.00   53  0.2097611E+00   0.5471713E-02   0.2775888E-03
 49.00    40.00   53  0.6021494E+00   0.2821765E-02   0.5763205E-04
 50.00    40.00   53  0.2295112E+00   0.7503128E-03   0.2638512E-03
 51.00    40.00   53  0.4885253E+00   0.5233891E-03   0.1114378E-03
 52.00    40.00   53  0.7700614E+00   0.3069382E-02  -0.8041738E-05
 48.00    41.00   53  0.1274877E+00   0.1101465E-01   0.3399776E-03
 49.00    41.00   53  0.7434031E+00   0.1318811E-01   0.2218119E-05
 50.00    41.00   53  0.3973375E-01   0.4283369E-03   0.4237454E-03
 51.00    41.00   53  0.3265919E+00   0.4900750E-03   0.2013251E-03
 52.00    41.00   53  0.4876778E+00   0.2297644E-02   0.4571985E-04
 56.00    41.00   53  0.6982939E+00   0.1462128E-01   0.2349971E-03
 57.00    41.00   53  0.7500000E+00   0.3309169E+02   0.2500000E-03
 49.00    42.00   53  0.1579930E-01   0.7714401E-02   0.4561031E-03
 50.00    42.00   53  0.3324414E-01   0.8284870E-03   0.4316262E-03
 51.00    42.00   53  0.4694927E+00   0.5900740E-03   0.1211850E-03
 52.00    42.00   53  0.9493276E+00   0.2318796E-02  -0.4353267E-03
 56.00    42.00   53  0.6797633E+00   0.1800740E-02   0.2306271E-03
 57.00    42.00   53  0.7500000E+00   0.2049101E+00   0.2500000E-03
 50.00    43.00   53  0.6494014E-01   0.3456173E-02   0.3963945E-03
 51.00    43.00   53  0.4310345E+00   0.6459076E-03   0.1415248E-03
 52.00    43.00   53  0.8572395E+00   0.1285526E-02  -0.1744223E-03
 56.00    43.00   53  0.3153362E+00   0.3533743E-03   0.2317344E-03
 57.00    43.00   53  0.7488047E+00   0.1370176E-01   0.2496029E-03
 50.00    44.00   53  0.7984254E-03   0.1323807E-02   0.4914472E-03
 51.00    44.00   53  0.3280714E+00   0.7648081E-03   0.2004282E-03
 52.00    44.00   53  0.5835428E+00   0.6694790E-03   0.6081056E-04
 57.00    44.00   53  0.6746300E+00   0.1612985E-02   0.2295039E-03
 50.00    45.00   53  0.2910878E-06   0.8964535E-04   0.4998441E-03
 51.00    45.00   53  0.3171338E+00   0.8467700E-03   0.2070953E-03
 52.00    45.00   53  0.4844671E+00   0.3831797E-03   0.1134986E-03
 53.00    45.00   53  0.8693195E+00   0.1725522E-02  -0.8998555E-04
 57.00    45.00   53  0.5470924E+00   0.2909528E-03   0.2126081E-03
 58.00    45.00   53  0.7500001E+00   0.4986550E+02   0.2500000E-03
 50.00    46.00   53  0.8968709E-03   0.3759499E-02   0.4909103E-03
 51.00    46.00   53  0.1137817E+00   0.7058006E-03   0.3514415E-03
 52.00    46.00   53  0.5231605E+00   0.3702540E-03   0.9423713E-04
 53.00    46.00   53  0.7457535E+00   0.5007709E-03   0.1423527E-05
 54.00    46.00   53  0.9998254E+00   0.8748648E-03  -0.3313937E-05
 56.00    46.00   53  0.6911139E-02   0.1568638E-04   0.4521680E-03
 57.00    46.00   53  0.4615884E+00   0.1218205E-03   0.2121780E-03
 58.00    46.00   53  0.7500001E+00   0.2748162E-01   0.2500000E-03
 50.00    47.00   53  0.9960793E+00   0.1277016E+02  -0.1607998E-04
 51.00    47.00   53  0.2386179E-01   0.3220672E-02   0.4440120E-03
 52.00    47.00   53  0.3148366E+00   0.6199463E-03   0.2085064E-03
 53.00    47.00   53  0.3758448E+00   0.2721864E-03   0.1722606E-03
 54.00    47.00   53  0.8177903E+00   0.4124909E-03  -0.2032873E-04
 55.00    47.00   53  0.9748486E+00   0.6818015E-03   0.5158092E-04
 56.00    47.00   53  0.3342649E+00   0.1557263E-03   0.2258182E-03
 57.00    47.00   53  0.5327090E+00   0.8237548E-04   0.2119432E-03
 58.00    47.00   53  0.7404705E+00   0.2784405E-02   0.2469032E-03
 52.00    48.00   53  0.3424133E-01   0.1746895E-02   0.4303842E-03
 53.00    48.00   53  0.1825456E+00   0.3494910E-03   0.2972138E-03
 54.00    48.00   53  0.3501069E+00   0.2094791E-03   0.1872476E-03
 55.00    48.00   53  0.9513068E+00   0.4935155E-03  -0.3778376E-04
 56.00    48.00   53  0.6560103E+00   0.2078918E-03   0.2144744E-03
 57.00    48.00   53  0.6584908E+00   0.6535371E-04   0.2262056E-03
 58.00    48.00   53  0.7374984E+00   0.6314510E-03   0.2459695E-03
 59.00    48.00   53  0.7499999E+00   0.2703767E+01   0.2500000E-03
 52.00    49.00   53  0.7188684E-01   0.6372303E-01   0.3894917E-03
 53.00    49.00   53  0.7071577E-01   0.6098990E-03   0.3906404E-03
 54.00    49.00   53  0.1189174E+00   0.1191051E-03   0.3470997E-03
 55.00    49.00   53  0.7055116E+00   0.2970307E-03   0.1566255E-04
 56.00    49.00   53  0.7872106E+00   0.1730663E-03   0.2076382E-03
 57.00    49.00   53  0.7209316E+00   0.5402890E-04   0.2399005E-03
 58.00    49.00   53  0.7434133E+00   0.2281242E-03   0.2434836E-03
 59.00    49.00   53  0.7767857E+00   0.6261683E-01   0.2318119E-03
 53.00    50.00   53  0.5768134E-01   0.4643939E-02   0.4038577E-03
 54.00    50.00   53  0.1891242E-01   0.1182149E-03   0.4512217E-03
 55.00    50.00   53  0.4415625E+00   0.3354286E-03   0.1358704E-03
 56.00    50.00   53  0.8188364E+00   0.1431202E-03   0.1988149E-03
 57.00    50.00   53  0.7399965E+00   0.5156569E-04   0.2445877E-03
 58.00    50.00   53  0.7517420E+00   0.1397360E-03   0.2433261E-03
 59.00    50.00   53  0.7772539E+00   0.1286378E-01   0.2314877E-03
 53.00    51.00   53  0.3010990E-02   0.2449794E-01   0.4826781E-03
 54.00    51.00   53  0.9692025E-02   0.2322564E-03   0.4668726E-03
 55.00    51.00   53  0.3261411E+00   0.4060420E-03   0.2015987E-03
 56.00    51.00   53  0.8068145E+00   0.1134692E-03   0.2103389E-03
 57.00    51.00   53  0.7544301E+00   0.5127687E-04   0.2434707E-03
 58.00    51.00   53  0.7621993E+00   0.1279063E-03   0.2387330E-03
 59.00    51.00   53  0.8236623E+00   0.6821271E-02   0.1981851E-03
 53.00    52.00   53  0.7500002E+00   0.7582902E+00   0.2500000E-03
 54.00    52.00   53  0.1887734E-02   0.1282236E-03   0.4865256E-03
 55.00    52.00   53  0.2860560E+00   0.4796689E-03   0.2265151E-03
 56.00    52.00   53  0.7941709E+00   0.1016026E-03   0.2196278E-03
 57.00    52.00   53  0.7658972E+00   0.4873829E-04   0.2389790E-03
 58.00    52.00   53  0.7711580E+00   0.1397594E-03   0.2348834E-03
 59.00    52.00   53  0.7939109E+00   0.4620874E-02   0.2198123E-03
 53.00    53.00   53  0.9996331E+00   0.2480116E+00   0.5712151E-05
 54.00    53.00   53  0.2541123E+00   0.4827301E-02   0.2472659E-03
 55.00    53.00   53  0.9763017E+00   0.1681801E-02  -0.3206055E-04
 56.00    53.00   53  0.8061897E+00   0.1233400E-03   0.2110133E-03
 57.00    53.00   53  0.7791248E+00   0.6229879E-04   0.2301906E-03
 58.00    53.00   53  0.7799661E+00   0.2176572E-03   0.2296062E-03
 59.00    53.00   53  0.7853317E+00   0.1124295E-01   0.2258618E-03
 53.00    54.00   53  0.2432613E-04   0.2382120E-02   0.4985641E-03
 54.00    54.00   53  0.5483636E+00   0.1626607E+00   0.8215746E-04
 55.00    54.00   53  0.9263701E+00   0.2351710E-02   0.1122076E-03
 56.00    54.00   53  0.8214639E+00   0.1934065E-03   0.1998200E-03
 57.00    54.00   53  0.7997651E+00   0.1416425E-03   0.2156383E-03
 58.00    54.00   53  0.7883394E+00   0.5646330E-03   0.2237498E-03
 59.00    54.00   53  0.9296033E+00   0.8483383E-01   0.1090458E-03
 55.00    55.00   53  0.8223408E+00   0.6718301E-02   0.1991686E-03
 56.00    55.00   53  0.8417405E+00   0.6239099E-03   0.1844916E-03
 57.00    55.00   53  0.8243138E+00   0.7254935E-03   0.1976994E-03
 58.00    55.00   53  0.8453813E+00   0.4988510E-02   0.1816772E-03
 59.00    55.00   53  0.7500000E+00   0.7056725E+00   0.2500000E-03
 55.00    56.00   53  0.9973153E+00   0.1248337E+00   0.1627990E-04
 56.00    56.00   53  0.9066568E+00   0.4881433E-02   0.1306509E-03
 57.00    56.00   53  0.8979596E+00   0.8843713E-02   0.1384025E-03
 58.00    56.00   53  0.8501951E+00   0.1674614E+00   0.1779249E-03
 56.00    57.00   53  0.7499999E+00   0.4028299E-01   0.2500000E-03
 57.00    57.00   53  0.7499999E+00   0.8458823E-01   0.2500001E-03
 48.00    33.00   54  0.1144216E+00   0.6505714E-02   0.3508974E-03
 49.00    33.00   54  0.6912154E+00   0.2237452E+00   0.2102662E-04
 47.00    34.00   54  0.1850635E-03   0.1696411E-03   0.4959808E-03
 48.00    34.00   54  0.4003311E+00   0.1268082E-01   0.1583937E-03
 49.00    34.00   54  0.9657987E+00   0.6488957E-01  -0.3536476E-04
 47.00    35.00   54  0.5667313E-02   0.8803952E-03   0.4754961E-03
 48.00    35.00   54  0.3579870E+00   0.7539494E-02   0.1826133E-03
 49.00    35.00   54  0.9739935E+00   0.3630429E-01  -0.3294070E-04
 50.00    35.00   54  0.7499999E+00   0.2147715E+00   0.2500000E-03
 47.00    36.00   54  0.1610185E-02   0.4062362E-03   0.4876206E-03
 48.00    36.00   54  0.8715977E+00   0.7050936E-02  -0.3237143E-04
 49.00    36.00   54  0.9326890E+00   0.9952381E-02   0.1059859E-03
 50.00    36.00   54  0.7586777E+00   0.1061698E-01   0.2441811E-03
 51.00    36.00   54  0.7500000E+00   0.4797267E+00   0.2500000E-03
 47.00    37.00   54  0.1811436E-02   0.1288558E-02   0.4868191E-03
 48.00    37.00   54  0.9862946E+00   0.6993361E-02  -0.2671027E-04
 49.00    37.00   54  0.8729067E+00   0.2930020E-02   0.1596979E-03
 50.00    37.00   54  0.7629350E+00   0.3252053E-02   0.2413009E-03
 51.00    37.00   54  0.7504419E+00   0.3359431E-01   0.2497052E-03
 52.00    37.00   54  0.7500000E+00   0.1154886E+01   0.2500000E-03
 47.00    38.00   54  0.5432095E-01   0.1470770E-01   0.4074113E-03
 48.00    38.00   54  0.9848894E+00   0.8545804E-02  -0.2766104E-04
 49.00    38.00   54  0.9484152E+00   0.1403953E-02   0.8964364E-04
 50.00    38.00   54  0.8694022E+00   0.1247189E-02   0.1625709E-03
 51.00    38.00   54  0.8773180E+00   0.2394055E-02   0.1560472E-03
 52.00    38.00   54  0.9132652E+00   0.1891322E-01   0.1246140E-03
 47.00    39.00   54  0.7500000E+00   0.2094998E+01   0.2500000E-03
 48.00    39.00   54  0.9592311E+00   0.1532585E-01  -0.3670232E-04
 49.00    39.00   54  0.9957405E+00   0.1076420E-02   0.2092967E-04
 50.00    39.00   54  0.9873407E+00   0.6962808E-03   0.3860338E-04
 51.00    39.00   54  0.9981003E+00   0.7812276E-03  -0.1162017E-04
 52.00    39.00   54  0.9688383E+00   0.2669960E-02  -0.3457780E-04
 48.00    40.00   54  0.7629753E+00   0.3699530E-01  -0.4248985E-05
 49.00    40.00   54  0.9493308E+00   0.2267802E-02  -0.3797800E-04
 50.00    40.00   54  0.9181805E+00   0.8817517E-03  -0.3821304E-04
 51.00    40.00   54  0.8236539E+00   0.5875235E-03  -0.2184516E-04
 52.00    40.00   54  0.7638576E+00   0.9541300E-03  -0.4532281E-05
 53.00    40.00   54  0.8766129E+00   0.3626069E-01  -0.1397419E-02
 48.00    41.00   54  0.6257917E+00   0.5481776E-01   0.4740903E-04
 49.00    41.00   54  0.7081023E+00   0.4789086E-02   0.1470689E-04
 50.00    41.00   54  0.6111346E+00   0.1882434E-02   0.5370571E-04
 51.00    41.00   54  0.2618076E+00   0.5616599E-03   0.2421893E-03
 52.00    41.00   54  0.3478467E+00   0.5105599E-03   0.1885845E-03
 53.00    41.00   54  0.6712587E-01   0.1163684E-01  -0.1058392E-02
 48.00    42.00   54  0.8392105E-03   0.1855603E-02   0.4912213E-03
 49.00    42.00   54  0.2622220E+00   0.7689746E-02   0.2419174E-03
 50.00    42.00   54  0.2050266E+00   0.4530962E-02   0.2809425E-03
 51.00    42.00   54  0.1057477E+00   0.5698153E-03   0.3583544E-03
 52.00    42.00   54  0.3274786E+00   0.4623324E-03   0.2007873E-03
 57.00    42.00   54  0.7493194E+00   0.7341463E-01   0.2497735E-03
 51.00    43.00   54  0.9623086E-01   0.9092753E-03   0.3667521E-03
 52.00    43.00   54  0.5269632E+00   0.6523994E-03   0.9239092E-04
 56.00    43.00   54  0.2052586E-01   0.2222542E-03   0.4181372E-03
 57.00    43.00   54  0.7349672E+00   0.7023125E-02   0.2451861E-03
 51.00    44.00   54  0.1812273E+00   0.4612454E-02   0.2981868E-03
 52.00    44.00   54  0.5157809E+00   0.6264630E-03   0.9784388E-04
 57.00    44.00   54  0.5911874E+00   0.1325466E-02   0.2161662E-03
 58.00    44.00   54  0.7500000E+00   0.1438602E+00   0.2500000E-03
 51.00    45.00   54  0.3454102E-01   0.6053862E-02   0.4300133E-03
 52.00    45.00   54  0.2476005E+00   0.5286777E-03   0.2516022E-03
 53.00    45.00   54  0.6015711E+00   0.7840416E-03  -0.3634667E-04
 57.00    45.00   54  0.3833149E+00   0.3239101E-03   0.2189798E-03
 58.00    45.00   54  0.7500529E+00   0.5744631E-01   0.2499648E-03
 51.00    46.00   54  0.2045857E-02   0.3088865E-02   0.4859334E-03
 52.00    46.00   54  0.3194143E+00   0.8493427E-03   0.2056981E-03
 53.00    46.00   54  0.5636526E+00   0.4699669E-03   0.7294005E-04
 57.00    46.00   54  0.1500763E+00   0.1030300E-03   0.2915569E-03
 58.00    46.00   54  0.7258095E+00   0.7752007E-02   0.2389825E-03
 52.00    47.00   54  0.1979750E+00   0.1207095E-02   0.2859832E-03
 53.00    47.00   54  0.6109687E+00   0.4970381E-03   0.5377771E-04
 54.00    47.00   54  0.7776002E+00   0.7367777E-03  -0.1215957E-03
 57.00    47.00   54  0.1283050E+00   0.6475753E-04   0.3069011E-03
 58.00    47.00   54  0.6479654E+00   0.1044117E-02   0.2242411E-03
 52.00    48.00   54  0.7851684E-02   0.1468707E-02   0.4705954E-03
 53.00    48.00   54  0.3317414E+00   0.5858719E-03   0.1982099E-03
 54.00    48.00   54  0.5660823E+00   0.3830914E-03   0.7022216E-04
 55.00    48.00   54  0.9792500E+00   0.1693730E-02  -0.9601947E-03
 57.00    48.00   54  0.2391391E+00   0.7727292E-04   0.2536564E-03
 58.00    48.00   54  0.6471135E+00   0.3405313E-03   0.2241030E-03
 59.00    48.00   54  0.7500000E+00   0.1832813E+01   0.2500000E-03
 53.00    49.00   54  0.1229620E+00   0.1064026E-02   0.3437199E-03
 54.00    49.00   54  0.4124465E+00   0.3752532E-03   0.1516637E-03
 55.00    49.00   54  0.7291241E+00   0.4611158E-03  -0.4363246E-06
 56.00    49.00   54  0.2209722E+00   0.7130723E-03  -0.3267371E-05
 57.00    49.00   54  0.4130280E+00   0.9087685E-04   0.2147978E-03
 58.00    49.00   54  0.6683931E+00   0.1482127E-03   0.2281889E-03
 59.00    49.00   54  0.7498093E+00   0.1560037E-01   0.2499364E-03
 53.00    50.00   54  0.1603964E-01   0.4454312E-02   0.4557146E-03
 54.00    50.00   54  0.9873961E-01   0.4210158E-03   0.3645149E-03
 55.00    50.00   54  0.3062683E+00   0.2770839E-03   0.2138032E-03
 56.00    50.00   54  0.9853102E+00   0.5880594E-03  -0.4534930E-04
 57.00    50.00   54  0.6280644E+00   0.1076298E-03   0.2155653E-03
 58.00    50.00   54  0.6904408E+00   0.8363772E-04   0.2320549E-03
 59.00    50.00   54  0.7582388E+00   0.1950286E-02   0.2408564E-03
 54.00    51.00   54  0.1903892E-01   0.6557920E-03   0.4510297E-03
 55.00    51.00   54  0.3707693E-01   0.1147867E-03   0.4269163E-03
 56.00    51.00   54  0.7800279E+00   0.4795936E-03  -0.9667769E-05
 57.00    51.00   54  0.7480079E+00   0.1133263E-03   0.2221418E-03
 58.00    51.00   54  0.7309312E+00   0.6346309E-04   0.2407034E-03
 59.00    51.00   54  0.7626828E+00   0.5655693E-03   0.2359942E-03
 60.00    51.00   54  0.8363854E+00   0.3944916E+00   0.1885956E-03
 54.00    52.00   54  0.1040288E-03   0.3450739E-03   0.4970038E-03
 55.00    52.00   54  0.4999500E-02   0.6393067E-04   0.4771400E-03
 56.00    52.00   54  0.8569152E+00   0.5114831E-03  -0.2953986E-04
 57.00    52.00   54  0.7794026E+00   0.8911391E-04   0.2213802E-03
 58.00    52.00   54  0.7457924E+00   0.5886370E-04   0.2437764E-03
 59.00    52.00   54  0.7557503E+00   0.3469052E-03   0.2447023E-03
 60.00    52.00   54  0.7500000E+00   0.1218875E+00   0.2500000E-03
 54.00    53.00   54  0.1142063E-06   0.1375804E-04   0.4999024E-03
 55.00    53.00   54  0.7788036E-02   0.1168904E-03   0.4707299E-03
 56.00    53.00   54  0.9954638E+00   0.5316878E-03  -0.1712987E-04
 57.00    53.00   54  0.7726780E+00   0.6679336E-04   0.2335865E-03
 58.00    53.00   54  0.7590171E+00   0.5656874E-04   0.2420201E-03
 59.00    53.00   54  0.7729334E+00   0.3122767E-03   0.2338962E-03
 60.00    53.00   54  0.7567807E+00   0.4776399E-01   0.2454589E-03
 54.00    54.00   54  0.4385300E-07   0.7631004E-05   0.4999395E-03
 55.00    54.00   54  0.5283337E-01   0.6655985E-03   0.4090065E-03
 56.00    54.00   54  0.9320403E+00   0.4173445E-03   0.1066325E-03
 57.00    54.00   54  0.7792462E+00   0.6744023E-04   0.2301064E-03
 58.00    54.00   54  0.7687986E+00   0.6075735E-04   0.2373065E-03
 59.00    54.00   54  0.7752202E+00   0.4088086E-03   0.2328937E-03
 60.00    54.00   54  0.7534611E+00   0.7657608E-01   0.2476873E-03
 55.00    55.00   54  0.9475758E+00   0.9781735E-02  -0.3812811E-04
 56.00    55.00   54  0.8391504E+00   0.3192889E-03   0.1864819E-03
 57.00    55.00   54  0.7921853E+00   0.1009832E-03   0.2210355E-03
 58.00    55.00   54  0.7834902E+00   0.1224029E-03   0.2271503E-03
 59.00    55.00   54  0.8037872E+00   0.9374809E-03   0.2127483E-03
 60.00    55.00   54  0.7500000E+00   0.1600510E+00   0.2500000E-03
 54.00    56.00   54  0.4309459E+00   0.1546095E+00   0.1415726E-03
 55.00    56.00   54  0.9666815E+00   0.8931991E-02   0.6846670E-04
 56.00    56.00   54  0.8350637E+00   0.5206629E-03   0.1896023E-03
 57.00    56.00   54  0.8081855E+00   0.3053490E-03   0.2095667E-03
 58.00    56.00   54  0.7974578E+00   0.5577247E-03   0.2172880E-03
 59.00    56.00   54  0.8087150E+00   0.6164945E-02   0.2091821E-03
 60.00    56.00   54  0.7500000E+00   0.4399320E+01   0.2500000E-03
 54.00    57.00   54  0.6719700E-01   0.5338329E-01   0.3941280E-03
 55.00    57.00   54  0.8386310E+00   0.4528908E-02   0.1868798E-03
 56.00    57.00   54  0.8406004E+00   0.2498704E-02   0.1853688E-03
 57.00    57.00   54  0.8658137E+00   0.3627097E-02   0.1654887E-03
 58.00    57.00   54  0.8970957E+00   0.1528886E-01   0.1391614E-03
 59.00    57.00   54  0.9683003E+00   0.2745601E+00   0.6642542E-04
 54.00    58.00   54  0.7500001E+00   0.2042540E+02   0.2500000E-03
 55.00    58.00   54  0.7680811E+00   0.6043186E-01   0.2377970E-03
 56.00    58.00   54  0.8060101E+00   0.2738360E-01   0.2111431E-03
 57.00    58.00   54  0.7772068E+00   0.1918390E-01   0.2315203E-03
 58.00    58.00   54  0.8773835E+00   0.2843378E+01   0.1559928E-03
 56.00    59.00   54  0.7500001E+00   0.9948728E+00   0.2500000E-03
 57.00    59.00   54  0.7500001E+00   0.2591120E+00   0.2500000E-03
 48.00    34.00   55  0.1576211E-03   0.1018159E-03   0.4962973E-03
 49.00    34.00   55  0.2281613E+00   0.1734137E-01   0.2647777E-03
 50.00    34.00   55  0.7499999E+00   0.2909791E+00   0.2500000E-03
 48.00    35.00   55  0.9614343E-02   0.7603180E-03   0.4670238E-03
 49.00    35.00   55  0.8112835E+00   0.1677596E-01  -0.1859554E-04
 50.00    35.00   55  0.9056843E+00   0.2089870E+00   0.1315281E-03
 47.00    36.00   55  0.2150473E-03   0.1040463E-03   0.4956597E-03
 48.00    36.00   55  0.3469897E-01   0.1225879E-02   0.4298183E-03
 49.00    36.00   55  0.7178971E+00   0.1318062E-01   0.1114100E-04
 50.00    36.00   55  0.9173703E+00   0.4371969E+00   0.1207934E-03
 51.00    36.00   55  0.7500002E+00   0.9913095E+01   0.2500000E-03
 47.00    37.00   55  0.1554827E-04   0.5992100E-04   0.4988540E-03
 48.00    37.00   55  0.1390944E+00   0.2653040E-02   0.3305583E-03
 49.00    37.00   55  0.8631922E+00   0.7220019E-02  -0.3079773E-04
 50.00    37.00   55  0.7819387E+00   0.1661506E-01   0.2282331E-03
 51.00    37.00   55  0.7500000E+00   0.1684724E+00   0.2500000E-03
 48.00    38.00   55  0.3977027E+00   0.5830058E-02   0.1598643E-03
 49.00    38.00   55  0.9984844E+00   0.3326120E-02   0.1198877E-04
 50.00    38.00   55  0.7849100E+00   0.2307919E-02   0.2261572E-03
 51.00    38.00   55  0.7646976E+00   0.4511596E-02   0.2401037E-03
 52.00    38.00   55  0.7500001E+00   0.1999874E+00   0.2500000E-03
 48.00    39.00   55  0.7398649E+00   0.1501981E-01   0.3423425E-05
 49.00    39.00   55  0.9465128E+00   0.1890604E-02   0.9169639E-04
 50.00    39.00   55  0.8707314E+00   0.1073295E-02   0.1614840E-03
 51.00    39.00   55  0.8821116E+00   0.1296494E-02   0.1520350E-03
 52.00    39.00   55  0.9591820E+00   0.3480350E-02   0.7752891E-04
 53.00    39.00   55  0.9054980E+00   0.2253013E-01   0.1316960E-03
 48.00    40.00   55  0.8925862E+00   0.6447487E-01   0.1430920E-03
 49.00    40.00   55  0.9962638E+00   0.3518426E-02  -0.1574401E-04
 50.00    40.00   55  0.9871554E+00   0.7504135E-03   0.3892797E-04
 51.00    40.00   55  0.9854924E+00   0.5002041E-03   0.4177081E-04
 52.00    40.00   55  0.9642927E+00   0.5404924E-03  -0.3571279E-04
 53.00    40.00   55  0.9704065E+00   0.2017830E-02  -0.3412296E-04
 48.00    41.00   55  0.8368040E+00   0.9915324E-01   0.1882763E-03
 49.00    41.00   55  0.9765828E+00   0.6059602E-02  -0.3194605E-04
 50.00    41.00   55  0.9291565E+00   0.9774108E-03  -0.3864162E-04
 51.00    41.00   55  0.9001012E+00   0.5734061E-03  -0.3661425E-04
 52.00    41.00   55  0.6176875E+00   0.3643262E-03   0.5087393E-04
 53.00    41.00   55  0.5339333E+00   0.5943100E-03   0.8902862E-04
 48.00    42.00   55  0.1279766E+00   0.5384167E-01   0.3395758E-03
 49.00    42.00   55  0.9991061E+00   0.1016113E-01  -0.8179864E-05
 50.00    42.00   55  0.8790035E+00   0.3088717E-02  -0.3364542E-04
 51.00    42.00   55  0.5523857E+00   0.1552054E-02   0.8026397E-04
 52.00    42.00   55  0.2140192E+00   0.4119799E-03   0.2745931E-03
 53.00    42.00   55  0.3424298E+00   0.3853575E-03   0.1918023E-03
 49.00    43.00   55  0.1733261E-01   0.3050769E-02   0.4536595E-03
 50.00    43.00   55  0.1274880E+00   0.3243861E-02   0.3399774E-03
 51.00    43.00   55  0.3860158E+00   0.6270394E-02   0.1664551E-03
 52.00    43.00   55  0.1180724E+00   0.4315143E-03   0.3478101E-03
 53.00    43.00   55  0.4656280E+00   0.4261006E-03   0.1230972E-03
 50.00    44.00   55  0.1460891E-04   0.2319437E-03   0.4988894E-03
 51.00    44.00   55  0.2110981E-02   0.5054835E-02   0.4856952E-03
 52.00    44.00   55  0.7736601E-01   0.6053490E-03   0.3841913E-03
 53.00    44.00   55  0.4989846E+00   0.4605492E-03   0.1061182E-03
 57.00    44.00   55  0.2376087E+00   0.1983248E-02   0.2542693E-03
 58.00    44.00   55  0.6371112E+00   0.2655322E-01   0.2223908E-03
 52.00    45.00   55  0.1216130E+00   0.3451676E-02   0.3448434E-03
 53.00    45.00   55  0.3674284E+00   0.5555516E-03   0.1771142E-03
 57.00    45.00   55  0.7109912E-01   0.2370587E-03   0.3516266E-03
 58.00    45.00   55  0.7254230E+00   0.6186017E-02   0.2423281E-03
 52.00    46.00   55  0.5673102E+00   0.6497073E-01   0.7332116E-04
 53.00    46.00   55  0.3713748E+00   0.9003918E-03   0.1748328E-03
 54.00    46.00   55  0.3236365E-01   0.7540068E-03  -0.1776553E-03
 58.00    46.00   55  0.6022803E+00   0.1520660E-02   0.2174292E-03
 52.00    47.00   55  0.7382748E-04   0.1190790E-02   0.4974828E-03
 53.00    47.00   55  0.3673724E+00   0.9585663E-03   0.1771467E-03
 54.00    47.00   55  0.6669362E+00   0.5296646E-03  -0.5902862E-04
 58.00    47.00   55  0.4064468E+00   0.4690869E-03   0.2108196E-03
 59.00    47.00   55  0.9381321E+00   0.1107324E+01   0.1004802E-03
 53.00    48.00   55  0.2703760E+00   0.1007319E-02   0.2365958E-03
 54.00    48.00   55  0.5809953E+00   0.3569667E-03   0.6131208E-04
 58.00    48.00   55  0.2903123E+00   0.1865448E-03   0.2344501E-03
 59.00    48.00   55  0.7436306E+00   0.1980849E-01   0.2376648E-03
 53.00    49.00   55  0.1031356E+00   0.1845417E-02   0.3606357E-03
 54.00    49.00   55  0.3150116E+00   0.3589340E-03   0.2083628E-03
 55.00    49.00   55  0.5995148E+00   0.7095267E-03  -0.1540651E-03
 58.00    49.00   55  0.2963683E+00   0.1167512E-03   0.2363489E-03
 59.00    49.00   55  0.6840202E+00   0.2686068E-02   0.2315870E-03
 53.00    50.00   55  0.9064966E-02   0.4053218E-02   0.4681076E-03
 54.00    50.00   55  0.3415259E+00   0.1064616E-02   0.1923411E-03
 55.00    50.00   55  0.4869020E+00   0.5170638E-03   0.1117375E-03
 56.00    50.00   55  0.8762487E+00   0.1223122E-02  -0.4519960E-03
 58.00    50.00   55  0.3765962E+00   0.8164949E-04   0.2202018E-03
 59.00    50.00   55  0.6823221E+00   0.5665768E-03   0.2312010E-03
 60.00    50.00   55  0.7500000E+00   0.6334962E+00   0.2500000E-03
 54.00    51.00   55  0.4517322E+00   0.6752473E-02   0.1304705E-03
 55.00    51.00   55  0.3215616E+00   0.4502991E-03   0.2043860E-03
 56.00    51.00   55  0.5510678E+00   0.3595535E-03   0.7955736E-04
 57.00    51.00   55  0.5228118E+00   0.4301420E-03  -0.6390695E-04
 58.00    51.00   55  0.5400035E+00   0.7492247E-04   0.2098291E-03
 59.00    51.00   55  0.7043513E+00   0.1642093E-03   0.2320603E-03
 60.00    51.00   55  0.7672879E+00   0.1775939E-01   0.2383387E-03
 54.00    52.00   55  0.1569665E+00   0.2646547E-01   0.3165056E-03
 55.00    52.00   55  0.5046509E-01   0.3185839E-03   0.4115757E-03
 56.00    52.00   55  0.1469791E+00   0.1528155E-03   0.3242949E-03
 57.00    52.00   55  0.9914102E+00   0.4325984E-03  -0.7675216E-04
 58.00    52.00   55  0.6780277E+00   0.7825056E-04   0.2200183E-03
 59.00    52.00   55  0.7240394E+00   0.8527710E-04   0.2375303E-03
 60.00    52.00   55  0.7453671E+00   0.1856161E-02   0.2479791E-03
 54.00    53.00   55  0.4851801E-01   0.2261451E-01   0.4137168E-03
 55.00    53.00   55  0.5157451E-02   0.1477866E-03   0.4767435E-03
 56.00    53.00   55  0.4631882E-01   0.1075181E-03   0.4161684E-03
 57.00    53.00   55  0.9547583E+00   0.3721634E-03  -0.4194066E-04
 58.00    53.00   55  0.7443299E+00   0.7737400E-04   0.2202659E-03
 59.00    53.00   55  0.7361207E+00   0.7343011E-04   0.2408818E-03
 60.00    53.00   55  0.7538685E+00   0.8484547E-03   0.2465622E-03
 61.00    53.00   55  0.7500001E+00   0.1946036E+03   0.2500000E-03
 54.00    54.00   55  0.4227778E-04   0.5880466E-03   0.4981019E-03
 55.00    54.00   55  0.8240689E-02   0.2193189E-03   0.4697824E-03
 56.00    54.00   55  0.5809283E-01   0.1590503E-03   0.4034270E-03
 57.00    54.00   55  0.9798014E+00   0.2722010E-03   0.5056011E-04
 58.00    54.00   55  0.7642451E+00   0.6378563E-04   0.2313016E-03
 59.00    54.00   55  0.7470670E+00   0.7095623E-04   0.2427103E-03
 60.00    54.00   55  0.7580622E+00   0.5669413E-03   0.2437978E-03
 61.00    54.00   55  0.7500002E+00   0.3828909E+00   0.2500000E-03
 54.00    55.00   55  0.1046619E-01   0.1329757E-02   0.4653891E-03
 55.00    55.00   55  0.1182546E-01   0.1896890E-03   0.4628815E-03
 56.00    55.00   55  0.6138443E+00   0.8504314E-03   0.5253145E-04
 57.00    55.00   55  0.8510637E+00   0.1707377E-03   0.1772439E-03
 58.00    55.00   55  0.7708332E+00   0.5707642E-04   0.2346886E-03
 59.00    55.00   55  0.7637407E+00   0.7491373E-04   0.2377250E-03
 60.00    55.00   55  0.7692329E+00   0.6630679E-03   0.2362486E-03
 61.00    55.00   55  0.7500000E+00   0.4521589E+00   0.2500000E-03
 54.00    56.00   55  0.4168061E-01   0.1398497E-02   0.4214656E-03
 55.00    56.00   55  0.5457714E+00   0.2452941E-02   0.8338279E-04
 56.00    56.00   55  0.8503677E+00   0.3878131E-03   0.1777896E-03
 57.00    56.00   55  0.7929881E+00   0.1174346E-03   0.2204667E-03
 58.00    56.00   55  0.7839453E+00   0.6623659E-04   0.2268040E-03
 59.00    56.00   55  0.7786022E+00   0.1130228E-03   0.2303323E-03
 60.00    56.00   55  0.7723751E+00   0.1478374E-02   0.2348538E-03
 61.00    56.00   55  0.7500000E+00   0.1264037E+01   0.2500000E-03
 54.00    57.00   55  0.3756049E+00   0.1788357E-01   0.1723983E-03
 55.00    57.00   55  0.9595711E+00   0.1464546E-02   0.7707291E-04
 56.00    57.00   55  0.8270718E+00   0.3077713E-03   0.1956367E-03
 57.00    57.00   55  0.7974982E+00   0.1462532E-03   0.2172591E-03
 58.00    57.00   55  0.7860247E+00   0.1256508E-03   0.2253761E-03
 59.00    57.00   55  0.7844312E+00   0.3335750E-03   0.2264924E-03
 60.00    57.00   55  0.7815779E+00   0.8510604E-02   0.2284845E-03
 54.00    58.00   55  0.8235254E+00   0.4237052E-01   0.1982871E-03
 55.00    58.00   55  0.9605612E+00   0.2750286E-02   0.7590614E-04
 56.00    58.00   55  0.8536715E+00   0.1167764E-02   0.1751923E-03
 57.00    58.00   55  0.8095966E+00   0.7951176E-03   0.2085411E-03
 58.00    58.00   55  0.8039134E+00   0.6687842E-03   0.2126574E-03
 59.00    58.00   55  0.8151315E+00   0.2568696E-02   0.2044955E-03
 60.00    58.00   55  0.7500001E+00   0.1937049E+00   0.2500000E-03
 54.00    59.00   55  0.7499999E+00   0.1104900E+01   0.2500000E-03
 55.00    59.00   55  0.7938257E+00   0.4342370E-01   0.2198728E-03
 56.00    59.00   55  0.7820838E+00   0.2017160E-01   0.2281319E-03
 57.00    59.00   55  0.8036199E+00   0.2574870E-01   0.2128691E-03
 58.00    59.00   55  0.9999874E+00   0.5227825E-01  -0.1022359E-05
 59.00    59.00   55  0.7849846E+00   0.1862515E+00   0.2261049E-03
 55.00    60.00   55  0.7500000E+00   0.5289889E+01   0.2500000E-03
 56.00    60.00   55  0.7500000E+00   0.3983824E+00   0.2500000E-03
 57.00    60.00   55  0.7500000E+00   0.2435946E+01   0.2500000E-03
 49.00    34.00   56  0.7242125E-02   0.3363220E-02   0.4719016E-03
 50.00    34.00   56  0.7500000E+00   0.7160089E+00   0.2500000E-03
 49.00    35.00   56  0.8975818E-01   0.6822920E-02   0.3726075E-03
 50.00    35.00   56  0.6158732E+00   0.8002160E-01   0.5165531E-04
 49.00    36.00   56  0.3818297E+00   0.1211965E-01   0.1688366E-03
 50.00    36.00   56  0.6510836E+00   0.6874151E-01   0.3686771E-04
 48.00    37.00   56  0.2360494E-04   0.2528486E-04   0.4985857E-03
 49.00    37.00   56  0.3363248E+00   0.7501679E-02   0.1954526E-03
 50.00    37.00   56  0.9887726E+00   0.7113698E-01  -0.2480199E-04
 48.00    38.00   56  0.5070020E-02   0.3449589E-03   0.4769623E-03
 49.00    38.00   56  0.6368052E+00   0.4913590E-02   0.4276764E-04
 50.00    38.00   56  0.9973920E+00   0.1635227E-01   0.1602765E-04
 51.00    38.00   56  0.7500000E+00   0.2265511E-01   0.2500000E-03
 52.00    38.00   56  0.7500000E+00   0.1696673E+00   0.2500000E-03
 48.00    39.00   56  0.5691852E-02   0.5729356E-03   0.4754373E-03
 49.00    39.00   56  0.8175746E+00   0.3936274E-02  -0.2027210E-04
 50.00    39.00   56  0.9780869E+00   0.3946635E-02   0.5321851E-04
 51.00    39.00   56  0.8713822E+00   0.2631974E-02   0.1609506E-03
 52.00    39.00   56  0.8164262E+00   0.6189877E-02   0.2035435E-03
 53.00    39.00   56  0.7665609E+00   0.7741080E-01   0.2388347E-03
 54.00    39.00   56  0.7500001E+00   0.1685135E+01   0.2500000E-03
 48.00    40.00   56  0.3707203E-02   0.2018885E-02   0.4806025E-03
 49.00    40.00   56  0.9777510E+00   0.5694564E-02  -0.3145280E-04
 50.00    40.00   56  0.9656473E+00   0.1336725E-02   0.6975408E-04
 51.00    40.00   56  0.9300634E+00   0.7275254E-03   0.1085920E-03
 52.00    40.00   56  0.9390670E+00   0.7663706E-03   0.9951988E-04
 53.00    40.00   56  0.9999862E+00   0.1672236E-02   0.1072651E-05
 54.00    40.00   56  0.9874167E+00   0.1601553E-01   0.3846921E-04
 49.00    41.00   56  0.9981848E+00   0.2200878E-01  -0.1138082E-04
 50.00    41.00   56  0.9997319E+00   0.1453409E-02  -0.4592410E-05
 51.00    41.00   56  0.9988384E+00   0.5501608E-03   0.1041434E-04
 52.00    41.00   56  0.9833924E+00   0.4205045E-03  -0.2858782E-04
 53.00    41.00   56  0.8362987E+00   0.4539566E-03  -0.2496032E-04
 54.00    41.00   56  0.8573979E+00   0.2044289E-02  -0.2963899E-04
 49.00    42.00   56  0.9940128E+00   0.9047552E-01  -0.1927611E-04
 50.00    42.00   56  0.8880079E+00   0.3611594E-02  -0.3503961E-04
 51.00    42.00   56  0.8942145E+00   0.1049035E-02  -0.3589306E-04
 52.00    42.00   56  0.7737342E+00   0.7914736E-03  -0.7652619E-05
 53.00    42.00   56  0.3708505E+00   0.3147252E-03   0.1751353E-03
 54.00    42.00   56  0.4226404E+00   0.5612252E-03   0.1460803E-03
 49.00    43.00   56  0.1075056E+00   0.3615965E-01   0.3568286E-03
 50.00    43.00   56  0.6117239E+00   0.7992452E-02   0.5344994E-04
 51.00    43.00   56  0.7492931E+00   0.4093637E-02   0.2357992E-06
 52.00    43.00   56  0.3326527E+00   0.2557781E-02   0.1976605E-03
 53.00    43.00   56  0.2209036E+00   0.3591701E-03   0.2697897E-03
 54.00    43.00   56  0.4324047E+00   0.4173934E-03   0.1403446E-03
 50.00    44.00   56  0.9484379E-01   0.1212319E-01   0.3679966E-03
 51.00    44.00   56  0.2868995E+00   0.1051201E-01   0.2259784E-03
 52.00    44.00   56  0.2517115E-01   0.3172379E-02   0.4421950E-03
 53.00    44.00   56  0.2028483E+00   0.5365112E-03   0.2824937E-03
 54.00    44.00   56  0.4290721E+00   0.3285103E-03   0.1418698E-03
 58.00    44.00   56  0.5926876E+00   0.1486932E-01   0.2163282E-03
 53.00    45.00   56  0.1309694E+00   0.1044327E-02   0.3371258E-03
 54.00    45.00   56  0.2712984E+00   0.2998543E-03   0.2356482E-03
 58.00    45.00   56  0.1061576E+00   0.2014968E-02   0.3221535E-03
 59.00    45.00   56  0.6871470E+00   0.3496770E+00   0.2323086E-03
 53.00    46.00   56  0.1281219E+00   0.9125787E-02   0.3394565E-03
 54.00    46.00   56  0.2400422E+00   0.4489426E-03   0.2564669E-03
 58.00    46.00   56  0.2137617E+00   0.5524619E-03   0.2633092E-03
 59.00    46.00   56  0.6656130E+00   0.3307169E-01   0.2276202E-03
 53.00    47.00   56  0.7586053E-02   0.4712330E-02   0.4711595E-03
 54.00    47.00   56  0.2449276E+00   0.4933375E-03   0.2533932E-03
 58.00    47.00   56  0.9350684E-01   0.1214547E-03   0.3319095E-03
 59.00    47.00   56  0.6260985E+00   0.4483271E-02   0.2206560E-03
 53.00    48.00   56  0.5920181E-01   0.1058012E-01   0.4022712E-03
 54.00    48.00   56  0.3600219E+00   0.5898030E-03   0.1814231E-03
 55.00    48.00   56  0.4605970E+00   0.9990004E-03  -0.1113523E-02
 59.00    48.00   56  0.4654051E+00   0.9848279E-03   0.2120167E-03
 60.00    48.00   56  0.7500000E+00   0.9403431E+01   0.2500000E-03
 53.00    49.00   56  0.4276491E-01   0.2050181E-01   0.4202109E-03
 54.00    49.00   56  0.2755396E+00   0.7304964E-03   0.2332543E-03
 55.00    49.00   56  0.6545269E+00   0.4330020E-03  -0.2458692E-04
 59.00    49.00   56  0.4385466E+00   0.3365978E-03   0.2135135E-03
 60.00    49.00   56  0.7500000E+00   0.4605134E+00   0.2500000E-03
 53.00    50.00   56  0.2960050E-01   0.1096525E+01   0.4362744E-03
 54.00    50.00   56  0.2267490E+00   0.2014622E-02   0.2657489E-03
 55.00    50.00   56  0.4484725E+00   0.4784231E-03   0.1279783E-03
 56.00    50.00   56  0.8324997E-01   0.1484793E-02  -0.1098014E-02
 59.00    50.00   56  0.4662234E+00   0.1749339E-03   0.2119843E-03
 60.00    50.00   56  0.7407654E+00   0.2208476E-01   0.2469967E-03
 54.00    51.00   56  0.2720796E+00   0.1131580E-01   0.2354910E-03
 55.00    51.00   56  0.3520904E+00   0.6438030E-03   0.1855729E-03
 56.00    51.00   56  0.4745422E+00   0.4285423E-03   0.1112648E-03
 59.00    51.00   56  0.5409727E+00   0.9296950E-04   0.2120357E-03
 60.00    51.00   56  0.7262498E+00   0.1446168E-02   0.2425697E-03
 54.00    52.00   56  0.2099869E-01   0.1377842E-01   0.4481105E-03
 55.00    52.00   56  0.1549025E+00   0.1156913E-02   0.3181027E-03
 56.00    52.00   56  0.3675818E+00   0.3336169E-03   0.1770254E-03
 57.00    52.00   56  0.6119300E+00   0.3619440E-03   0.2271828E-04
 58.00    52.00   56  0.2982774E+00   0.1497746E-03   0.1673006E-03
 59.00    52.00   56  0.6072790E+00   0.6230748E-04   0.2163907E-03
 60.00    52.00   56  0.7203915E+00   0.2784442E-03   0.2361303E-03
 61.00    52.00   56  0.8469315E+00   0.7418610E-01   0.1804727E-03
 54.00    53.00   56  0.3382300E+00   0.2948055E+00   0.1943107E-03
 55.00    53.00   56  0.1475154E+00   0.2474278E-02   0.3238726E-03
 56.00    53.00   56  0.7929543E-01   0.1905861E-03   0.3823525E-03
 57.00    53.00   56  0.2150701E+00   0.1574448E-03   0.2733548E-03
 58.00    53.00   56  0.9210947E+00   0.3144743E-03  -0.4410057E-04
 59.00    53.00   56  0.6726462E+00   0.5882311E-04   0.2245704E-03
 60.00    53.00   56  0.7269422E+00   0.1213672E-03   0.2397993E-03
 61.00    53.00   56  0.7608489E+00   0.1285762E-01   0.2427144E-03
 55.00    54.00   56  0.1055962E-01   0.4956337E-03   0.4652130E-03
 56.00    54.00   56  0.1306064E-01   0.7778704E-04   0.4606952E-03
 57.00    54.00   56  0.8686040E-01   0.1094090E-03   0.3752492E-03
 58.00    54.00   56  0.9894255E+00   0.2660547E-03   0.8923816E-06
 59.00    54.00   56  0.7158656E+00   0.5509736E-04   0.2305321E-03
 60.00    54.00   56  0.7384267E+00   0.8761437E-04   0.2411268E-03
 61.00    54.00   56  0.7808869E+00   0.4008547E-02   0.2289636E-03
 55.00    55.00   56  0.2747279E-02   0.9790911E-04   0.4835164E-03
 56.00    55.00   56  0.2292348E-01   0.8844346E-04   0.4453353E-03
 57.00    55.00   56  0.2427530E+00   0.2720651E-03   0.2548549E-03
 58.00    55.00   56  0.8908779E+00   0.1679356E-03   0.1374056E-03
 59.00    55.00   56  0.7436569E+00   0.4303172E-04   0.2387920E-03
 60.00    55.00   56  0.7477187E+00   0.7821131E-04   0.2408718E-03
 61.00    55.00   56  0.7834018E+00   0.1940635E-02   0.2264837E-03
 54.00    56.00   56  0.1447287E-02   0.2700644E-03   0.4883022E-03
 55.00    56.00   56  0.7847726E-02   0.1086552E-03   0.4706037E-03
 56.00    56.00   56  0.4300325E+00   0.6198121E-03   0.1420663E-03
 57.00    56.00   56  0.9579882E+00   0.3554509E-03   0.7891879E-04
 58.00    56.00   56  0.7940494E+00   0.8314488E-04   0.2186538E-03
 59.00    56.00   56  0.7554626E+00   0.3833910E-04   0.2397738E-03
 60.00    56.00   56  0.7566671E+00   0.9048132E-04   0.2395500E-03
 61.00    56.00   56  0.7634290E+00   0.2237751E-02   0.2409641E-03
 54.00    57.00   56  0.1684247E-02   0.1975829E-03   0.4873208E-03
 55.00    57.00   56  0.9677748E+00   0.1468240E-02  -0.3486680E-04
 56.00    57.00   56  0.8568543E+00   0.2380026E-03   0.1726731E-03
 57.00    57.00   56  0.7910054E+00   0.9702970E-04   0.2218699E-03
 58.00    57.00   56  0.7737765E+00   0.5174104E-04   0.2336399E-03
 59.00    57.00   56  0.7672586E+00   0.4524819E-04   0.2375338E-03
 60.00    57.00   56  0.7705992E+00   0.1466147E-03   0.2347948E-03
 61.00    57.00   56  0.7608576E+00   0.5871317E-02   0.2427085E-03
 54.00    58.00   56  0.5385231E+00   0.3059160E-01   0.8682991E-04
 55.00    58.00   56  0.9451291E+00   0.8710218E-03   0.9317487E-04
 56.00    58.00   56  0.8296157E+00   0.2289238E-03   0.1937254E-03
 57.00    58.00   56  0.7894971E+00   0.1079551E-03   0.2229344E-03
 58.00    58.00   56  0.7799817E+00   0.6205153E-04   0.2295955E-03
 59.00    58.00   56  0.7755938E+00   0.7937937E-04   0.2326357E-03
 60.00    58.00   56  0.7638856E+00   0.3898561E-03   0.2406556E-03
 61.00    58.00   56  0.7687111E+00   0.2502650E-01   0.2373663E-03
 54.00    59.00   56  0.9206350E+00   0.1305269E+00   0.1177134E-03
 55.00    59.00   56  0.8947623E+00   0.3237931E-02   0.1412016E-03
 56.00    59.00   56  0.8565509E+00   0.1627678E-02   0.1729139E-03
 57.00    59.00   56  0.8276197E+00   0.7165800E-03   0.1952258E-03
 58.00    59.00   56  0.7970445E+00   0.2963094E-03   0.2175828E-03
 59.00    59.00   56  0.8045087E+00   0.4489670E-03   0.2122279E-03
 60.00    59.00   56  0.7858704E+00   0.2601210E-02   0.2254842E-03
 61.00    59.00   56  0.7500000E+00   0.1012401E+01   0.2500000E-03
 55.00    60.00   56  0.7500001E+00   0.1428826E+00   0.2500000E-03
 56.00    60.00   56  0.7500000E+00   0.2271249E-01   0.2500000E-03
 57.00    60.00   56  0.7566772E+00   0.9434689E-02   0.2455286E-03
 58.00    60.00   56  0.8647124E+00   0.1909156E-01   0.1663796E-03
 59.00    60.00   56  0.8125141E+00   0.3059548E-01   0.2064132E-03
 60.00    60.00   56  0.8164999E+00   0.1485759E+00   0.2034893E-03
 56.00    61.00   56  0.7500000E+00   0.6822734E+00   0.2500000E-03
 57.00    61.00   56  0.7500000E+00   0.1975107E+00   0.2500000E-03
 58.00    61.00   56  0.7499999E+00   0.7151344E+00   0.2500000E-03
 49.00    37.00   57  0.3269190E-01   0.2344879E-02   0.4323193E-03
 50.00    37.00   57  0.4495128E+00   0.5338991E-01   0.1316437E-03
 49.00    38.00   57  0.1537757E+00   0.3347435E-02   0.3189773E-03
 50.00    38.00   57  0.8443445E+00   0.2179664E-01  -0.2682518E-04
 51.00    38.00   57  0.7500000E+00   0.3620168E+00   0.2500000E-03
 52.00    38.00   57  0.7500001E+00   0.3498708E+00   0.2500000E-03
 49.00    39.00   57  0.6411809E-01   0.1740157E-02   0.3972262E-03
 50.00    39.00   57  0.6161553E+00   0.1232640E-01   0.5153363E-04
 51.00    39.00   57  0.7700522E+00   0.1181791E-01   0.2364482E-03
 52.00    39.00   57  0.7817851E+00   0.1079924E-01   0.2283402E-03
 53.00    39.00   57  0.7500000E+00   0.1006592E+00   0.2500000E-03
 49.00    40.00   57  0.1002811E+00   0.1946533E-02   0.3631488E-03
 50.00    40.00   57  0.7970579E+00   0.4612940E-02  -0.1463114E-04
 51.00    40.00   57  0.8672917E+00   0.1961003E-02   0.1642899E-03
 52.00    40.00   57  0.8429981E+00   0.1539477E-02   0.1835216E-03
 53.00    40.00   57  0.9336312E+00   0.4596992E-02   0.1050430E-03
 54.00    40.00   57  0.9565019E+00   0.1817123E-01   0.8063152E-04
 49.00    41.00   57  0.7739721E-01   0.5236601E-02   0.3841615E-03
 50.00    41.00   57  0.9998505E+00   0.3581678E-02   0.3604160E-05
 51.00    41.00   57  0.9506435E+00   0.7657027E-03   0.8720841E-04
 52.00    41.00   57  0.9509131E+00   0.5096918E-03   0.8691152E-04
 53.00    41.00   57  0.9965736E+00   0.5614791E-03  -0.1515541E-04
 54.00    41.00   57  0.8572937E+00   0.1094173E-02  -0.2961769E-04
 55.00    41.00   57  0.9560301E+00   0.1099060E-01   0.3748207E-04
 49.00    42.00   57  0.1003773E-01   0.1551106E-01   0.4662048E-03
 50.00    42.00   57  0.9685533E+00   0.9116656E-02  -0.3465678E-04
 51.00    42.00   57  0.9744329E+00   0.1154767E-02  -0.3278104E-04
 52.00    42.00   57  0.9459885E+00   0.5597900E-03  -0.3824645E-04
 53.00    42.00   57  0.7890892E+00   0.4392441E-03  -0.1231115E-04
 54.00    42.00   57  0.4934098E+00   0.3404191E-03   0.1089700E-03
 55.00    42.00   57  0.7613813E+00   0.1766858E-02  -0.6144634E-05
 49.00    43.00   57  0.9437141E-02   0.3052592E-01   0.4673708E-03
 50.00    43.00   57  0.9606801E+00   0.1938830E-01  -0.3644550E-04
 51.00    43.00   57  0.7779506E+00   0.2775663E-02  -0.8955656E-05
 52.00    43.00   57  0.8495691E+00   0.1499272E-02  -0.2798397E-04
 53.00    43.00   57  0.2640589E+00   0.7156048E-03   0.2407137E-03
 54.00    43.00   57  0.2262393E+00   0.2242893E-03   0.2660999E-03
 55.00    43.00   57  0.5739540E+00   0.6813418E-03   0.6955300E-04
 50.00    44.00   57  0.9300998E-02   0.8143689E-02   0.4676390E-03
 51.00    44.00   57  0.4932249E+00   0.7986367E-02   0.1090632E-03
 52.00    44.00   57  0.2965139E+00   0.5565464E-02   0.2198993E-03
 53.00    44.00   57  0.2595466E-01   0.9862429E-03   0.4411233E-03
 54.00    44.00   57  0.2651015E+00   0.3281703E-03   0.2400317E-03
 55.00    44.00   57  0.6947854E+00   0.5061526E-03   0.1576531E-04
 50.00    45.00   57  0.5349512E-02   0.1852622E+00   0.4762680E-03
 51.00    45.00   57  0.4898406E-01   0.1164243E-01   0.4132019E-03
 52.00    45.00   57  0.3515049E-03   0.8953877E-03   0.4944130E-03
 53.00    45.00   57  0.2341787E-03   0.6930634E-03   0.4954659E-03
 54.00    45.00   57  0.1796525E+00   0.6292468E-03   0.2993520E-03
 55.00    45.00   57  0.4691930E+00   0.4064690E-03   0.1139974E-03
 59.00    45.00   57  0.4893720E+00   0.4489897E-01   0.2113901E-03
 54.00    46.00   57  0.1766834E+00   0.3142543E-02   0.3015575E-03
 55.00    46.00   57  0.4070054E+00   0.5210012E-03   0.1418560E-03
 59.00    46.00   57  0.4934454E+00   0.6283548E-02   0.2113497E-03
 54.00    47.00   57  0.7642859E-02   0.1602777E-02   0.4710382E-03
 55.00    47.00   57  0.4460694E+00   0.7438741E-03   0.1284027E-03
 59.00    47.00   57  0.3338438E+00   0.8684470E-03   0.2277304E-03
 60.00    47.00   57  0.6153006E-02   0.2415066E-01   0.4548516E-03
 54.00    48.00   57  0.1241998E-01   0.2749284E-02   0.4618191E-03
 55.00    48.00   57  0.4364572E+00   0.6751284E-03   0.1379952E-03
 59.00    48.00   57  0.1306487E+00   0.1699707E-03   0.3054239E-03
 60.00    48.00   57  0.6089705E+00   0.1544469E-01   0.2182641E-03
 54.00    49.00   57  0.2112579E+00   0.1499994E-01   0.2765336E-03
 55.00    49.00   57  0.3996095E+00   0.5405197E-03   0.1587969E-03
 59.00    49.00   57  0.1160805E-01   0.2464260E-04   0.4381580E-03
 60.00    49.00   57  0.5340691E+00   0.3000892E-02   0.2119958E-03
 54.00    50.00   57  0.4802234E-01   0.1415805E-01   0.4142662E-03
 55.00    50.00   57  0.2400704E+00   0.5689550E-03   0.2566642E-03
 56.00    50.00   57  0.4737448E+00   0.5173053E-03  -0.9700930E-04
 59.00    50.00   57  0.2347793E-01   0.2551955E-04   0.4125801E-03
 60.00    50.00   57  0.5564228E+00   0.9795811E-03   0.2131688E-03
 54.00    51.00   57  0.4833048E-05   0.8594494E-03   0.4993630E-03
 55.00    51.00   57  0.1543413E+00   0.1160024E-02   0.3185381E-03
 56.00    51.00   57  0.3917570E+00   0.4736426E-03   0.1452414E-03
 59.00    51.00   57  0.5784085E-01   0.3192542E-04   0.3650158E-03
 60.00    51.00   57  0.5978153E+00   0.4137642E-03   0.2169028E-03
 61.00    51.00   57  0.7499999E+00   0.5046040E+00   0.2500000E-03
 55.00    52.00   57  0.1191972E+00   0.3160573E-02   0.3468648E-03
 56.00    52.00   57  0.4793619E+00   0.7232237E-03   0.1153628E-03
 57.00    52.00   57  0.5335723E+00   0.4301878E-03   0.6428387E-04
 59.00    52.00   57  0.1521891E+00   0.4783348E-04   0.2906024E-03
 60.00    52.00   57  0.6330481E+00   0.1485291E-03   0.2203004E-03
 61.00    52.00   57  0.7864575E+00   0.1108324E-01   0.2200625E-03
 55.00    53.00   57  0.4524898E+00   0.2384381E-01   0.1300707E-03
 56.00    53.00   57  0.1934574E+00   0.7531079E-03   0.2892422E-03
 57.00    53.00   57  0.3711562E+00   0.2875020E-03   0.1749246E-03
 58.00    53.00   57  0.7518384E+00   0.4315815E-03  -0.9030622E-04
 59.00    53.00   57  0.4447721E+00   0.1022574E-03   0.1839331E-03
 60.00    53.00   57  0.6644122E+00   0.7054349E-04   0.2253203E-03
 61.00    53.00   57  0.7528642E+00   0.9755647E-03   0.2324542E-03
 55.00    54.00   57  0.9277375E-02   0.1689033E-02   0.4676857E-03
 56.00    54.00   57  0.2380258E-01   0.2575233E-03   0.4440949E-03
 57.00    54.00   57  0.7056166E-01   0.1279748E-03   0.3907920E-03
 58.00    54.00   57  0.2693374E+00   0.1715737E-03   0.2350201E-03
 59.00    54.00   57  0.7319283E+00   0.1521157E-03   0.1105937E-03
 60.00    54.00   57  0.6961976E+00   0.5418550E-04   0.2322913E-03
 61.00    54.00   57  0.7351051E+00   0.3505017E-03   0.2425999E-03
 62.00    54.00   57  0.7500001E+00   0.4150653E+01   0.2500000E-03
 55.00    55.00   57  0.2864368E-03   0.1170726E-03   0.4949718E-03
 56.00    55.00   57  0.8749843E-02   0.9526463E-04   0.4687406E-03
 57.00    55.00   57  0.2336016E-01   0.8318927E-04   0.4447172E-03
 58.00    55.00   57  0.1779178E+00   0.1531587E-03   0.2998014E-03
 59.00    55.00   57  0.8546631E+00   0.1406915E-03   0.1117419E-03
 60.00    55.00   57  0.7178074E+00   0.5086751E-04   0.2318943E-03
 61.00    55.00   57  0.7553856E+00   0.2202516E-03   0.2316220E-03
 62.00    55.00   57  0.7732034E+00   0.1199554E+00   0.2342839E-03
 54.00    56.00   57  0.2075976E-02   0.2816048E-02   0.4858228E-03
 55.00    56.00   57  0.3115065E-02   0.1756609E-03   0.4823559E-03
 56.00    56.00   57  0.1971979E-01   0.1391805E-03   0.4500040E-03
 57.00    56.00   57  0.1197935E+00   0.2637965E-03   0.3463647E-03
 58.00    56.00   57  0.8994444E+00   0.4628720E-03  -0.3772409E-04
 59.00    56.00   57  0.7897065E+00   0.7401661E-04   0.2035251E-03
 60.00    56.00   57  0.7366893E+00   0.4471915E-04   0.2385323E-03
 61.00    56.00   57  0.7555307E+00   0.1929289E-03   0.2379044E-03
 62.00    56.00   57  0.7713606E+00   0.3790759E-01   0.2355506E-03
 53.00    57.00   57  0.4551018E-03   0.7299815E-03   0.4936155E-03
 54.00    57.00   57  0.8936186E-02   0.6332260E-03   0.4683653E-03
 55.00    57.00   57  0.7060039E-01   0.5089704E-03   0.3907539E-03
 56.00    57.00   57  0.7880319E+00   0.9932875E-03  -0.1199817E-04
 57.00    57.00   57  0.9652233E+00   0.4732452E-03   0.7027754E-04
 58.00    57.00   57  0.8566122E+00   0.1629306E-03   0.1728306E-03
 59.00    57.00   57  0.7593065E+00   0.4625105E-04   0.2369344E-03
 60.00    57.00   57  0.7494056E+00   0.4414218E-04   0.2435708E-03
 61.00    57.00   57  0.7608457E+00   0.2379761E-03   0.2409197E-03
 62.00    57.00   57  0.7675011E+00   0.5892849E-01   0.2381931E-03
 53.00    58.00   57  0.3344928E-02   0.6314835E-02   0.4816599E-03
 54.00    58.00   57  0.6699893E-01   0.3111854E-02   0.3943259E-03
 55.00    58.00   57  0.9402462E+00   0.8896105E-03   0.9830159E-04
 56.00    58.00   57  0.8416276E+00   0.2429206E-03   0.1845786E-03
 57.00    58.00   57  0.7945876E+00   0.1242732E-03   0.2193319E-03
 58.00    58.00   57  0.7770282E+00   0.7128706E-04   0.2316439E-03
 59.00    58.00   57  0.7626941E+00   0.4214924E-04   0.2399444E-03
 60.00    58.00   57  0.7603446E+00   0.5227304E-04   0.2417274E-03
 61.00    58.00   57  0.7740125E+00   0.3772283E-03   0.2328355E-03
 62.00    58.00   57  0.7500002E+00   0.1017942E+00   0.2500000E-03
 54.00    59.00   57  0.9414479E+00   0.6502184E-01   0.9705251E-04
 55.00    59.00   57  0.8884547E+00   0.1095769E-02   0.1466494E-03
 56.00    59.00   57  0.8344353E+00   0.4070697E-03   0.1900798E-03
 57.00    59.00   57  0.8073157E+00   0.1848389E-03   0.2101977E-03
 58.00    59.00   57  0.7815877E+00   0.8192434E-04   0.2284776E-03
 59.00    59.00   57  0.7772216E+00   0.6097562E-04   0.2311979E-03
 60.00    59.00   57  0.7637491E+00   0.9711459E-04   0.2403014E-03
 61.00    59.00   57  0.7668559E+00   0.7211936E-03   0.2386335E-03
 62.00    59.00   57  0.7500000E+00   0.2083280E+00   0.2500000E-03
 54.00    60.00   57  0.7547100E+00   0.9113961E+00   0.2468501E-03
 55.00    60.00   57  0.8337057E+00   0.1473278E-01   0.1906338E-03
 56.00    60.00   57  0.8297549E+00   0.4742518E-02   0.1936206E-03
 57.00    60.00   57  0.8410434E+00   0.2100202E-02   0.1850282E-03
 58.00    60.00   57  0.8040792E+00   0.4777898E-03   0.2125379E-03
 59.00    60.00   57  0.7971674E+00   0.3056944E-03   0.2174952E-03
 60.00    60.00   57  0.7919459E+00   0.4958223E-03   0.2212049E-03
 61.00    60.00   57  0.7854447E+00   0.3424872E-02   0.2257826E-03
 62.00    60.00   57  0.7500001E+00   0.3136515E+02   0.2500000E-03
 56.00    61.00   57  0.7500000E+00   0.8063523E-01   0.2500000E-03
 57.00    61.00   57  0.7499999E+00   0.2582804E-01   0.2500000E-03
 58.00    61.00   57  0.8696282E+00   0.6004190E-01   0.1623863E-03
 59.00    61.00   57  0.9418306E+00   0.3493980E-01   0.9665306E-04
 60.00    61.00   57  0.8793488E+00   0.4148374E-01   0.1543533E-03
 61.00    61.00   57  0.7551935E+00   0.3345423E+00   0.2465256E-03
 49.00    38.00   58  0.5705967E-03   0.2019584E-03   0.4928210E-03
 50.00    38.00   58  0.2770550E+00   0.3146459E-01   0.2322778E-03
 49.00    39.00   58  0.2248517E-02   0.3071068E-03   0.4852026E-03
 50.00    39.00   58  0.6067606E+00   0.1537020E-01   0.5561078E-04
 51.00    39.00   58  0.3653117E-02   0.2155319E-01   0.4807575E-03
 52.00    39.00   58  0.7500001E+00   0.1403767E+00   0.2500000E-03
 53.00    39.00   58  0.7500000E+00   0.6253539E+01   0.2500000E-03
 49.00    40.00   58  0.1550514E-04   0.2394632E-04   0.4988556E-03
 50.00    40.00   58  0.1489573E+00   0.4750341E-02   0.3227397E-03
 51.00    40.00   58  0.9326620E+00   0.1093792E-01   0.1060128E-03
 52.00    40.00   58  0.8002536E+00   0.3635992E-02   0.2152884E-03
 53.00    40.00   58  0.8075739E+00   0.1991442E-01   0.2100105E-03
 54.00    40.00   58  0.7500000E+00   0.1244092E+01   0.2500000E-03
 55.00    40.00   58  0.7500000E+00   0.5345486E+01   0.2500000E-03
 49.00    41.00   58  0.2335054E-02   0.4905057E-03   0.4848993E-03
 50.00    41.00   58  0.6742038E+00   0.4744112E-02   0.2760431E-04
 51.00    41.00   58  0.9697862E+00   0.2576373E-02   0.6452104E-04
 52.00    41.00   58  0.8829664E+00   0.1056386E-02   0.1513144E-03
 53.00    41.00   58  0.9250162E+00   0.1547882E-02   0.1135191E-03
 54.00    41.00   58  0.9524451E+00   0.2230984E-02   0.8521398E-04
 55.00    41.00   58  0.8942598E+00   0.1049959E-01   0.1416393E-03
 49.00    42.00   58  0.9771405E-03   0.5105186E-03   0.4904921E-03
 50.00    42.00   58  0.2234292E+00   0.3359666E-02   0.2680396E-03
 51.00    42.00   58  0.9881724E+00   0.2181013E-02  -0.2529460E-04
 52.00    42.00   58  0.9419885E+00   0.5367548E-03   0.9648793E-04
 53.00    42.00   58  0.9998025E+00   0.4944148E-03   0.4155212E-05
 54.00    42.00   58  0.8753203E+00   0.4984303E-03  -0.3302551E-04
 55.00    42.00   58  0.8503382E+00   0.1139892E-02  -0.2815097E-04
 50.00    43.00   58  0.4739146E+00   0.3138121E-01   0.1189016E-03
 51.00    43.00   58  0.8034025E+00   0.3711480E-02  -0.1642801E-04
 52.00    43.00   58  0.9768184E+00   0.8224594E-03  -0.3184896E-04
 53.00    43.00   58  0.8863953E+00   0.6423359E-03  -0.3480306E-04
 54.00    43.00   58  0.4002597E+00   0.3592992E-03   0.1584335E-03
 55.00    43.00   58  0.4040344E+00   0.2920191E-03   0.1563288E-03
 56.00    43.00   58  0.6616086E+00   0.2439388E-02  -0.3392861E-04
 50.00    44.00   58  0.3789675E+00   0.1061419E+00   0.1704712E-03
 51.00    44.00   58  0.9990357E+00   0.7795205E-02   0.9441283E-05
 52.00    44.00   58  0.8705189E+00   0.2879603E-02  -0.3217679E-04
 53.00    44.00   58  0.5184031E+00   0.2415485E-02   0.9655871E-04
 54.00    44.00   58  0.4039059E-01   0.3309646E-03   0.4229722E-03
 55.00    44.00   58  0.3502633E+00   0.3176801E-03   0.1871553E-03
 56.00    44.00   58  0.7456792E+00   0.9222997E-03  -0.4664325E-04
 51.00    45.00   58  0.4817299E+00   0.2015281E-01   0.1148939E-03
 52.00    45.00   58  0.2874809E+00   0.7262326E-02   0.2256087E-03
 53.00    45.00   58  0.1081837E+00   0.8485352E-02   0.3562421E-03
 54.00    45.00   58  0.1037339E-01   0.7934863E-03   0.4655647E-03
 55.00    45.00   58  0.2197372E+00   0.3896927E-03   0.2706001E-03
 56.00    45.00   58  0.5666335E+00   0.6522861E-03  -0.2713484E-04
 60.00    45.00   58  0.6116985E+00   0.2600552E+01   0.2186205E-03
 54.00    46.00   58  0.1498382E-02   0.3999529E-02   0.4880849E-03
 55.00    46.00   58  0.1591559E+00   0.9369672E-03   0.3148185E-03
 56.00    46.00   58  0.3607854E+00   0.5690099E-03   0.5504081E-04
 60.00    46.00   58  0.7049512E+00   0.5928200E-01   0.2366909E-03
 55.00    47.00   58  0.1843530E+00   0.6607288E-02   0.2958835E-03
 56.00    47.00   58  0.2372562E+00   0.6076322E-03   0.1562141E-03
 60.00    47.00   58  0.3996668E+00   0.9642454E-02   0.2171966E-03
 55.00    48.00   58  0.1426602E-01   0.2650956E-02   0.4586343E-03
 56.00    48.00   58  0.3076424E+00   0.6257006E-03   0.1827620E-03
 60.00    48.00   58  0.3665500E+00   0.1378560E-02   0.2217968E-03
 55.00    49.00   58  0.3775013E+00   0.8278476E-02   0.1713107E-03
 56.00    49.00   58  0.5108277E+00   0.5864610E-03   0.9795753E-04
 60.00    49.00   58  0.2319933E+00   0.3333461E-03   0.2562978E-03
 61.00    49.00   58  0.7464758E+00   0.5899915E-01   0.2488362E-03
 55.00    50.00   58  0.1760155E+00   0.5025329E-02   0.3020552E-03
 56.00    50.00   58  0.5033052E+00   0.5559571E-03   0.1037313E-03
 60.00    50.00   58  0.1096309E+00   0.1139230E-03   0.3196190E-03
 61.00    50.00   58  0.6727630E+00   0.1520767E-01   0.2291046E-03
 55.00    51.00   58  0.5491634E-01   0.6980270E-02   0.4067768E-03
 56.00    51.00   58  0.3431650E+00   0.8259478E-03   0.1913162E-03
 57.00    51.00   58  0.9855662E-01   0.4816911E-03   0.8843082E-05
 60.00    51.00   58  0.1963873E+00   0.1054327E-03   0.2706391E-03
 61.00    51.00   58  0.6295526E+00   0.4557621E-02   0.2211834E-03
 55.00    52.00   58  0.4212941E-03   0.3712076E-02   0.4938655E-03
 56.00    52.00   58  0.2129301E+00   0.1486217E-02   0.2753575E-03
 57.00    52.00   58  0.3913976E+00   0.5183446E-03   0.1513524E-03
 60.00    52.00   58  0.2571592E+00   0.7814718E-04   0.2475414E-03
 61.00    52.00   58  0.6418942E+00   0.1352944E-02   0.2231932E-03
 55.00    53.00   58  0.3539384E-02   0.5367314E-01   0.4810867E-03
 56.00    53.00   58  0.1894167E+00   0.3465710E-02   0.2921774E-03
 57.00    53.00   58  0.5109552E+00   0.7409967E-03   0.1002195E-03
 58.00    53.00   58  0.5731270E+00   0.4714977E-03   0.2815566E-04
 60.00    53.00   58  0.4097952E+00   0.7180208E-04   0.2143154E-03
 61.00    53.00   58  0.6824144E+00   0.2971791E-03   0.2304770E-03
 62.00    53.00   58  0.7500000E+00   0.9038249E-01   0.2500000E-03
 56.00    54.00   58  0.3073128E-01   0.1764673E-02   0.4348123E-03
 57.00    54.00   58  0.2629764E+00   0.6508024E-03   0.2414227E-03
 58.00    54.00   58  0.3102673E+00   0.2331706E-03   0.2111759E-03
 59.00    54.00   58  0.9158465E+00   0.5317505E-03  -0.2378551E-03
 60.00    54.00   58  0.5814523E+00   0.8302881E-04   0.2014152E-03
 61.00    54.00   58  0.6909164E+00   0.1199149E-03   0.2289290E-03
 62.00    54.00   58  0.7484985E+00   0.7193660E-02   0.2478783E-03
 56.00    55.00   58  0.2622240E-02   0.1786662E-03   0.4839259E-03
 57.00    55.00   58  0.7947895E-01   0.3820664E-03   0.3821783E-03
 58.00    55.00   58  0.8004208E-01   0.1384239E-03   0.3816446E-03
 59.00    55.00   58  0.4849390E+00   0.2881474E-03   0.8116738E-04
 60.00    55.00   58  0.6762000E+00   0.9188917E-04   0.1824109E-03
 61.00    55.00   58  0.7084441E+00   0.8333766E-04   0.2330718E-03
 62.00    55.00   58  0.7478928E+00   0.2434603E-02   0.2471611E-03
 55.00    56.00   58  0.1990237E-03   0.2494339E-03   0.4958284E-03
 56.00    56.00   58  0.6147844E-02   0.1408622E-03   0.4743613E-03
 57.00    56.00   58  0.3560958E-01   0.1758080E-03   0.4286995E-03
 58.00    56.00   58  0.4033238E-01   0.1101522E-03   0.4230406E-03
 59.00    56.00   58  0.6216954E+00   0.3361036E-03   0.4090625E-04
 60.00    56.00   58  0.7535819E+00   0.8304266E-04   0.2000139E-03
 61.00    56.00   58  0.7313687E+00   0.7039230E-04   0.2387090E-03
 62.00    56.00   58  0.7696382E+00   0.1121049E-02   0.2337382E-03
 53.00    57.00   58  0.2281924E-05   0.3215505E-04   0.4995628E-03
 54.00    57.00   58  0.2732517E-01   0.3075846E-02   0.4392750E-03
 55.00    57.00   58  0.1432768E-01   0.3383447E-03   0.4585307E-03
 56.00    57.00   58  0.2500270E-01   0.1768523E-03   0.4424269E-03
 57.00    57.00   58  0.1383003E+00   0.3872451E-03   0.3311949E-03
 58.00    57.00   58  0.4260578E+00   0.4750363E-03   0.1442206E-03
 59.00    57.00   58  0.9675637E+00   0.2776273E-03   0.4605443E-04
 60.00    57.00   58  0.7505016E+00   0.5998268E-04   0.2277227E-03
 61.00    57.00   58  0.7430677E+00   0.6819300E-04   0.2419342E-03
 62.00    57.00   58  0.7713706E+00   0.8555393E-03   0.2339420E-03
 53.00    58.00   58  0.2650537E-01   0.9160844E-02   0.4403767E-03
 54.00    58.00   58  0.1543370E-01   0.8095958E-03   0.4566982E-03
 55.00    58.00   58  0.7318524E+00   0.1802924E-02   0.6192247E-05
 56.00    58.00   58  0.9356518E+00   0.5377653E-03   0.1030069E-03
 57.00    58.00   58  0.8489197E+00   0.2761340E-03   0.1789227E-03
 58.00    58.00   58  0.8551171E+00   0.2312957E-03   0.1740501E-03
 59.00    58.00   58  0.7983815E+00   0.1100809E-03   0.2130276E-03
 60.00    58.00   58  0.7482784E+00   0.4709999E-04   0.2384557E-03
 61.00    58.00   58  0.7516706E+00   0.7287451E-04   0.2417644E-03
 62.00    58.00   58  0.7734805E+00   0.1073381E-02   0.2335581E-03
 63.00    58.00   58  0.7500000E+00   0.7363669E+01   0.2500000E-03
 53.00    59.00   58  0.7499999E+00   0.3036588E+01   0.2500001E-03
 54.00    59.00   58  0.9252686E+00   0.3500443E-01   0.1132750E-03
 55.00    59.00   58  0.8912453E+00   0.8810254E-03   0.1442509E-03
 56.00    59.00   58  0.8301407E+00   0.2734912E-03   0.1933299E-03
 57.00    59.00   58  0.7992136E+00   0.1357773E-03   0.2160332E-03
 58.00    59.00   58  0.7817765E+00   0.8887306E-04   0.2283462E-03
 59.00    59.00   58  0.7703552E+00   0.6417583E-04   0.2348300E-03
 60.00    59.00   58  0.7571768E+00   0.4449137E-04   0.2424673E-03
 61.00    59.00   58  0.7566647E+00   0.7880550E-04   0.2412567E-03
 62.00    59.00   58  0.7589644E+00   0.1012068E-02   0.2438483E-03
 63.00    59.00   58  0.7500000E+00   0.2517435E+01   0.2500000E-03
 54.00    60.00   58  0.8378085E+00   0.2513689E+00   0.1875091E-03
 55.00    60.00   58  0.8613417E+00   0.3501142E-02   0.1690921E-03
 56.00    60.00   58  0.9001244E+00   0.1773696E-02   0.1364923E-03
 57.00    60.00   58  0.8402106E+00   0.5975273E-03   0.1856684E-03
 58.00    60.00   58  0.7960311E+00   0.1371407E-03   0.2183050E-03
 59.00    60.00   58  0.7833633E+00   0.7445635E-04   0.2272389E-03
 60.00    60.00   58  0.7715269E+00   0.6580898E-04   0.2353184E-03
 61.00    60.00   58  0.7702093E+00   0.1184848E-03   0.2361420E-03
 62.00    60.00   58  0.7699434E+00   0.1420332E-02   0.2365187E-03
 63.00    60.00   58  0.7500000E+00   0.2228561E+02   0.2500000E-03
 55.00    61.00   58  0.7523873E+00   0.2424956E+00   0.2484059E-03
 56.00    61.00   58  0.7507844E+00   0.1714613E-01   0.2494769E-03
 57.00    61.00   58  0.7679826E+00   0.2007532E-01   0.2378643E-03
 58.00    61.00   58  0.7856303E+00   0.2000513E-02   0.2256526E-03
 59.00    61.00   58  0.7943738E+00   0.5540579E-03   0.2194836E-03
 60.00    61.00   58  0.7833536E+00   0.3904638E-03   0.2272458E-03
 61.00    61.00   58  0.7837254E+00   0.4938536E-03   0.2269859E-03
 62.00    61.00   58  0.7637455E+00   0.4163136E-02   0.2407508E-03
 56.00    62.00   58  0.7500001E+00   0.1590317E+01   0.2500000E-03
 57.00    62.00   58  0.7500001E+00   0.3882438E+00   0.2500000E-03
 58.00    62.00   58  0.7500000E+00   0.6676549E+00   0.2500000E-03
 59.00    62.00   58  0.7500000E+00   0.1739000E+00   0.2500000E-03
 60.00    62.00   58  0.8408740E+00   0.6183538E-01   0.1851586E-03
 61.00    62.00   58  0.8133883E+00   0.2026008E-01   0.2057735E-03
 62.00    62.00   58  0.7506675E+00   0.4840056E-01   0.2495548E-03
 50.00    39.00   59  0.9573261E+00   0.4532606E-01   0.7968445E-04
 51.00    39.00   59  0.7783580E+00   0.2082252E+00   0.2307226E-03
 52.00    39.00   59  0.7500001E+00   0.2392286E+01   0.2500000E-03
 53.00    39.00   59  0.7500000E+00   0.4003539E+02   0.2500000E-03
 50.00    40.00   59  0.9930214E+00   0.2874664E-01   0.2752032E-04
 51.00    40.00   59  0.9813605E+00   0.8881364E-01   0.4836253E-04
 52.00    40.00   59  0.7528676E+00   0.2785310E-01   0.2480847E-03
 53.00    40.00   59  0.7590103E+00   0.7270032E-01   0.2439567E-03
 51.00    41.00   59  0.6735645E+00   0.8373586E-02   0.2785548E-04
 52.00    41.00   59  0.9196910E+00   0.5380994E-02   0.1186081E-03
 53.00    41.00   59  0.9152600E+00   0.6576778E-02   0.1227644E-03
 54.00    41.00   59  0.7704469E+00   0.3314437E-01   0.2361777E-03
 55.00    41.00   59  0.9211141E+00   0.2881975E+00   0.1172583E-03
 50.00    42.00   59  0.4083693E-01   0.1168539E-02   0.4224492E-03
 51.00    42.00   59  0.5759732E+00   0.4503911E-02   0.6935181E-04
 52.00    42.00   59  0.9536450E+00   0.1597439E-02   0.8387223E-04
 53.00    42.00   59  0.8808008E+00   0.8470918E-03   0.1531369E-03
 54.00    42.00   59  0.9999784E+00   0.1538002E-02   0.1354842E-05
 55.00    42.00   59  0.9159637E+00   0.3234293E-02  -0.3807247E-04
 56.00    42.00   59  0.4484806E+00   0.2624984E-01   0.1301203E-03
 50.00    43.00   59  0.1641300E+00   0.1647736E-01   0.3110116E-03
 51.00    43.00   59  0.1113797E+00   0.1879368E-02   0.3534925E-03
 52.00    43.00   59  0.9906812E+00   0.1178472E-02  -0.2307765E-04
 53.00    43.00   59  0.9910121E+00   0.5487007E-03   0.3173819E-04
 54.00    43.00   59  0.7584201E+00   0.4690221E-03  -0.2774759E-05
 55.00    43.00   59  0.6222544E+00   0.5555476E-03   0.4891629E-04
 56.00    43.00   59  0.7431641E+00   0.2459707E-02   0.2299203E-05
 51.00    44.00   59  0.9998590E+00   0.1317665E-01  -0.3356894E-05
 52.00    44.00   59  0.9711928E+00   0.2356645E-02  -0.3388152E-04
 53.00    44.00   59  0.9517432E+00   0.1182064E-02  -0.3773707E-04
 54.00    44.00   59  0.5388470E+00   0.1051351E-02   0.8667522E-04
 55.00    44.00   59  0.2984332E+00   0.4558646E-03   0.2186942E-03
 56.00    44.00   59  0.5815371E+00   0.6313054E-03   0.6682597E-04
 51.00    45.00   59  0.1984171E+00   0.2244908E-01   0.2856655E-03
 52.00    45.00   59  0.7086566E+00   0.8796020E-02   0.1450311E-04
 53.00    45.00   59  0.4951822E+00   0.4672003E-02   0.1080780E-03
 54.00    45.00   59  0.1072344E+00   0.3371821E-02   0.3570636E-03
 55.00    45.00   59  0.4873234E-01   0.4623852E-03   0.4134798E-03
 56.00    45.00   59  0.2969622E+00   0.3804783E-03   0.2196176E-03
 57.00    45.00   59  0.3182590E+00   0.4380913E-02  -0.1515114E-02
 52.00    46.00   59  0.1161580E-02   0.1243458E-02   0.4895863E-03
 53.00    46.00   59  0.1210751E-02   0.8952655E-03   0.4893561E-03
 54.00    46.00   59  0.4758694E-02   0.5113440E-02   0.4777544E-03
 55.00    46.00   59  0.3822272E-01   0.5603676E-02   0.4255400E-03
 56.00    46.00   59  0.2128060E+00   0.7723661E-03   0.2754447E-03
 60.00    46.00   59  0.2016531E+00   0.1433876E-01   0.2683472E-03
 61.00    46.00   59  0.7500000E+00   0.3213598E+01   0.2500000E-03
 56.00    47.00   59  0.2988647E+00   0.4302600E-02   0.2184236E-03
 60.00    47.00   59  0.2461071E+00   0.2753735E-02   0.2513112E-03
 61.00    47.00   59  0.1317843E+00   0.1209179E+00   0.3047077E-03
 56.00    48.00   59  0.5130003E+00   0.1616180E-01   0.9921106E-04
 57.00    48.00   59  0.1050247E+00   0.1141662E-02  -0.1481264E-03
 61.00    48.00   59  0.9952859E-01   0.5793592E-02   0.3271584E-03
 56.00    49.00   59  0.1205550E+00   0.3541791E-02   0.3457271E-03
 57.00    49.00   59  0.3995820E+00   0.7663056E-03   0.8492830E-04
 61.00    49.00   59  0.4712080E+00   0.1833892E-02   0.2118039E-03
 56.00    50.00   59  0.1883469E+00   0.2705620E-02   0.2929578E-03
 57.00    50.00   59  0.4436294E+00   0.5304888E-03   0.1251751E-03
 61.00    50.00   59  0.2459853E+00   0.4937865E-03   0.2513527E-03
 62.00    50.00   59  0.7500001E+00   0.8375669E+01   0.2500000E-03
 56.00    51.00   59  0.7590581E-01   0.3214535E-02   0.3855923E-03
 57.00    51.00   59  0.2415283E+00   0.4699712E-03   0.2521294E-03
 61.00    51.00   59  0.1513133E+00   0.2103905E-03   0.2931042E-03
 62.00    51.00   59  0.6054225E+00   0.1010613E+00   0.2178144E-03
 56.00    52.00   59  0.8835618E-02   0.3721579E-02   0.4685675E-03
 57.00    52.00   59  0.1693088E+00   0.7945413E-03   0.3054320E-03
 58.00    52.00   59  0.6086569E+00   0.3469785E-02  -0.1659459E-02
 61.00    52.00   59  0.2651438E+00   0.1701142E-03   0.2451520E-03
 62.00    52.00   59  0.7001487E+00   0.1426127E-01   0.2354624E-03
 56.00    53.00   59  0.5834280E+00   0.3528630E+00   0.6597192E-04
 57.00    53.00   59  0.2661998E+00   0.2619721E-02   0.2377543E-03
 58.00    53.00   59  0.4039822E+00   0.6164799E-03   0.1485315E-03
 61.00    53.00   59  0.3842150E+00   0.1129430E-03   0.2190530E-03
 62.00    53.00   59  0.6992635E+00   0.2634220E-02   0.2352397E-03
 56.00    54.00   59  0.2212328E+00   0.3761225E+00   0.2695612E-03
 57.00    54.00   59  0.2446516E+00   0.3842164E-02   0.2535784E-03
 58.00    54.00   59  0.4130139E+00   0.6076475E-03   0.1513566E-03
 59.00    54.00   59  0.5526856E+00   0.4203939E-03   0.5371278E-04
 60.00    54.00   59  0.1375463E+00   0.1524986E-03   0.1964094E-03
 61.00    54.00   59  0.4458902E+00   0.8165988E-04   0.2104016E-03
 62.00    54.00   59  0.6823552E+00   0.4759914E-03   0.2299595E-03
 63.00    54.00   59  0.7420418E+00   0.1203276E+01   0.2474030E-03
 56.00    55.00   59  0.9896464E-04   0.4194941E-03   0.4970789E-03
 57.00    55.00   59  0.4238791E-01   0.1118391E-02   0.4206460E-03
 58.00    55.00   59  0.1101445E+00   0.3194114E-03   0.3545523E-03
 59.00    55.00   59  0.2292821E+00   0.2017071E-03   0.2628213E-03
 60.00    55.00   59  0.9979756E+00   0.4865888E-03  -0.2505376E-03
 61.00    55.00   59  0.6214021E+00   0.7895965E-04   0.2092400E-03
 62.00    55.00   59  0.7179975E+00   0.1992420E-03   0.2356971E-03
 63.00    55.00   59  0.7403726E+00   0.3205208E-01   0.2468723E-03
 56.00    56.00   59  0.4970530E-04   0.2124066E-04   0.4979400E-03
 57.00    56.00   59  0.8738719E-02   0.1418951E-03   0.4687631E-03
 58.00    56.00   59  0.3736597E-01   0.1899387E-03   0.4265678E-03
 59.00    56.00   59  0.5542934E-01   0.1041494E-03   0.4062199E-03
 60.00    56.00   59  0.9533131E+00   0.3967676E-03  -0.1262260E-03
 61.00    56.00   59  0.6848432E+00   0.7292206E-04   0.2179067E-03
 62.00    56.00   59  0.7292400E+00   0.1367235E-03   0.2426817E-03
 63.00    56.00   59  0.7499999E+00   0.8146062E-02   0.2500000E-03
 54.00    57.00   59  0.9699862E-02   0.8800038E-02   0.4668573E-03
 55.00    57.00   59  0.7328306E-02   0.6021202E-03   0.4717144E-03
 56.00    57.00   59  0.8728349E-02   0.1360431E-03   0.4687842E-03
 57.00    57.00   59  0.4124241E-01   0.2126712E-03   0.4219757E-03
 58.00    57.00   59  0.3584742E-01   0.1382791E-03   0.4284088E-03
 59.00    57.00   59  0.8861598E-01   0.1417604E-03   0.3736538E-03
 60.00    57.00   59  0.9843469E+00   0.3550051E-03  -0.5411368E-04
 61.00    57.00   59  0.7316219E+00   0.7531745E-04   0.2173793E-03
 62.00    57.00   59  0.7385238E+00   0.1294570E-03   0.2369779E-03
 63.00    57.00   59  0.7854000E+00   0.7835140E-02   0.2258141E-03
 53.00    58.00   59  0.1371121E-02   0.1177758E-02   0.4886325E-03
 54.00    58.00   59  0.2618148E-02   0.4524493E-03   0.4839394E-03
 55.00    58.00   59  0.6783760E+00   0.2831816E-02   0.2597203E-04
 56.00    58.00   59  0.9999478E+00   0.9793281E-03   0.2113346E-05
 57.00    58.00   59  0.9642334E+00   0.6331053E-03   0.7149251E-04
 58.00    58.00   59  0.8722205E+00   0.7594413E-03  -0.3248267E-04
 59.00    58.00   59  0.8813707E+00   0.5750228E-03  -0.3402901E-04
 60.00    58.00   59  0.8736352E+00   0.1771656E-03   0.1423415E-03
 61.00    58.00   59  0.7431855E+00   0.6537903E-04   0.2337515E-03
 62.00    58.00   59  0.7511920E+00   0.1534181E-03   0.2359198E-03
 63.00    58.00   59  0.7889150E+00   0.7122666E-02   0.2233446E-03
 53.00    59.00   59  0.8400405E+00   0.1746668E+01   0.1857989E-03
 54.00    59.00   59  0.9995335E+00   0.3993861E-01   0.6466289E-05
 55.00    59.00   59  0.9628312E+00   0.1137468E-02   0.7319485E-04
 56.00    59.00   59  0.8316133E+00   0.3117401E-03   0.1922182E-03
 57.00    59.00   59  0.8026992E+00   0.1522274E-03   0.2135319E-03
 58.00    59.00   59  0.7985647E+00   0.1620329E-03   0.2164973E-03
 59.00    59.00   59  0.8166187E+00   0.1657205E-03   0.2033173E-03
 60.00    59.00   59  0.7765189E+00   0.9508509E-04   0.2259047E-03
 61.00    59.00   59  0.7420504E+00   0.5279395E-04   0.2399673E-03
 62.00    59.00   59  0.7497058E+00   0.1352316E-03   0.2430837E-03
 63.00    59.00   59  0.7697629E+00   0.5876677E-02   0.2366463E-03
 54.00    60.00   59  0.8150146E+00   0.4124209E-01   0.2045810E-03
 55.00    60.00   59  0.9643619E+00   0.4837347E-02   0.7133547E-04
 56.00    60.00   59  0.8660422E+00   0.1510506E-02   0.1653037E-03
 57.00    60.00   59  0.8244054E+00   0.4652750E-03   0.1976310E-03
 58.00    60.00   59  0.7984336E+00   0.1382907E-03   0.2165910E-03
 59.00    60.00   59  0.7786076E+00   0.8334088E-04   0.2305176E-03
 60.00    60.00   59  0.7660866E+00   0.6079974E-04   0.2386171E-03
 61.00    60.00   59  0.7545010E+00   0.4750726E-04   0.2428959E-03
 62.00    60.00   59  0.7583998E+00   0.1118018E-03   0.2393846E-03
 63.00    60.00   59  0.7613711E+00   0.2840637E-02   0.2423609E-03
 55.00    61.00   59  0.7500000E+00   0.5928493E+00   0.2500000E-03
 56.00    61.00   59  0.7506116E+00   0.1156635E-01   0.2495922E-03
 57.00    61.00   59  0.7680990E+00   0.7895827E-02   0.2377848E-03
 58.00    61.00   59  0.8003961E+00   0.8144664E-03   0.2151861E-03
 59.00    61.00   59  0.7895896E+00   0.2348896E-03   0.2228692E-03
 60.00    61.00   59  0.7837257E+00   0.1286606E-03   0.2269695E-03
 61.00    61.00   59  0.7709550E+00   0.7613236E-04   0.2351780E-03
 62.00    61.00   59  0.7708014E+00   0.1405529E-03   0.2343236E-03
 63.00    61.00   59  0.7638646E+00   0.2495573E-02   0.2406699E-03
 57.00    62.00   59  0.7500000E+00   0.5842255E-01   0.2500000E-03
 58.00    62.00   59  0.7500000E+00   0.1276863E+00   0.2500000E-03
 59.00    62.00   59  0.8133242E+00   0.4669578E-01   0.2058205E-03
 60.00    62.00   59  0.7797249E+00   0.3529138E-02   0.2297737E-03
 61.00    62.00   59  0.7840403E+00   0.5968266E-03   0.2267658E-03
 62.00    62.00   59  0.7942715E+00   0.5275903E-03   0.2195563E-03
 63.00    62.00   59  0.7703451E+00   0.4200215E-02   0.2362474E-03
 61.00    63.00   59  0.7781212E+00   0.1135648E+00   0.2308868E-03
 62.00    63.00   59  0.8528163E+00   0.2079099E-01   0.1758662E-03
 63.00    63.00   59  0.7838055E+00   0.4121680E-01   0.2269300E-03
 50.00    40.00   60  0.2206988E+00   0.1167851E-01   0.2699319E-03
 51.00    40.00   60  0.7512946E+00   0.3349472E-01   0.2491362E-03
 52.00    40.00   60  0.7499999E+00   0.8203007E-01   0.2500000E-03
 53.00    40.00   60  0.7500001E+00   0.3495202E-01   0.2500000E-03
 50.00    41.00   60  0.5185888E-01   0.4013984E-02   0.4100592E-03
 51.00    41.00   60  0.9252256E+00   0.4544478E-01  -0.3854226E-04
 52.00    41.00   60  0.7881848E+00   0.1795408E-01   0.2238587E-03
 53.00    41.00   60  0.7500000E+00   0.1052655E-01   0.2500000E-03
 54.00    41.00   60  0.7500000E+00   0.1551950E+00   0.2500000E-03
 50.00    42.00   60  0.3208872E-02   0.5438909E-03   0.4820693E-03
 51.00    42.00   60  0.8950412E+00   0.8149548E-02  -0.3599963E-04
 52.00    42.00   60  0.8530052E+00   0.3059703E-02   0.1757176E-03
 53.00    42.00   60  0.8049199E+00   0.2652144E-02   0.2119311E-03
 54.00    42.00   60  0.7727875E+00   0.7617333E-02   0.2345701E-03
 55.00    42.00   60  0.8465033E+00   0.8590625E-01   0.1808059E-03
 56.00    42.00   60  0.9715311E+00   0.3870374E+00   0.6224352E-04
 50.00    43.00   60  0.3495261E-03   0.3725769E-03   0.4944293E-03
 51.00    43.00   60  0.8351527E+00   0.1043190E-01  -0.2468715E-04
 52.00    43.00   60  0.8617952E+00   0.2328069E-02  -0.3052369E-04
 53.00    43.00   60  0.8846279E+00   0.7017046E-03   0.1499093E-03
 54.00    43.00   60  0.9762282E+00   0.1152301E-02   0.5586207E-04
 55.00    43.00   60  0.8082421E+00   0.2301813E-02  -0.1776777E-04
 56.00    43.00   60  0.9927415E+00   0.1258762E-01  -0.2087571E-04
 57.00    43.00   60  0.5627124E+00   0.2708780E-01   0.1583827E-03
 51.00    44.00   60  0.2912162E+00   0.8921466E-02   0.2232401E-03
 52.00    44.00   60  0.9027464E+00   0.2643089E-02  -0.3690849E-04
 53.00    44.00   60  0.9850320E+00   0.9141346E-03  -0.2756820E-04
 54.00    44.00   60  0.9231923E+00   0.6896412E-03  -0.3846630E-04
 55.00    44.00   60  0.5076079E+00   0.5710168E-03   0.1018752E-03
 56.00    44.00   60  0.3281387E+00   0.6600878E-03   0.2003874E-03
 57.00    44.00   60  0.9005179E+00   0.2901197E-02  -0.3717840E-04
 51.00    45.00   60  0.7105412E+00   0.1586876E+00   0.1381195E-04
 52.00    45.00   60  0.9986109E+00   0.1115959E-01   0.1144712E-04
 53.00    45.00   60  0.8302909E+00   0.3016927E-02  -0.2350745E-04
 54.00    45.00   60  0.8950037E+00   0.1914426E-02  -0.3599486E-04
 55.00    45.00   60  0.2417555E+00   0.1067727E-02   0.2555269E-03
 56.00    45.00   60  0.2910968E+00   0.5052461E-03   0.2233157E-03
 57.00    45.00   60  0.7479877E+00   0.8042392E-03   0.4853937E-06
 52.00    46.00   60  0.8566538E-01   0.5967073E-02   0.3763760E-03
 53.00    46.00   60  0.3467404E+00   0.8547375E-02   0.1892400E-03
 54.00    46.00   60  0.1763809E+00   0.3602125E-02   0.3017828E-03
 55.00    46.00   60  0.2302324E-01   0.2708761E-02   0.4451937E-03
 56.00    46.00   60  0.1880585E+00   0.1792085E-02   0.2931684E-03
 57.00    46.00   60  0.5962188E+00   0.1001189E-02   0.6003841E-04
 56.00    47.00   60  0.8541343E-01   0.3088124E-01   0.3766098E-03
 57.00    47.00   60  0.3739754E+00   0.1503826E-02   0.1729464E-03
 61.00    47.00   60  0.4016406E+00   0.1434315E-01   0.2169656E-03
 57.00    48.00   60  0.5605990E+00   0.5580977E-02   0.7642692E-04
 61.00    48.00   60  0.3528190E-01   0.1037364E-02   0.3934838E-03
 57.00    49.00   60  0.1372571E+00   0.4036210E-02   0.3320330E-03
 62.00    49.00   60  0.3661228E+00   0.1271239E-01   0.2218653E-03
 57.00    50.00   60  0.2365032E+00   0.2971571E-02   0.2590804E-03
 58.00    50.00   60  0.5482094E+00   0.9219008E-03  -0.2928253E-05
 62.00    50.00   60  0.2678319E+00   0.2149072E-02   0.2443322E-03
 57.00    51.00   60  0.1050253E+00   0.2033546E-02   0.3589836E-03
 58.00    51.00   60  0.2663115E+00   0.5016548E-03   0.2241348E-03
 62.00    51.00   60  0.1739035E+00   0.5931352E-03   0.2811690E-03
 63.00    51.00   60  0.7500000E+00   0.5319775E+02   0.2500000E-03
 57.00    52.00   60  0.4455761E-01   0.3774419E-02   0.4181588E-03
 58.00    52.00   60  0.2546459E+00   0.7925585E-03   0.2355155E-03
 62.00    52.00   60  0.2195914E+00   0.4070631E-03   0.2609944E-03
 63.00    52.00   60  0.6286031E+00   0.3643307E+00   0.2210369E-03
 57.00    53.00   60  0.6762484E-02   0.8457819E-02   0.4729602E-03
 58.00    53.00   60  0.2453766E+00   0.1592611E-02   0.2481549E-03
 59.00    53.00   60  0.2994438E+00   0.1398580E-02  -0.1656694E-03
 62.00    53.00   60  0.2875947E+00   0.2504274E-03   0.2386675E-03
 63.00    53.00   60  0.6414299E+00   0.4534817E-01   0.2231140E-03
 58.00    54.00   60  0.1304986E+00   0.2180334E-02   0.3375101E-03
 59.00    54.00   60  0.3073201E+00   0.6618476E-03   0.2094648E-03
 62.00    54.00   60  0.3906266E+00   0.1360315E-03   0.2181453E-03
 63.00    54.00   60  0.6707492E+00   0.2807310E-02   0.2286793E-03
 58.00    55.00   60  0.6056723E-01   0.1384238E-02   0.4008574E-03
 59.00    55.00   60  0.3312728E+00   0.6638971E-03   0.1984926E-03
 60.00    55.00   60  0.5080144E+00   0.4459844E-03   0.7933605E-04
 61.00    55.00   60  0.4246571E+00   0.2420559E-03   0.6725019E-04
 62.00    55.00   60  0.5873036E+00   0.8740772E-04   0.2115574E-03
 63.00    55.00   60  0.6988501E+00   0.5046297E-03   0.2250260E-03
 64.00    55.00   60  0.7499999E+00   0.4151354E+00   0.2500001E-03
 56.00    56.00   60  0.2368044E-05   0.1322179E-04   0.4995546E-03
 57.00    56.00   60  0.1564226E-02   0.1715365E-03   0.4878097E-03
 58.00    56.00   60  0.2701276E-01   0.4433149E-03   0.4396935E-03
 59.00    56.00   60  0.6810480E-01   0.3137488E-03   0.3932230E-03
 60.00    56.00   60  0.1555374E+00   0.2007974E-03   0.3166276E-03
 61.00    56.00   60  0.9061448E+00   0.3076656E-03  -0.3672217E-04
 62.00    56.00   60  0.6685631E+00   0.7357654E-04   0.2228886E-03
 63.00    56.00   60  0.7155693E+00   0.2708878E-03   0.2355138E-03
 64.00    56.00   60  0.7500000E+00   0.6077214E-01   0.2500000E-03
 55.00    57.00   60  0.2776489E-05   0.1162879E-04   0.4995176E-03
 56.00    57.00   60  0.1045428E-02   0.7938880E-04   0.4901484E-03
 57.00    57.00   60  0.1077527E-01   0.1552388E-03   0.4648086E-03
 58.00    57.00   60  0.1675426E-01   0.1356633E-03   0.4545716E-03
 59.00    57.00   60  0.1714880E-01   0.1123803E-03   0.4539482E-03
 60.00    57.00   60  0.1132210E+00   0.1685200E-03   0.3519139E-03
 61.00    57.00   60  0.9903867E+00   0.4055544E-03  -0.6336009E-04
 62.00    57.00   60  0.7100976E+00   0.9013727E-04   0.2254003E-03
 63.00    57.00   60  0.7366906E+00   0.2667181E-03   0.2364285E-03
 64.00    57.00   60  0.7500000E+00   0.5993397E-01   0.2500000E-03
 53.00    58.00   60  0.4323571E-02   0.3907372E-02   0.4788978E-03
 54.00    58.00   60  0.5933771E-03   0.2579611E-03   0.4926735E-03
 55.00    58.00   60  0.6465549E+00   0.3248548E-02   0.3872445E-04
 56.00    58.00   60  0.9992975E+00   0.1185330E-02  -0.7296912E-05
 57.00    58.00   60  0.9985847E+00   0.1170809E-02  -0.1014461E-04
 58.00    58.00   60  0.3649135E+00   0.6912090E-03   0.1785734E-03
 59.00    58.00   60  0.1627140E+00   0.2975223E-03   0.3120917E-03
 60.00    58.00   60  0.3043709E+00   0.3088305E-03   0.2149536E-03
 61.00    58.00   60  0.9577841E+00   0.3114192E-03   0.5641943E-04
 62.00    58.00   60  0.7450159E+00   0.9022436E-04   0.2305835E-03
 63.00    58.00   60  0.7505633E+00   0.2396800E-03   0.2373131E-03
 64.00    58.00   60  0.7500000E+00   0.7190664E-01   0.2500000E-03
 53.00    59.00   60  0.9804382E+00   0.1541970E+01  -0.3019755E-04
 54.00    59.00   60  0.9466137E+00   0.7520328E-01  -0.3820186E-04
 55.00    59.00   60  0.9887084E+00   0.1590737E-02   0.3614704E-04
 56.00    59.00   60  0.8407129E+00   0.3550890E-03   0.1852824E-03
 57.00    59.00   60  0.7981624E+00   0.1829841E-03   0.2167848E-03
 58.00    59.00   60  0.8095421E+00   0.2510199E-03   0.2085808E-03
 59.00    59.00   60  0.9157907E+00   0.4394474E-03   0.1222701E-03
 60.00    59.00   60  0.9876199E+00   0.4812954E-03   0.3746082E-04
 61.00    59.00   60  0.8277797E+00   0.1661999E-03   0.1718597E-03
 62.00    59.00   60  0.7391468E+00   0.8218746E-04   0.2336109E-03
 63.00    59.00   60  0.7458006E+00   0.2936919E-03   0.2436004E-03
 64.00    59.00   60  0.7500001E+00   0.1329170E+00   0.2500000E-03
 54.00    60.00   60  0.7658090E+00   0.2128803E-01   0.2393472E-03
 55.00    60.00   60  0.9405361E+00   0.7811774E-02   0.9800095E-04
 56.00    60.00   60  0.9299264E+00   0.2275118E-02   0.1087271E-03
 57.00    60.00   60  0.8343306E+00   0.6142352E-03   0.1901595E-03
 58.00    60.00   60  0.7993649E+00   0.1769842E-03   0.2159249E-03
 59.00    60.00   60  0.7859772E+00   0.1290979E-03   0.2254094E-03
 60.00    60.00   60  0.7891315E+00   0.1277219E-03   0.2228985E-03
 61.00    60.00   60  0.7608109E+00   0.9284470E-04   0.2335913E-03
 62.00    60.00   60  0.7398457E+00   0.7853534E-04   0.2403934E-03
 63.00    60.00   60  0.7483550E+00   0.3205348E-03   0.2384387E-03
 64.00    60.00   60  0.7500000E+00   0.7108296E-01   0.2500000E-03
 56.00    61.00   60  0.7499999E+00   0.4088436E-01   0.2500000E-03
 57.00    61.00   60  0.7577856E+00   0.7928732E-02   0.2447823E-03
 58.00    61.00   60  0.8169661E+00   0.9247821E-03   0.2031460E-03
 59.00    61.00   60  0.7855505E+00   0.2194926E-03   0.2257086E-03
 60.00    61.00   60  0.7889455E+00   0.1293428E-03   0.2232399E-03
 61.00    61.00   60  0.7683824E+00   0.8358034E-04   0.2363584E-03
 62.00    61.00   60  0.7579553E+00   0.7185703E-04   0.2413363E-03
 63.00    61.00   60  0.7668405E+00   0.2291238E-03   0.2339516E-03
 64.00    61.00   60  0.7893773E+00   0.1664326E-01   0.2230189E-03
 57.00    62.00   60  0.7499999E+00   0.3917038E-01   0.2500000E-03
 58.00    62.00   60  0.7500001E+00   0.1099441E+00   0.2500000E-03
 59.00    62.00   60  0.8006146E+00   0.1282603E-01   0.2150295E-03
 60.00    62.00   60  0.7880201E+00   0.1586482E-02   0.2239746E-03
 61.00    62.00   60  0.7789137E+00   0.2841096E-03   0.2299034E-03
 62.00    62.00   60  0.7695988E+00   0.1187648E-03   0.2362497E-03
 63.00    62.00   60  0.7762319E+00   0.2511989E-03   0.2310838E-03
 64.00    62.00   60  0.7635698E+00   0.5855269E-02   0.2408701E-03
 60.00    63.00   60  0.7696866E+00   0.1487825E+01   0.2366986E-03
 61.00    63.00   60  0.7670919E+00   0.7617899E-02   0.2384725E-03
 62.00    63.00   60  0.7769803E+00   0.1049001E-02   0.2316770E-03
 63.00    63.00   60  0.7911690E+00   0.8926850E-03   0.2217543E-03
 64.00    63.00   60  0.7642795E+00   0.6361151E-02   0.2403879E-03
 61.00    64.00   60  0.7500000E+00   0.1738195E+01   0.2500000E-03
 62.00    64.00   60  0.7551963E+00   0.3395719E-01   0.2465237E-03
 63.00    64.00   60  0.8256721E+00   0.1065611E-01   0.1966847E-03
 64.00    64.00   60  0.7745880E+00   0.2183850E-01   0.2333299E-03
 63.00    65.00   60  0.7500000E+00   0.1641172E+00   0.2500000E-03
 64.00    65.00   60  0.7500001E+00   0.2472893E+00   0.2500000E-03
 50.00    40.00   61  0.3309935E-02   0.1154241E-02   0.4817645E-03
 51.00    40.00   61  0.5463818E+00   0.6319499E-01   0.8309388E-04
 50.00    41.00   61  0.1161994E-01   0.1246730E-02   0.4632534E-03
 51.00    41.00   61  0.8235698E+00   0.1874792E-01   0.1982539E-03
 52.00    41.00   61  0.7500002E+00   0.2388029E+00   0.2500000E-03
 53.00    41.00   61  0.7500001E+00   0.3779395E-01   0.2500000E-03
 54.00    41.00   61  0.7500000E+00   0.3644536E-01   0.2500000E-03
 50.00    42.00   61  0.6249162E-07   0.2599326E-05   0.4999278E-03
 51.00    42.00   61  0.2295520E-01   0.3360710E-02   0.4452902E-03
 52.00    42.00   61  0.9750810E+00   0.5717522E-02   0.5745745E-04
 53.00    42.00   61  0.8659424E+00   0.4184364E-02   0.1653844E-03
 54.00    42.00   61  0.8805248E+00   0.1037077E-01   0.1533685E-03
 51.00    43.00   61  0.1751368E+00   0.6788640E-02   0.3027107E-03
 52.00    43.00   61  0.9449072E+00   0.3350684E-02  -0.3831810E-04
 53.00    43.00   61  0.9157499E+00   0.1014414E-02   0.1223081E-03
 54.00    43.00   61  0.7918465E+00   0.1532669E-02   0.2212752E-03
 55.00    43.00   61  0.8589314E+00   0.3572987E-01   0.1710199E-03
 56.00    43.00   61  0.8893079E+00   0.2892718E+00  -0.3522594E-04
 51.00    44.00   61  0.1384994E-02   0.4285183E-03   0.4885718E-03
 52.00    44.00   61  0.2976122E+00   0.2432156E-02   0.2192093E-03
 53.00    44.00   61  0.9659016E+00   0.9249185E-03   0.6943854E-04
 54.00    44.00   61  0.9577157E+00   0.7426640E-03   0.7923422E-04
 55.00    44.00   61  0.9772067E+00   0.1889888E-02  -0.3168627E-04
 56.00    44.00   61  0.9927487E+00   0.4359991E-02  -0.2086686E-04
 57.00    44.00   61  0.9989759E+00   0.9790655E-02  -0.8936040E-05
 51.00    45.00   61  0.4510043E-04   0.2298062E-03   0.4980389E-03
 52.00    45.00   61  0.8732536E+00   0.3098953E-01  -0.3266573E-04
 53.00    45.00   61  0.9997076E+00   0.3505733E-02  -0.4790723E-05
 54.00    45.00   61  0.9926988E+00   0.7931774E-03  -0.2092571E-04
 55.00    45.00   61  0.7527347E+00   0.7574721E-03  -0.9082141E-06
 56.00    45.00   61  0.5839612E+00   0.9339856E-03   0.6573138E-04
 57.00    45.00   61  0.6108646E+00   0.1134929E-02   0.5382291E-04
 58.00    45.00   61  0.9873626E+00   0.3800943E-02  -0.4369492E-04
 52.00    46.00   61  0.2748045E+00   0.3225461E-01   0.2337286E-03
 53.00    46.00   61  0.9614450E+00   0.1449487E-01   0.7485671E-04
 54.00    46.00   61  0.9051362E+00   0.4114854E-02  -0.3715756E-04
 55.00    46.00   61  0.5998625E+00   0.2164382E-02   0.5863927E-04
 56.00    46.00   61  0.2115971E+00   0.6319983E-03   0.2762948E-03
 57.00    46.00   61  0.4230001E+00   0.5704664E-03   0.1458842E-03
 58.00    46.00   61  0.6325426E+00   0.8811660E-03   0.4070773E-04
 52.00    47.00   61  0.7721042E+00   0.7969806E+00   0.2350400E-03
 53.00    47.00   61  0.8470125E+00   0.1247588E+00  -0.2742215E-04
 54.00    47.00   61  0.5542809E-02   0.2107894E-02   0.4757964E-03
 55.00    47.00   61  0.8573188E-01   0.8471246E-02   0.3763144E-03
 56.00    47.00   61  0.6972683E-01   0.2991999E-02   0.3916151E-03
 57.00    47.00   61  0.2213007E+00   0.1548702E-02   0.2695141E-03
 58.00    47.00   61  0.5448826E+00   0.8128849E-03   0.8004840E-04
 62.00    47.00   61  0.7500001E+00   0.6106290E+00   0.2500000E-03
 55.00    48.00   61  0.3339142E-01   0.1425016E+02   0.4314420E-03
 56.00    48.00   61  0.4915278E-03   0.4923302E-01   0.4933558E-03
 57.00    48.00   61  0.1705780E-01   0.6230228E-02   0.4540915E-03
 58.00    48.00   61  0.2772602E+00   0.1339576E-02   0.2301111E-03
 62.00    48.00   61  0.9675347E-03   0.7246534E-03   0.4820501E-03
 58.00    49.00   61  0.1242073E+00   0.1608042E-02   0.3425148E-03
 62.00    49.00   61  0.2434173E+00   0.1440012E-02   0.2522331E-03
 63.00    49.00   61  0.7144595E+00   0.3927517E-01   0.2392274E-03
 58.00    50.00   61  0.2011193E+00   0.1855925E-02   0.2837286E-03
 63.00    50.00   61  0.4404590E+00   0.6153245E-02   0.2133790E-03
 58.00    51.00   61  0.7127281E-01   0.9051914E-03   0.3900933E-03
 59.00    51.00   61  0.3574855E+00   0.6105313E-03   0.1115854E-03
 63.00    51.00   61  0.3399451E+00   0.1357691E-02   0.2265148E-03
 64.00    51.00   61  0.7499999E+00   0.1018000E+02   0.2500000E-03
 58.00    52.00   61  0.1021395E+00   0.2106123E-02   0.3615103E-03
 59.00    52.00   61  0.3453346E+00   0.6637341E-03   0.1695307E-03
 63.00    52.00   61  0.2469219E+00   0.7198083E-03   0.2510345E-03
 64.00    52.00   61  0.7500000E+00   0.7469881E+00   0.2500000E-03
 58.00    53.00   61  0.1720286E+00   0.1443439E-01   0.3050381E-03
 59.00    53.00   61  0.2360990E+00   0.1051742E-02   0.2481484E-03
 63.00    53.00   61  0.1877387E+00   0.4293259E-03   0.2745428E-03
 64.00    53.00   61  0.7499999E+00   0.1846456E+00   0.2500000E-03
 58.00    54.00   61  0.2430282E-01   0.4690573E-01   0.4433962E-03
 59.00    54.00   61  0.2602784E+00   0.2717412E-02   0.2431941E-03
 60.00    54.00   61  0.2618653E+00   0.8397296E-03   0.1652925E-03
 63.00    54.00   61  0.3364212E+00   0.2485748E-03   0.2271768E-03
 64.00    54.00   61  0.6978143E+00   0.1384054E-01   0.2348777E-03
 58.00    55.00   61  0.8917037E-01   0.2170484E-01   0.3731454E-03
 59.00    55.00   61  0.2652049E+00   0.4121847E-02   0.2399641E-03
 60.00    55.00   61  0.3333148E+00   0.7222936E-03   0.1942413E-03
 61.00    55.00   61  0.4987743E+00   0.6783305E-03  -0.5627325E-04
 62.00    55.00   61  0.1462310E+00   0.1259457E-03   0.2554489E-03
 63.00    55.00   61  0.5240043E+00   0.1376603E-03   0.2094471E-03
 64.00    55.00   61  0.6947043E+00   0.1379674E-02   0.2296876E-03
 65.00    55.00   61  0.7500001E+00   0.2434729E+02   0.2500000E-03
 57.00    56.00   61  0.8423171E-05   0.3637364E-04   0.4991580E-03
 58.00    56.00   61  0.2999988E-02   0.5049760E-03   0.4827124E-03
 59.00    56.00   61  0.1548578E-01   0.6332634E-03   0.4566131E-03
 60.00    56.00   61  0.1615954E+00   0.4551358E-03   0.3129470E-03
 61.00    56.00   61  0.3859310E+00   0.2865072E-03   0.1536321E-03
 62.00    56.00   61  0.7099918E+00   0.2470606E-03   0.5716432E-04
 63.00    56.00   61  0.6559619E+00   0.8847019E-04   0.2223759E-03
 64.00    56.00   61  0.7080574E+00   0.4016809E-03   0.2356952E-03
 65.00    56.00   61  0.7500000E+00   0.6457357E+00   0.2500000E-03
 55.00    57.00   61  0.2192299E-02   0.3035381E-03   0.4854024E-03
 56.00    57.00   61  0.4610754E-02   0.1644074E-03   0.4781381E-03
 57.00    57.00   61  0.2731006E-02   0.8829800E-04   0.4835693E-03
 58.00    57.00   61  0.1778344E-01   0.2527299E-03   0.4529560E-03
 59.00    57.00   61  0.2678085E-01   0.2760878E-03   0.4400052E-03
 60.00    57.00   61  0.3671745E-01   0.1705618E-03   0.4273510E-03
 61.00    57.00   61  0.1597641E+00   0.2000789E-03   0.3125738E-03
 62.00    57.00   61  0.7917126E+00   0.2242806E-03   0.1088385E-03
 63.00    57.00   61  0.6939066E+00   0.8412298E-04   0.2305899E-03
 64.00    57.00   61  0.7212225E+00   0.4140970E-03   0.2410650E-03
 65.00    57.00   61  0.7500001E+00   0.4385173E+00   0.2500000E-03
 53.00    58.00   61  0.5714525E-01   0.1884368E-01   0.4044201E-03
 54.00    58.00   61  0.1399447E-01   0.2005404E-02   0.4590928E-03
 55.00    58.00   61  0.8462612E+00   0.3300993E-02  -0.2725521E-04
 56.00    58.00   61  0.9757990E+00   0.9257125E-03   0.5646190E-04
 57.00    58.00   61  0.9806320E+00   0.1129080E-02  -0.3009976E-04
 58.00    58.00   61  0.1676799E+00   0.5645676E-03   0.3083163E-03
 59.00    58.00   61  0.5898333E-01   0.2094769E-03   0.4024984E-03
 60.00    58.00   61  0.6061886E-01   0.1538760E-03   0.4008041E-03
 61.00    58.00   61  0.2146075E+00   0.2967060E-03   0.2732716E-03
 62.00    58.00   61  0.8209328E+00   0.1952439E-03   0.1465810E-03
 63.00    58.00   61  0.7241055E+00   0.7959208E-04   0.2334008E-03
 64.00    58.00   61  0.7459899E+00   0.5464728E-03   0.2410040E-03
 65.00    58.00   61  0.7500000E+00   0.1062604E+01   0.2500000E-03
 53.00    59.00   61  0.8664128E+00   0.2783971E+00   0.1650033E-03
 54.00    59.00   61  0.9992998E+00   0.4968477E-01  -0.7286260E-05
 55.00    59.00   61  0.9246105E+00   0.1311729E-02   0.1139104E-03
 56.00    59.00   61  0.8250282E+00   0.4591063E-03   0.1971660E-03
 57.00    59.00   61  0.8045399E+00   0.2376054E-03   0.2122055E-03
 58.00    59.00   61  0.8383982E+00   0.3255644E-03   0.1870579E-03
 59.00    59.00   61  0.9752457E+00   0.7702152E-03   0.5722998E-04
 60.00    59.00   61  0.9072765E+00   0.9595882E-03  -0.3736705E-04
 61.00    59.00   61  0.8261397E+00   0.8134886E-03  -0.2441346E-04
 62.00    59.00   61  0.7924832E+00   0.1952291E-03   0.1853791E-03
 63.00    59.00   61  0.7261158E+00   0.9880815E-04   0.2359036E-03
 64.00    59.00   61  0.7610469E+00   0.8902979E-03   0.2356001E-03
 65.00    59.00   61  0.7500000E+00   0.1209099E+01   0.2500000E-03
 54.00    60.00   61  0.7509243E+00   0.1225922E-01   0.2493834E-03
 55.00    60.00   61  0.9105027E+00   0.1548165E-01   0.1271539E-03
 56.00    60.00   61  0.8786251E+00   0.4110252E-02   0.1549580E-03
 57.00    60.00   61  0.8859075E+00   0.1207735E-02   0.1488229E-03
 58.00    60.00   61  0.8175314E+00   0.2997669E-03   0.2027293E-03
 59.00    60.00   61  0.7858294E+00   0.1697104E-03   0.2255131E-03
 60.00    60.00   61  0.7992759E+00   0.1888912E-03   0.2159885E-03
 61.00    60.00   61  0.8652527E+00   0.3484635E-03   0.1646188E-03
 62.00    60.00   61  0.7757237E+00   0.1857892E-03   0.2109221E-03
 63.00    60.00   61  0.7371758E+00   0.1269513E-03   0.2398114E-03
 64.00    60.00   61  0.7544140E+00   0.9370169E-03   0.2392786E-03
 65.00    60.00   61  0.7500000E+00   0.2953892E+01   0.2500000E-03
 56.00    61.00   61  0.7500002E+00   0.4732904E-01   0.2500000E-03
 57.00    61.00   61  0.7549651E+00   0.1111706E-01   0.2466789E-03
 58.00    61.00   61  0.8053249E+00   0.1830150E-02   0.2116385E-03
 59.00    61.00   61  0.7917386E+00   0.3170243E-03   0.2213514E-03
 60.00    61.00   61  0.7929344E+00   0.1590226E-03   0.2205048E-03
 61.00    61.00   61  0.7846445E+00   0.1382749E-03   0.2259305E-03
 62.00    61.00   61  0.7623723E+00   0.1084129E-03   0.2350922E-03
 63.00    61.00   61  0.7448858E+00   0.1004654E-03   0.2413650E-03
 64.00    61.00   61  0.7502158E+00   0.5010246E-03   0.2433745E-03
 65.00    61.00   61  0.7500001E+00   0.6725270E-01   0.2500000E-03
 57.00    62.00   61  0.7499999E+00   0.6382480E-01   0.2500000E-03
 58.00    62.00   61  0.7500001E+00   0.2422920E+00   0.2500000E-03
 59.00    62.00   61  0.9902337E+00   0.2574901E-01   0.3327191E-04
 60.00    62.00   61  0.7917556E+00   0.1312142E-02   0.2213395E-03
 61.00    62.00   61  0.7812699E+00   0.2636918E-03   0.2284856E-03
 62.00    62.00   61  0.7689663E+00   0.1062682E-03   0.2353702E-03
 63.00    62.00   61  0.7601274E+00   0.8582402E-04   0.2393358E-03
 64.00    62.00   61  0.7596951E+00   0.2790984E-03   0.2402696E-03
 65.00    62.00   61  0.7652438E+00   0.1853509E-01   0.2397321E-03
 60.00    63.00   61  0.7703891E+00   0.3472200E+00   0.2362172E-03
 61.00    63.00   61  0.7815804E+00   0.3285082E-02   0.2284828E-03
 62.00    63.00   61  0.7732990E+00   0.4308804E-03   0.2339179E-03
 63.00    63.00   61  0.7724253E+00   0.1562665E-03   0.2336301E-03
 64.00    63.00   61  0.7678628E+00   0.2884222E-03   0.2372799E-03
 65.00    63.00   61  0.7601386E+00   0.1037929E-01   0.2431945E-03
 61.00    64.00   61  0.7539650E+00   0.2983241E+00   0.2473496E-03
 62.00    64.00   61  0.7631760E+00   0.3628077E-02   0.2411376E-03
 63.00    64.00   61  0.7761590E+00   0.7464038E-03   0.2322450E-03
 64.00    64.00   61  0.7654745E+00   0.5670698E-03   0.2395750E-03
 65.00    64.00   61  0.7588139E+00   0.1259098E-01   0.2440893E-03
 62.00    65.00   61  0.7500001E+00   0.1752101E+01   0.2500000E-03
 63.00    65.00   61  0.7594647E+00   0.1368995E-01   0.2436499E-03
 64.00    65.00   61  0.7579007E+00   0.3860293E-02   0.2447049E-03
 65.00    65.00   61  0.7500002E+00   0.2014866E-01   0.2500000E-03
 63.00    66.00   61  0.7500000E+00   0.9703919E+00   0.2500000E-03
 64.00    66.00   61  0.7500000E+00   0.7775928E-01   0.2500000E-03
 65.00    66.00   61  0.7499999E+00   0.1459643E+00   0.2500000E-03
 53.00    40.00   62  0.7500001E+00   0.5175266E+00   0.2500000E-03
 54.00    40.00   62  0.7500001E+00   0.1600954E+00   0.2500000E-03
 51.00    41.00   62  0.9945688E+00   0.3237274E-01   0.2393249E-04
 52.00    41.00   62  0.7500002E+00   0.8181570E-01   0.2500000E-03
 53.00    41.00   62  0.7500000E+00   0.2246580E-01   0.2500000E-03
 54.00    41.00   62  0.7500001E+00   0.1476311E-01   0.2500000E-03
 55.00    41.00   62  0.7500001E+00   0.7328049E+00   0.2500000E-03
 51.00    42.00   62  0.5264679E+00   0.2195102E-01   0.9263091E-04
 52.00    42.00   62  0.9033433E+00   0.1730701E-01  -0.3697217E-04
 53.00    42.00   62  0.8844551E+00   0.3973322E-02   0.1500558E-03
 54.00    42.00   62  0.7748674E+00   0.5273898E-02   0.2331372E-03
 55.00    42.00   62  0.7500000E+00   0.1833878E+00   0.2500000E-03
 52.00    43.00   62  0.7195578E+00   0.6254350E-02   0.1054379E-04
 53.00    43.00   62  0.9999844E+00   0.2117669E-02  -0.1135748E-05
 54.00    43.00   62  0.7821912E+00   0.1348133E-02   0.2280569E-03
 55.00    43.00   62  0.7606673E+00   0.1243717E-01   0.2428372E-03
 56.00    43.00   62  0.7500000E+00   0.1084932E+02   0.2500000E-03
 52.00    44.00   62  0.9537357E-01   0.2196485E-02   0.3675206E-03
 53.00    44.00   62  0.9820580E+00   0.2373719E-02  -0.2934784E-04
 54.00    44.00   62  0.9903303E+00   0.1048582E-02   0.3308416E-04
 55.00    44.00   62  0.9430894E+00   0.3268637E-02   0.9533323E-04
 56.00    44.00   62  0.7824519E+00   0.3135885E-01   0.2278752E-03
 57.00    44.00   62  0.7500001E+00   0.5970739E+00   0.2500000E-03
 52.00    45.00   62  0.7459834E+00   0.1159066E-01   0.1345994E-05
 53.00    45.00   62  0.9955175E+00   0.4416919E-02   0.2152516E-04
 54.00    45.00   62  0.8922014E+00   0.1062654E-02  -0.3562629E-04
 55.00    45.00   62  0.9891863E+00   0.8839741E-03  -0.2444937E-04
 56.00    45.00   62  0.9923444E+00   0.2418324E-02  -0.2133346E-04
 57.00    45.00   62  0.8300012E+00   0.1428268E-01  -0.2343609E-04
 58.00    45.00   62  0.8167336E+00   0.2535546E-01  -0.2630136E-04
 52.00    46.00   62  0.6693512E+00   0.6910095E-01   0.2951815E-04
 53.00    46.00   62  0.9941453E+00   0.2332282E-01   0.2495092E-04
 54.00    46.00   62  0.9856676E+00   0.3429064E-02  -0.2714503E-04
 55.00    46.00   62  0.9961811E+00   0.1044251E-02  -0.1589616E-04
 56.00    46.00   62  0.8029753E+00   0.8085434E-03  -0.1630851E-04
 57.00    46.00   62  0.3481483E+00   0.7657877E-03   0.1884059E-03
 58.00    46.00   62  0.4763934E+00   0.1060771E-02   0.1176267E-03
 59.00    46.00   62  0.9714887E+00   0.3392237E-02  -0.1016469E-03
 53.00    47.00   62  0.9974359E+00   0.2183399E+00   0.1588016E-04
 54.00    47.00   62  0.4941731E-01   0.4399932E-02   0.4127246E-03
 55.00    47.00   62  0.4187515E+00   0.5149751E-02   0.1482051E-03
 56.00    47.00   62  0.1972362E+00   0.9459603E-03   0.2865146E-03
 57.00    47.00   62  0.9805629E-01   0.3290600E-03   0.3651226E-03
 58.00    47.00   62  0.3241056E+00   0.5337939E-03   0.2028358E-03
 59.00    47.00   62  0.6738559E+00   0.1126213E-02   0.9112409E-06
 54.00    48.00   62  0.3201541E-03   0.2573369E-03   0.4946755E-03
 55.00    48.00   62  0.7016184E-01   0.8007202E-02   0.3911858E-03
 56.00    48.00   62  0.1595704E+00   0.9971617E-02   0.3145000E-03
 57.00    48.00   62  0.8963839E-02   0.8542042E-03   0.4683098E-03
 58.00    48.00   62  0.1887684E+00   0.1809295E-02   0.2926501E-03
 59.00    48.00   62  0.3480516E+00   0.9394456E-03   0.1470415E-03
 54.00    49.00   62  0.3178211E-01   0.1080579E+00   0.4334697E-03
 55.00    49.00   62  0.1039553E+00   0.7927965E-01   0.3599180E-03
 56.00    49.00   62  0.2525169E-04   0.1757738E-02   0.4985368E-03
 58.00    49.00   62  0.5631717E-01   0.1736799E-01   0.4052922E-03
 59.00    49.00   62  0.1571770E+00   0.1392932E-02   0.2923865E-03
 63.00    49.00   62  0.8263788E-01   0.1934190E-02   0.3410358E-03
 64.00    49.00   62  0.2520100E+00   0.8004128E-01   0.2493336E-03
 58.00    50.00   62  0.9666479E+00   0.4877212E+00  -0.3515679E-04
 59.00    50.00   62  0.1082505E+00   0.1315409E-02   0.3552385E-03
 64.00    50.00   62  0.2793888E+00   0.8277528E-02   0.2409435E-03
 65.00    50.00   62  0.7500001E+00   0.1503466E+02   0.2500000E-03
 58.00    51.00   62  0.4056226E+00   0.1726489E+00   0.1554457E-03
 59.00    51.00   62  0.1556893E+00   0.1320370E-02   0.3174932E-03
 60.00    51.00   62  0.1079760E-03   0.2463582E-04   0.4853914E-03
 64.00    51.00   62  0.2645950E+00   0.1939081E-02   0.2453208E-03
 65.00    51.00   62  0.7500000E+00   0.1627040E+01   0.2500000E-03
 59.00    52.00   62  0.2926487E+00   0.2362873E-02   0.2223346E-03
 60.00    52.00   62  0.4648638E+00   0.8814392E-03   0.4312626E-04
 64.00    52.00   62  0.1080496E+00   0.7382286E-03   0.3207656E-03
 65.00    52.00   62  0.7500000E+00   0.1265823E+01   0.2500000E-03
 59.00    53.00   62  0.5408613E+00   0.8924435E-02   0.8571462E-04
 60.00    53.00   62  0.3650197E+00   0.9052326E-03   0.1640179E-03
 64.00    53.00   62  0.8170246E-01   0.4149269E-03   0.3418575E-03
 65.00    53.00   62  0.4430383E+00   0.5461909E-01   0.2132043E-03
 59.00    54.00   62  0.1238660E+00   0.3069715E-01   0.3429692E-03
 60.00    54.00   62  0.2846445E+00   0.1965559E-02   0.2224238E-03
 61.00    54.00   62  0.4466855E+00   0.1368441E-02  -0.1699209E-03
 64.00    54.00   62  0.2257097E+00   0.3445887E-03   0.2585117E-03
 65.00    54.00   62  0.6925761E+00   0.1808987E-01   0.2335953E-03
 59.00    55.00   62  0.2437738E+00   0.2560210E+00   0.2541682E-03
 60.00    55.00   62  0.1647921E+00   0.2701604E-02   0.3061746E-03
 61.00    55.00   62  0.3231585E+00   0.7755960E-03   0.1685690E-03
 62.00    55.00   62  0.2022688E+00   0.4279270E-02  -0.2672656E-02
 63.00    55.00   62  0.2185254E-04   0.1662960E-05   0.4970107E-03
 64.00    55.00   62  0.4800286E+00   0.1980989E-03   0.2109591E-03
 65.00    55.00   62  0.6702932E+00   0.2755689E-02   0.2280663E-03
 56.00    56.00   62  0.8290823E-04   0.2297729E-03   0.4973302E-03
 57.00    56.00   62  0.2110069E-03   0.2298428E-03   0.4957016E-03
 58.00    56.00   62  0.4757851E-04   0.1495880E-03   0.4979851E-03
 59.00    56.00   62  0.2435617E-02   0.1270026E-02   0.4845529E-03
 60.00    56.00   62  0.1276747E+00   0.2595400E-02   0.3398239E-03
 61.00    56.00   62  0.2047252E+00   0.5201096E-03   0.2810583E-03
 62.00    56.00   62  0.4961856E+00   0.5157777E-03   0.7026587E-04
 63.00    56.00   62  0.5598412E+00   0.2726808E-03   0.1013953E-03
 64.00    56.00   62  0.6137953E+00   0.1280751E-03   0.2154196E-03
 65.00    56.00   62  0.7052740E+00   0.8235431E-03   0.2300240E-03
 66.00    56.00   62  0.7499998E+00   0.8281797E+00   0.2500001E-03
 55.00    57.00   62  0.1173600E+00   0.6566899E-02   0.3484103E-03
 56.00    57.00   62  0.9932621E-01   0.9799737E-03   0.3639943E-03
 57.00    57.00   62  0.7825207E-01   0.5981925E-03   0.3833451E-03
 58.00    57.00   62  0.1067261E-01   0.2089612E-03   0.4650007E-03
 59.00    57.00   62  0.1718518E-01   0.4217718E-03   0.4538909E-03
 60.00    57.00   62  0.4549277E-01   0.6069852E-03   0.4170988E-03
 61.00    57.00   62  0.8207245E-01   0.3143476E-03   0.3797297E-03
 62.00    57.00   62  0.3289205E+00   0.3690545E-03   0.1875869E-03
 63.00    57.00   62  0.7620689E+00   0.2265844E-03   0.1247723E-03
 64.00    57.00   62  0.6760083E+00   0.1240281E-03   0.2242856E-03
 65.00    57.00   62  0.7261227E+00   0.7076100E-03   0.2394712E-03
 66.00    57.00   62  0.7500000E+00   0.1617185E+00   0.2500000E-03
 53.00    58.00   62  0.5116839E-03   0.9417221E-03   0.4932159E-03
 54.00    58.00   62  0.8983774E-03   0.5132048E-03   0.4909023E-03
 55.00    58.00   62  0.9999136E+00   0.3353540E-02  -0.2641056E-05
 56.00    58.00   62  0.8990827E+00   0.7521086E-03   0.1374132E-03
 57.00    58.00   62  0.9053085E+00   0.5681707E-03   0.1318666E-03
 58.00    58.00   62  0.7341943E+00   0.1248848E-02   0.5377340E-05
 59.00    58.00   62  0.3917550E-01   0.2257673E-03   0.4244057E-03
 60.00    58.00   62  0.3747078E-01   0.1761267E-03   0.4264417E-03
 61.00    58.00   62  0.5002762E-01   0.1888888E-03   0.4120545E-03
 62.00    58.00   62  0.2948763E+00   0.3515559E-03   0.2112088E-03
 63.00    58.00   62  0.7693872E+00   0.1403936E-03   0.1675051E-03
 64.00    58.00   62  0.7212943E+00   0.1109748E-03   0.2329099E-03
 65.00    58.00   62  0.7474852E+00   0.9551946E-03   0.2397989E-03
 66.00    58.00   62  0.7500000E+00   0.4554869E+00   0.2500000E-03
 53.00    59.00   62  0.2435066E+00   0.2762527E+00   0.2543478E-03
 54.00    59.00   62  0.1578771E+00   0.1725702E-01   0.3158031E-03
 55.00    59.00   62  0.9056349E+00   0.1856418E-02   0.1315726E-03
 56.00    59.00   62  0.8710381E+00   0.1088053E-02   0.1612327E-03
 57.00    59.00   62  0.8217037E+00   0.4303019E-03   0.1996420E-03
 58.00    59.00   62  0.8457561E+00   0.3794762E-03   0.1813865E-03
 59.00    59.00   62  0.9792571E+00   0.7171639E-03   0.5151410E-04
 60.00    59.00   62  0.9429625E+00   0.1212282E-02  -0.3842916E-04
 61.00    59.00   62  0.6161855E+00   0.9655637E-03   0.5152056E-04
 62.00    59.00   62  0.7914504E+00   0.7962663E-03  -0.1518568E-04
 63.00    59.00   62  0.7665574E+00   0.1475875E-03   0.1995225E-03
 64.00    59.00   62  0.7339939E+00   0.1350073E-03   0.2362127E-03
 65.00    59.00   62  0.7660447E+00   0.1715832E-02   0.2339826E-03
 66.00    59.00   62  0.7500001E+00   0.8781500E+01   0.2500000E-03
 54.00    60.00   62  0.7500001E+00   0.8035125E-01   0.2500000E-03
 55.00    60.00   62  0.7499999E+00   0.2149331E-01   0.2500001E-03
 56.00    60.00   62  0.7918590E+00   0.8760353E-02   0.2212664E-03
 57.00    60.00   62  0.8478699E+00   0.3923043E-02   0.1797418E-03
 58.00    60.00   62  0.8332782E+00   0.5879211E-03   0.1909581E-03
 59.00    60.00   62  0.8005977E+00   0.2120608E-03   0.2150415E-03
 60.00    60.00   62  0.7908532E+00   0.1821445E-03   0.2219774E-03
 61.00    60.00   62  0.8688101E+00   0.3295731E-03   0.1630540E-03
 62.00    60.00   62  0.9559258E+00   0.6119582E-03   0.7861078E-04
 63.00    60.00   62  0.7877768E+00   0.1892925E-03   0.1944373E-03
 64.00    60.00   62  0.7345123E+00   0.1566341E-03   0.2377286E-03
 65.00    60.00   62  0.7560958E+00   0.1502354E-02   0.2414007E-03
 66.00    60.00   62  0.7500001E+00   0.3365358E+01   0.2500000E-03
 54.00    61.00   62  0.7500000E+00   0.6850410E+01   0.2500000E-03
 55.00    61.00   62  0.7500000E+00   0.1112085E+03   0.2500000E-03
 56.00    61.00   62  0.7500000E+00   0.4770182E+01   0.2500000E-03
 57.00    61.00   62  0.7499999E+00   0.1513858E-01   0.2500000E-03
 58.00    61.00   62  0.8057562E+00   0.1036961E-01   0.2113268E-03
 59.00    61.00   62  0.7953841E+00   0.8262544E-03   0.2187655E-03
 60.00    61.00   62  0.7975721E+00   0.2506156E-03   0.2172063E-03
 61.00    61.00   62  0.7918646E+00   0.1834408E-03   0.2212625E-03
 62.00    61.00   62  0.7990173E+00   0.2151110E-03   0.2151423E-03
 63.00    61.00   62  0.7557257E+00   0.1358769E-03   0.2286713E-03
 64.00    61.00   62  0.7376114E+00   0.1098802E-03   0.2398342E-03
 65.00    61.00   62  0.7491214E+00   0.8085056E-03   0.2456108E-03
 66.00    61.00   62  0.7500002E+00   0.4365824E+00   0.2500000E-03
 57.00    62.00   62  0.7500002E+00   0.8080508E+00   0.2500000E-03
 58.00    62.00   62  0.7500001E+00   0.3271080E+01   0.2500000E-03
 59.00    62.00   62  0.8405532E+00   0.1777067E+00   0.1854052E-03
 60.00    62.00   62  0.7917354E+00   0.3759660E-02   0.2213538E-03
 61.00    62.00   62  0.7843077E+00   0.5037811E-03   0.2265789E-03
 62.00    62.00   62  0.7770876E+00   0.1736864E-03   0.2313801E-03
 63.00    62.00   62  0.7644892E+00   0.9860087E-04   0.2364036E-03
 64.00    62.00   62  0.7390665E+00   0.8920257E-04   0.2397593E-03
 65.00    62.00   62  0.7439533E+00   0.4216737E-03   0.2408290E-03
 66.00    62.00   62  0.7500001E+00   0.1070723E+00   0.2500000E-03
 60.00    63.00   62  0.7500001E+00   0.1099647E+01   0.2500000E-03
 61.00    63.00   62  0.7962180E+00   0.9375595E-02   0.2181718E-03
 62.00    63.00   62  0.7678567E+00   0.5493067E-03   0.2379503E-03
 63.00    63.00   62  0.7646505E+00   0.1335585E-03   0.2381224E-03
 64.00    63.00   62  0.7574627E+00   0.9037483E-04   0.2390159E-03
 65.00    63.00   62  0.7616175E+00   0.3247932E-03   0.2379823E-03
 66.00    63.00   62  0.7517627E+00   0.2142101E-01   0.2488234E-03
 61.00    64.00   62  0.7500000E+00   0.1707137E+01   0.2500000E-03
 62.00    64.00   62  0.7628593E+00   0.3446608E-02   0.2413523E-03
 63.00    64.00   62  0.7706751E+00   0.4170682E-03   0.2359666E-03
 64.00    64.00   62  0.7692353E+00   0.1474313E-03   0.2365152E-03
 65.00    64.00   62  0.7641357E+00   0.3688552E-03   0.2403880E-03
 66.00    64.00   62  0.7552672E+00   0.3049743E-01   0.2464761E-03
 62.00    65.00   62  0.8243855E+00   0.2337095E+00   0.1976458E-03
 63.00    65.00   62  0.7581724E+00   0.3493212E-02   0.2445218E-03
 64.00    65.00   62  0.7544473E+00   0.4924112E-03   0.2468396E-03
 65.00    65.00   62  0.7512880E+00   0.6033184E-03   0.2478654E-03
 66.00    65.00   62  0.7524492E+00   0.2301410E-01   0.2483645E-03
 63.00    66.00   62  0.7500000E+00   0.2794048E+00   0.2500000E-03
 64.00    66.00   62  0.7511572E+00   0.4313634E-02   0.2487180E-03
 65.00    66.00   62  0.7522697E+00   0.1685439E-02   0.2473734E-03
 66.00    66.00   62  0.7500001E+00   0.2178217E-01   0.2500000E-03
 64.00    67.00   62  0.7541636E+00   0.8658421E-01   0.2472166E-03
 65.00    67.00   62  0.7530203E+00   0.1207109E-01   0.2479824E-03
 66.00    67.00   62  0.7500001E+00   0.8298127E-01   0.2500000E-03
 64.00    68.00   62  0.7500001E+00   0.1325427E+02   0.2500000E-03
 65.00    68.00   62  0.7500002E+00   0.3834007E+00   0.2500000E-03
 66.00    68.00   62  0.7499999E+00   0.1560650E+03   0.2500000E-03
 53.00    40.00   63  0.7500002E+00   0.3444512E+03   0.2500000E-03
 54.00    40.00   63  0.7500001E+00   0.1239583E+01   0.2500000E-03
 53.00    41.00   63  0.7500000E+00   0.3173344E+00   0.2500000E-03
 54.00    41.00   63  0.7500001E+00   0.1100358E+00   0.2500000E-03
 55.00    41.00   63  0.7499999E+00   0.1360045E+00   0.2500001E-03
 56.00    41.00   63  0.7500001E+00   0.1024039E+01   0.2500000E-03
 52.00    42.00   63  0.2396802E-01   0.9698558E-02   0.4438633E-03
 53.00    42.00   63  0.9400153E+00   0.1515464E-01   0.9854074E-04
 54.00    42.00   63  0.7990175E+00   0.9380381E-02   0.2161734E-03
 55.00    42.00   63  0.8876113E+00   0.2158548E-01   0.1473707E-03
 56.00    42.00   63  0.7521405E+00   0.1884828E+00   0.2485710E-03
 52.00    43.00   63  0.3767502E-01   0.2749807E-02   0.4261961E-03
 53.00    43.00   63  0.7487327E+00   0.7036790E-02   0.4231697E-06
 54.00    43.00   63  0.8555402E+00   0.2057206E-02   0.1737153E-03
 55.00    43.00   63  0.8951750E+00   0.3627413E-02   0.1408417E-03
 56.00    43.00   63  0.9710680E+00   0.5621008E-01   0.6285275E-04
 52.00    44.00   63  0.6907646E-02   0.6245114E-03   0.4726368E-03
 53.00    44.00   63  0.3823165E+00   0.3862212E-02   0.1685591E-03
 54.00    44.00   63  0.9887138E+00   0.1768923E-02   0.3613724E-04
 55.00    44.00   63  0.9131171E+00   0.1491169E-02   0.1247507E-03
 56.00    44.00   63  0.8610111E+00   0.6159848E-02   0.1693572E-03
 57.00    44.00   63  0.7621279E+00   0.1996204E+00   0.2418483E-03
 52.00    45.00   63  0.3315365E-02   0.7335973E-03   0.4817482E-03
 53.00    45.00   63  0.3416710E+00   0.5254105E-02   0.1922546E-03
 54.00    45.00   63  0.9131181E+00   0.2635424E-02  -0.3786787E-04
 55.00    45.00   63  0.9804836E+00   0.8210434E-03   0.4969124E-04
 56.00    45.00   63  0.9498857E+00   0.1348508E-02   0.8804025E-04
 57.00    45.00   63  0.9153288E+00   0.1832970E-01   0.1227004E-03
 58.00    45.00   63  0.6779048E-01   0.6769969E-01   0.3546778E-03
 53.00    46.00   63  0.4762831E-02   0.1310154E-02   0.4777437E-03
 54.00    46.00   63  0.6360939E+00   0.7393946E-02   0.4306508E-04
 55.00    46.00   63  0.9970835E+00   0.1375105E-02  -0.1410907E-04
 56.00    46.00   63  0.9996437E+00   0.8492241E-03  -0.5270122E-05
 57.00    46.00   63  0.8517744E+00   0.2297199E-02  -0.2846023E-04
 58.00    46.00   63  0.7338645E+00   0.9005485E-02   0.5491776E-05
 59.00    46.00   63  0.9938815E+00   0.5430364E-02   0.2533593E-04
 54.00    47.00   63  0.3693549E-02   0.1594473E-02   0.4806416E-03
 55.00    47.00   63  0.4435295E+00   0.3561251E-02   0.1348212E-03
 56.00    47.00   63  0.4745243E+00   0.1300527E-02   0.1185877E-03
 57.00    47.00   63  0.2511092E+00   0.5136788E-03   0.2492611E-03
 58.00    47.00   63  0.3109030E+00   0.5826468E-03   0.2109314E-03
 59.00    47.00   63  0.5439736E+00   0.7543471E-03   0.8423495E-04
 60.00    47.00   63  0.5830083E+00   0.1477495E-02  -0.5267595E-04
 55.00    48.00   63  0.1607657E+00   0.1804461E-01   0.3135825E-03
 56.00    48.00   63  0.7275203E+00   0.1103286E-01   0.7711526E-05
 57.00    48.00   63  0.1394745E+00   0.1114472E-02   0.3302539E-03
 58.00    48.00   63  0.2796282E+00   0.8095661E-03   0.2306237E-03
 59.00    48.00   63  0.2597673E+00   0.5004848E-03   0.2435303E-03
 60.00    48.00   63  0.4416234E+00   0.8035654E-03   0.5051721E-04
 55.00    49.00   63  0.1876207E-02   0.1007733E-01   0.4865696E-03
 56.00    49.00   63  0.9354075E+00   0.2760276E+00  -0.3866164E-04
 57.00    49.00   63  0.7983213E+00   0.2893521E+00  -0.1499261E-04
 58.00    49.00   63  0.3462087E-01   0.2720620E-02   0.4299147E-03
 59.00    49.00   63  0.1399035E+00   0.2405334E-02   0.3299106E-03
 60.00    49.00   63  0.4349384E+00   0.1620057E-02   0.3856685E-04
 64.00    49.00   63  0.3091773E+00   0.2671758E-02   0.2331750E-03
 65.00    49.00   63  0.6870052E+00   0.3325018E-01   0.2322756E-03
 59.00    50.00   63  0.1982689E-02   0.4297488E-02   0.4861675E-03
 60.00    50.00   63  0.4476451E+00   0.2973994E-02   0.1178164E-03
 65.00    50.00   63  0.5369093E+00   0.8786280E-02   0.2121125E-03
 59.00    51.00   63  0.2812790E-03   0.8451974E-02   0.4950186E-03
 60.00    51.00   63  0.2299210E+00   0.1757631E-02   0.2635703E-03
 65.00    51.00   63  0.4696794E-01   0.8592334E-03   0.3778499E-03
 66.00    51.00   63  0.7500000E+00   0.1398949E+01   0.2500000E-03
 59.00    52.00   63  0.7095519E+00   0.4952161E+00   0.1417441E-04
 60.00    52.00   63  0.3016012E+00   0.1994326E-02   0.2167111E-03
 61.00    52.00   63  0.3505253E+00   0.5190885E-03   0.1090041E-03
 65.00    52.00   63  0.6948935E-01   0.4542244E-03   0.3531888E-03
 66.00    52.00   63  0.7318997E+00   0.2436930E-01   0.2442511E-03
 59.00    53.00   63  0.8694112E+00   0.4703451E+01  -0.3197469E-04
 60.00    53.00   63  0.1699800E+00   0.2736011E-02   0.3065792E-03
 61.00    53.00   63  0.3088623E+00   0.6667457E-03   0.1946049E-03
 65.00    53.00   63  0.2911987E-02   0.5405000E-04   0.4688899E-03
 66.00    53.00   63  0.5266770E+00   0.1494050E-01   0.2117360E-03
 60.00    54.00   63  0.2353229E-02   0.1259071E-02   0.4848362E-03
 61.00    54.00   63  0.2184853E+00   0.1167002E-02   0.2707548E-03
 62.00    54.00   63  0.2463864E-01   0.5169305E-03   0.1861032E-03
 65.00    54.00   63  0.6062561E-01   0.1557542E-03   0.3622198E-03
 66.00    54.00   63  0.3895007E+00   0.8380359E-02   0.2184626E-03
 60.00    55.00   63  0.2263699E+00   0.1389557E+00   0.2660099E-03
 61.00    55.00   63  0.2810441E+00   0.4064493E-02   0.2297159E-03
 62.00    55.00   63  0.5643449E+00   0.1363281E-02  -0.3402744E-04
 65.00    55.00   63  0.2298253E+00   0.1714143E-03   0.2564724E-03
 66.00    55.00   63  0.5961834E+00   0.2227107E-02   0.2167164E-03
 67.00    55.00   63  0.7500001E+00   0.9315317E+01   0.2500000E-03
 56.00    56.00   63  0.1030123E-01   0.1630468E-02   0.4657016E-03
 57.00    56.00   63  0.2067431E-01   0.8810355E-03   0.4485868E-03
 58.00    56.00   63  0.4136073E-02   0.3401147E-03   0.4794050E-03
 59.00    56.00   63  0.3088833E-03   0.1707025E-03   0.4947729E-03
 60.00    56.00   63  0.1646712E-01   0.4856308E-02   0.4550287E-03
 61.00    56.00   63  0.1151297E+00   0.3321982E-02   0.3495513E-03
 62.00    56.00   63  0.2182197E+00   0.6295121E-03   0.2583676E-03
 63.00    56.00   63  0.4061855E+00   0.6487574E-03  -0.8085737E-04
 64.00    56.00   63  0.9031741E-01   0.1642783E-03   0.2532893E-03
 65.00    56.00   63  0.5026247E+00   0.1510471E-03   0.2076737E-03
 66.00    56.00   63  0.6735773E+00   0.8304082E-03   0.2271800E-03
 67.00    56.00   63  0.7500000E+00   0.2296577E+01   0.2500000E-03
 55.00    57.00   63  0.1662341E+00   0.1062751E-01   0.3094119E-03
 56.00    57.00   63  0.9620782E+00   0.3277044E-02  -0.3617810E-04
 57.00    57.00   63  0.9960801E+00   0.1703133E-02  -0.1607818E-04
 58.00    57.00   63  0.4169811E+00   0.1197545E-02   0.1491754E-03
 59.00    57.00   63  0.2986590E-01   0.3537649E-03   0.4359296E-03
 60.00    57.00   63  0.2587679E-01   0.7737087E-03   0.4412293E-03
 61.00    57.00   63  0.1110465E+00   0.1189481E-02   0.3536456E-03
 62.00    57.00   63  0.1189874E+00   0.3542714E-03   0.3336594E-03
 63.00    57.00   63  0.3130066E+00   0.4619487E-03   0.1129481E-03
 64.00    57.00   63  0.5293729E+00   0.2727722E-03   0.8782529E-04
 65.00    57.00   63  0.6155118E+00   0.1490577E-03   0.2113298E-03
 66.00    57.00   63  0.7097154E+00   0.8504727E-03   0.2360133E-03
 67.00    57.00   63  0.7500001E+00   0.6322525E+00   0.2500000E-03
 53.00    58.00   63  0.3300942E-01   0.1644439E-01   0.4319203E-03
 54.00    58.00   63  0.3168493E-02   0.8700575E-03   0.4821922E-03
 55.00    58.00   63  0.9315283E+00   0.3247770E-02  -0.3867014E-04
 56.00    58.00   63  0.8929561E+00   0.9185367E-03   0.1427713E-03
 57.00    58.00   63  0.8376597E+00   0.5199564E-03   0.1876228E-03
 58.00    58.00   63  0.8812127E+00   0.4461174E-03   0.1527912E-03
 59.00    58.00   63  0.7010888E+00   0.1201296E-02   0.1730566E-04
 60.00    58.00   63  0.4621300E-01   0.3043720E-03   0.4162873E-03
 61.00    58.00   63  0.1052746E+00   0.4475901E-03   0.3587663E-03
 62.00    58.00   63  0.1107478E+00   0.2793450E-03   0.3528087E-03
 63.00    58.00   63  0.5587335E+00   0.4995214E-03   0.1346983E-05
 64.00    58.00   63  0.6747113E+00   0.1631487E-03   0.1579261E-03
 65.00    58.00   63  0.6823379E+00   0.1495355E-03   0.2247799E-03
 66.00    58.00   63  0.7062183E+00   0.1356528E-02   0.2367262E-03
 67.00    58.00   63  0.7500001E+00   0.9340424E+00   0.2500000E-03
 53.00    59.00   63  0.8104782E+00   0.1928308E+00   0.2078991E-03
 54.00    59.00   63  0.2651057E+00   0.2398867E-01   0.2400290E-03
 55.00    59.00   63  0.9723341E+00   0.2960481E-02   0.6117942E-04
 56.00    59.00   63  0.8668079E+00   0.2749160E-02   0.1646827E-03
 57.00    59.00   63  0.8691816E+00   0.2438670E-02   0.1627510E-03
 58.00    59.00   63  0.8483174E+00   0.5159063E-03   0.1793927E-03
 59.00    59.00   63  0.8833867E+00   0.4110247E-03   0.1509596E-03
 60.00    59.00   63  0.9975438E+00   0.8957812E-03   0.1551808E-04
 61.00    59.00   63  0.8004290E+00   0.1410346E-02  -0.1801178E-04
 62.00    59.00   63  0.2761575E+00   0.5855599E-03   0.2266490E-03
 63.00    59.00   63  0.9293905E+00   0.7875495E-03  -0.1813320E-03
 64.00    59.00   63  0.7144582E+00   0.1360428E-03   0.2014561E-03
 65.00    59.00   63  0.7096031E+00   0.1594676E-03   0.2330685E-03
 66.00    59.00   63  0.7451584E+00   0.3172948E-02   0.2394746E-03
 54.00    60.00   63  0.7500001E+00   0.1424080E-01   0.2500000E-03
 55.00    60.00   63  0.8657946E+00   0.4260129E-01   0.1655043E-03
 56.00    60.00   63  0.7623922E+00   0.1453318E-01   0.2416693E-03
 57.00    60.00   63  0.7948720E+00   0.2746809E-01   0.2191297E-03
 58.00    60.00   63  0.8268449E+00   0.2888037E-02   0.1958069E-03
 59.00    60.00   63  0.8255951E+00   0.4407001E-03   0.1967423E-03
 60.00    60.00   63  0.8012142E+00   0.2362787E-03   0.2145992E-03
 61.00    60.00   63  0.8478218E+00   0.2946648E-03   0.1797368E-03
 62.00    60.00   63  0.9945388E+00   0.7230391E-03   0.1534136E-04
 63.00    60.00   63  0.9901485E+00   0.7646318E-03  -0.1793631E-03
 64.00    60.00   63  0.7203686E+00   0.1810448E-03   0.1897411E-03
 65.00    60.00   63  0.7192044E+00   0.2214440E-03   0.2287038E-03
 66.00    60.00   63  0.7935131E+00   0.3208857E-02   0.2088865E-03
 67.00    60.00   63  0.7500000E+00   0.3125662E+01   0.2500000E-03
 54.00    61.00   63  0.7500001E+00   0.3544727E+00   0.2500000E-03
 55.00    61.00   63  0.7500002E+00   0.7024538E+01   0.2500000E-03
 56.00    61.00   63  0.7500000E+00   0.1285876E+01   0.2500000E-03
 57.00    61.00   63  0.7500000E+00   0.2569947E+00   0.2500000E-03
 58.00    61.00   63  0.7633249E+00   0.2112732E+00   0.2410363E-03
 59.00    61.00   63  0.7895113E+00   0.5095367E-02   0.2229245E-03
 60.00    61.00   63  0.8035524E+00   0.6985038E-03   0.2129176E-03
 61.00    61.00   63  0.7996535E+00   0.2425341E-03   0.2157183E-03
 62.00    61.00   63  0.8433725E+00   0.2624053E-03   0.1828066E-03
 63.00    61.00   63  0.8886687E+00   0.3994285E-03   0.9788107E-04
 64.00    61.00   63  0.6939911E+00   0.1766468E-03   0.1820915E-03
 65.00    61.00   63  0.7046049E+00   0.1735222E-03   0.2303124E-03
 66.00    61.00   63  0.7385459E+00   0.1526634E-02   0.2364171E-03
 67.00    61.00   63  0.7500001E+00   0.7575918E+00   0.2500000E-03
 59.00    62.00   63  0.7499998E+00   0.2698493E+01   0.2500000E-03
 60.00    62.00   63  0.8175265E+00   0.1915096E-01   0.2027331E-03
 61.00    62.00   63  0.7901097E+00   0.1162404E-02   0.2225024E-03
 62.00    62.00   63  0.7986769E+00   0.2704285E-03   0.2163784E-03
 63.00    62.00   63  0.7990020E+00   0.1858733E-03   0.2114972E-03
 64.00    62.00   63  0.7520769E+00   0.1625537E-03   0.2003200E-03
 65.00    62.00   63  0.7183736E+00   0.1131761E-03   0.2329559E-03
 66.00    62.00   63  0.7311183E+00   0.4544026E-03   0.2408581E-03
 67.00    62.00   63  0.7499998E+00   0.1316022E+00   0.2500000E-03
 60.00    63.00   63  0.7500001E+00   0.2941905E+02   0.2500000E-03
 61.00    63.00   63  0.7722762E+00   0.8211588E-02   0.2349217E-03
 62.00    63.00   63  0.7778356E+00   0.7748363E-03   0.2310848E-03
 63.00    63.00   63  0.7757745E+00   0.2025457E-03   0.2318812E-03
 64.00    63.00   63  0.7726256E+00   0.1243516E-03   0.2227918E-03
 65.00    63.00   63  0.7408315E+00   0.1000054E-03   0.2363891E-03
 66.00    63.00   63  0.7415563E+00   0.3455067E-03   0.2378855E-03
 67.00    63.00   63  0.7499999E+00   0.6804208E-01   0.2500000E-03
 61.00    64.00   63  0.7499999E+00   0.5069280E+02   0.2500001E-03
 62.00    64.00   63  0.7606181E+00   0.5092958E-02   0.2428705E-03
 63.00    64.00   63  0.7687854E+00   0.4104770E-03   0.2372700E-03
 64.00    64.00   63  0.7787138E+00   0.1516685E-03   0.2287443E-03
 65.00    64.00   63  0.7651845E+00   0.1079787E-03   0.2363799E-03
 66.00    64.00   63  0.7588047E+00   0.3971725E-03   0.2406733E-03
 67.00    64.00   63  0.7500001E+00   0.4325576E-01   0.2500000E-03
 62.00    65.00   63  0.9099195E+00   0.2137181E+01   0.1276872E-03
 63.00    65.00   63  0.7918565E+00   0.2019121E-02   0.2195011E-03
 64.00    65.00   63  0.7602870E+00   0.2624024E-03   0.2370191E-03
 65.00    65.00   63  0.7508913E+00   0.1423685E-03   0.2441516E-03
 66.00    65.00   63  0.7565162E+00   0.4913569E-03   0.2388104E-03
 67.00    65.00   63  0.7765836E+00   0.3780011E-01   0.2319516E-03
 63.00    66.00   63  0.9009083E+00   0.5855083E-01   0.1357978E-03
 64.00    66.00   63  0.7656834E+00   0.1420084E-02   0.2384089E-03
 65.00    66.00   63  0.7636264E+00   0.3287717E-03   0.2399949E-03
 66.00    66.00   63  0.7766663E+00   0.7016059E-03   0.2314656E-03
 67.00    66.00   63  0.8203993E+00   0.7324006E-01   0.2006096E-03
 64.00    67.00   63  0.8131689E+00   0.4393574E-01   0.2059342E-03
 65.00    67.00   63  0.7861836E+00   0.2131128E-02   0.2252648E-03
 66.00    67.00   63  0.8122970E+00   0.1659067E-02   0.2065719E-03
 67.00    67.00   63  0.7768226E+00   0.3030786E-01   0.2317862E-03
 65.00    68.00   63  0.7593293E+00   0.8059997E-01   0.2437413E-03
 66.00    68.00   63  0.7532307E+00   0.9482512E-02   0.2478416E-03
 67.00    68.00   63  0.7500001E+00   0.3126277E-01   0.2500000E-03
 66.00    69.00   63  0.7500000E+00   0.2630441E+01   0.2500000E-03
 67.00    69.00   63  0.7500002E+00   0.1788363E+01   0.2500000E-03
 55.00    41.00   64  0.7500001E+00   0.2748224E+00   0.2500000E-03
 56.00    41.00   64  0.8017753E+00   0.6490453E-01   0.2141962E-03
 53.00    42.00   64  0.9755006E+00   0.2140307E+00  -0.3237766E-04
 54.00    42.00   64  0.8635264E+00   0.1829821E-01   0.1673364E-03
 55.00    42.00   64  0.8915162E+00   0.7199023E-02   0.1440172E-03
 56.00    42.00   64  0.9164091E+00   0.2271899E-01   0.1216930E-03
 57.00    42.00   64  0.5664387E-01   0.5453201E+00   0.4049477E-03
 53.00    43.00   64  0.6234481E+00   0.1381024E-01   0.4840680E-04
 54.00    43.00   64  0.9896924E+00   0.6461313E-02   0.3431062E-04
 55.00    43.00   64  0.8488488E+00   0.1830726E-02   0.1789780E-03
 56.00    43.00   64  0.8113242E+00   0.3540467E-02   0.2072823E-03
 57.00    43.00   64  0.7500001E+00   0.5977882E-01   0.2500000E-03
 53.00    44.00   64  0.1038545E+00   0.2025035E-02   0.3600061E-03
 54.00    44.00   64  0.9999936E+00   0.4230285E-02   0.7233466E-06
 55.00    44.00   64  0.9694562E+00   0.1128166E-02   0.6494648E-04
 56.00    44.00   64  0.9727216E+00   0.1108163E-02   0.6066222E-04
 57.00    44.00   64  0.8328165E+00   0.8994809E-02   0.1913079E-03
 53.00    45.00   64  0.9251840E-02   0.6469811E-03   0.4677362E-03
 54.00    45.00   64  0.9590770E+00   0.6555801E-02  -0.3672845E-04
 55.00    45.00   64  0.9722846E+00   0.1025610E-02   0.6124561E-04
 56.00    45.00   64  0.9680626E+00   0.5871031E-03   0.6672752E-04
 57.00    45.00   64  0.9668844E+00   0.2739261E-02   0.6821280E-04
 58.00    45.00   64  0.5857911E+00   0.4013633E+00  -0.6350805E-05
 53.00    46.00   64  0.5559353E-03   0.2612188E-03   0.4929175E-03
 54.00    46.00   64  0.1771827E+00   0.8134403E-02   0.3011858E-03
 55.00    46.00   64  0.9292693E+00   0.2504705E-02  -0.3864360E-04
 56.00    46.00   64  0.9926435E+00   0.8892153E-03  -0.2099015E-04
 57.00    46.00   64  0.9260904E+00   0.9313370E-03  -0.3856939E-04
 58.00    46.00   64  0.9974586E+00   0.7173577E-02  -0.1326331E-04
 59.00    46.00   64  0.8575262E+00   0.6589127E-01  -0.1656365E-03
 60.00    46.00   64  0.2826390E+00   0.7066946E-02   0.1333429E-03
 54.00    47.00   64  0.1500289E-01   0.1307400E-01   0.4574061E-03
 55.00    47.00   64  0.3861133E+00   0.1103863E-01   0.1663998E-03
 56.00    47.00   64  0.8894341E+00   0.2351237E-02  -0.3524369E-04
 57.00    47.00   64  0.7697225E+00   0.8041056E-03  -0.6396498E-05
 58.00    47.00   64  0.8131750E+00   0.1339023E-02  -0.1910463E-04
 59.00    47.00   64  0.6665272E+00   0.1564465E-02   0.3063944E-04
 60.00    47.00   64  0.8336608E+00   0.1213123E-02  -0.2432859E-04
 55.00    48.00   64  0.4399494E-01   0.1668462E-01   0.4187999E-03
 56.00    48.00   64  0.6192673E+00   0.1380918E-01   0.5019523E-04
 57.00    48.00   64  0.3582388E+00   0.2388161E-02   0.1824659E-03
 58.00    48.00   64  0.3213959E+00   0.5868610E-03   0.2044872E-03
 59.00    48.00   64  0.3202650E+00   0.3911602E-03   0.2051779E-03
 60.00    48.00   64  0.4687977E+00   0.4287825E-03   0.1215449E-03
 61.00    48.00   64  0.1598199E+00   0.7133797E-03  -0.1575782E-03
 66.00    48.00   64  0.7500002E+00   0.7456181E+01   0.2500000E-03
 55.00    49.00   64  0.1280238E-02   0.8458615E-02   0.4890376E-03
 56.00    49.00   64  0.3325213E-02   0.1051406E-01   0.4817188E-03
 57.00    49.00   64  0.4415242E+00   0.1652126E+00   0.1358908E-03
 58.00    49.00   64  0.1905404E+00   0.3241973E-02   0.2913592E-03
 59.00    49.00   64  0.1039174E+00   0.6236452E-03   0.3599512E-03
 60.00    49.00   64  0.7895190E-01   0.4640329E-03   0.3826789E-03
 61.00    49.00   64  0.2822854E-01   0.3007828E-03   0.3407856E-03
 65.00    49.00   64  0.1152891E+00   0.1444975E-02   0.3156113E-03
 66.00    49.00   64  0.4910332E+00   0.3772783E-01   0.2113713E-03
 59.00    50.00   64  0.5565599E-02   0.1438439E-02   0.4757412E-03
 60.00    50.00   64  0.1806865E-01   0.8463877E-02   0.4525142E-03
 61.00    50.00   64  0.2022432E+00   0.1194458E-02   0.2425793E-03
 66.00    50.00   64  0.6567180E-01   0.1481277E-02   0.3569860E-03
 67.00    50.00   64  0.1708993E+00   0.1741965E+01   0.2826733E-03
 60.00    51.00   64  0.5427492E-01   0.3318313E-01   0.4074605E-03
 61.00    51.00   64  0.1842300E+00   0.9647887E-03   0.2949580E-03
 66.00    51.00   64  0.4682078E-01   0.3857913E-03   0.3780320E-03
 67.00    51.00   64  0.4363513E+00   0.6475478E-01   0.2136734E-03
 60.00    52.00   64  0.7779981E+00   0.2769447E+00  -0.8970266E-05
 61.00    52.00   64  0.2022750E+00   0.9855572E-03   0.2829028E-03
 62.00    52.00   64  0.3355432E+00   0.4813621E-03   0.8173546E-04
 66.00    52.00   64  0.7824127E-01   0.2069950E-03   0.3449521E-03
 67.00    52.00   64  0.5723320E+00   0.7581710E-02   0.2143615E-03
 60.00    53.00   64  0.1778891E+00   0.8605466E+00   0.3006606E-03
 61.00    53.00   64  0.2431841E+00   0.2743736E-02   0.2545648E-03
 62.00    53.00   64  0.3464038E+00   0.5924796E-03   0.1654738E-03
 67.00    53.00   64  0.3041773E+00   0.3770171E-02   0.2343854E-03
 61.00    54.00   64  0.3800390E-01   0.8344230E-02   0.4258018E-03
 62.00    54.00   64  0.3186073E+00   0.1548475E-02   0.2054238E-03
 67.00    54.00   64  0.4586047E+00   0.2223300E-02   0.2123159E-03
 68.00    54.00   64  0.7500001E+00   0.1126695E+03   0.2500000E-03
 56.00    55.00   64  0.2308399E-04   0.8009399E-03   0.4986015E-03
 57.00    55.00   64  0.2404398E-03   0.2191370E-03   0.4954041E-03
 58.00    55.00   64  0.1787578E-02   0.6551098E-03   0.4869120E-03
 59.00    55.00   64  0.8259721E-03   0.1234231E-02   0.4912940E-03
 60.00    55.00   64  0.1562990E-04   0.7542921E-03   0.4988509E-03
 61.00    55.00   64  0.1301243E+00   0.8502088E-01   0.3378160E-03
 62.00    55.00   64  0.3948749E+00   0.5296349E-02   0.1614513E-03
 63.00    55.00   64  0.5070286E+00   0.1288289E-02  -0.8047587E-04
 66.00    55.00   64  0.8023359E-01   0.7261799E-04   0.3417775E-03
 67.00    55.00   64  0.6170532E+00   0.1004288E-02   0.2193469E-03
 68.00    55.00   64  0.7500001E+00   0.1022154E+02   0.2500000E-03
 55.00    56.00   64  0.1601615E-05   0.8423312E-03   0.4996339E-03
 56.00    56.00   64  0.2369231E+00   0.4676919E-02   0.2587953E-03
 57.00    56.00   64  0.5357811E+00   0.2145590E-02   0.8814200E-04
 58.00    56.00   64  0.2866014E+00   0.1526498E-02   0.2261680E-03
 59.00    56.00   64  0.1909615E-01   0.4879538E-03   0.4509430E-03
 60.00    56.00   64  0.3978269E-02   0.6199578E-03   0.4798394E-03
 61.00    56.00   64  0.1544381E-01   0.4626266E-02   0.4566816E-03
 62.00    56.00   64  0.4686935E-01   0.1724765E-02   0.4122691E-03
 63.00    56.00   64  0.2656724E+00   0.7273364E-03   0.2067005E-03
 64.00    56.00   64  0.3087712E+00   0.7595796E-03  -0.2640070E-03
 65.00    56.00   64  0.2052268E-04   0.2163962E-05   0.4960685E-03
 66.00    56.00   64  0.3988236E+00   0.1295650E-03   0.2113530E-03
 67.00    56.00   64  0.6686502E+00   0.6498009E-03   0.2250404E-03
 68.00    56.00   64  0.7500000E+00   0.2069591E+00   0.2500000E-03
 55.00    57.00   64  0.1281648E+00   0.4740182E-02   0.3394213E-03
 56.00    57.00   64  0.9974974E+00   0.1791491E-02   0.1567410E-04
 57.00    57.00   64  0.8615160E+00   0.6734841E-03   0.1689524E-03
 58.00    57.00   64  0.8868095E+00   0.5822108E-03   0.1480549E-03
 59.00    57.00   64  0.8553306E+00   0.1476192E-02  -0.2921175E-04
 60.00    57.00   64  0.6375318E-01   0.7637602E-03   0.3975964E-03
 61.00    57.00   64  0.1381800E-01   0.6654439E-03   0.4593925E-03
 62.00    57.00   64  0.7496022E-01   0.8707715E-03   0.3714372E-03
 63.00    57.00   64  0.2497284E+00   0.6344459E-03   0.2072575E-03
 64.00    57.00   64  0.2253971E+00   0.3668173E-03   0.1289790E-03
 65.00    57.00   64  0.4227373E+00   0.2461079E-03   0.3408844E-04
 66.00    57.00   64  0.6037278E+00   0.1266797E-03   0.2096472E-03
 67.00    57.00   64  0.6875759E+00   0.6439719E-03   0.2295710E-03
 68.00    57.00   64  0.7500001E+00   0.1040035E+00   0.2500000E-03
 53.00    58.00   64  0.6154842E-02   0.2955408E-02   0.4743450E-03
 54.00    58.00   64  0.1808473E-02   0.6616956E-03   0.4868307E-03
 55.00    58.00   64  0.8483319E+00   0.4468906E-02  -0.2771337E-04
 56.00    58.00   64  0.9375291E+00   0.1365457E-02   0.1010972E-03
 57.00    58.00   64  0.8233359E+00   0.1199286E-02   0.1984282E-03
 58.00    58.00   64  0.8152204E+00   0.4371896E-03   0.2044300E-03
 59.00    58.00   64  0.9056152E+00   0.4449863E-03   0.1315905E-03
 60.00    58.00   64  0.9500009E+00   0.1261906E-02  -0.3791519E-04
 61.00    58.00   64  0.8963103E-01   0.4942738E-03   0.3727237E-03
 62.00    58.00   64  0.1247365E+00   0.4422552E-03   0.3405967E-03
 63.00    58.00   64  0.1443603E+00   0.2809470E-03   0.3221324E-03
 64.00    58.00   64  0.7138993E+00   0.6845417E-03  -0.2360186E-03
 65.00    58.00   64  0.6387106E+00   0.1445348E-03   0.1517260E-03
 66.00    58.00   64  0.6941526E+00   0.1405157E-03   0.2265631E-03
 67.00    58.00   64  0.7427792E+00   0.1060344E-02   0.2379365E-03
 68.00    58.00   64  0.7500000E+00   0.7360019E+00   0.2500000E-03
 53.00    59.00   64  0.4617984E+00   0.1332079E+00   0.1251852E-03
 54.00    59.00   64  0.9828339E+00   0.9756435E-01  -0.2891297E-04
 55.00    59.00   64  0.9458929E+00   0.5292606E-02   0.9236025E-04
 56.00    59.00   64  0.9224467E+00   0.3432029E-02   0.1159879E-03
 57.00    59.00   64  0.8071413E+00   0.8586791E-02   0.2103241E-03
 58.00    59.00   64  0.8481976E+00   0.1614575E-02   0.1794863E-03
 59.00    59.00   64  0.8343146E+00   0.3729514E-03   0.1901716E-03
 60.00    59.00   64  0.8714117E+00   0.3674572E-03   0.1609265E-03
 61.00    59.00   64  0.9999398E+00   0.9576795E-03   0.1853274E-05
 62.00    59.00   64  0.4588206E+00   0.1050658E-02   0.1044032E-03
 63.00    59.00   64  0.3282777E+00   0.5724678E-03   0.1570423E-03
 64.00    59.00   64  0.9540637E+00   0.7432610E-03  -0.3478878E-03
 65.00    59.00   64  0.6882432E+00   0.1479240E-03   0.1869469E-03
 66.00    59.00   64  0.7338886E+00   0.1952181E-03   0.2323232E-03
 67.00    59.00   64  0.7554997E+00   0.2293523E-02   0.2428524E-03
 68.00    59.00   64  0.7500001E+00   0.2086693E+02   0.2500000E-03
 54.00    60.00   64  0.7499999E+00   0.1050303E+00   0.2500000E-03
 55.00    60.00   64  0.8053159E+00   0.4752371E-01   0.2116451E-03
 56.00    60.00   64  0.7559593E+00   0.2021040E-01   0.2460113E-03
 57.00    60.00   64  0.7588249E+00   0.5600891E-01   0.2440817E-03
 58.00    60.00   64  0.8680423E+00   0.2768337E-01   0.1636795E-03
 59.00    60.00   64  0.8229166E+00   0.1784909E-02   0.1987403E-03
 60.00    60.00   64  0.8075144E+00   0.4591001E-03   0.2100537E-03
 61.00    60.00   64  0.8396765E+00   0.3219762E-03   0.1860769E-03
 62.00    60.00   64  0.9113320E+00   0.5723419E-03   0.1126320E-03
 63.00    60.00   64  0.9722862E+00   0.1242441E-02  -0.2762425E-03
 64.00    60.00   64  0.7223748E+00   0.7914067E-03  -0.3205644E-03
 65.00    60.00   64  0.6824549E+00   0.2032466E-03   0.1811956E-03
 66.00    60.00   64  0.7337058E+00   0.2376171E-03   0.2304019E-03
 67.00    60.00   64  0.7848214E+00   0.2216320E-02   0.2169114E-03
 68.00    60.00   64  0.7500001E+00   0.6140239E+01   0.2500000E-03
 56.00    61.00   64  0.7499999E+00   0.5694930E+01   0.2500000E-03
 57.00    61.00   64  0.7500000E+00   0.2673974E+01   0.2500000E-03
 59.00    61.00   64  0.9506229E+00   0.1192950E+00   0.8723111E-04
 60.00    61.00   64  0.7823385E+00   0.2711930E-02   0.2279543E-03
 61.00    61.00   64  0.7970433E+00   0.4775622E-03   0.2175838E-03
 62.00    61.00   64  0.8241851E+00   0.3035318E-03   0.1967525E-03
 63.00    61.00   64  0.9227456E+00   0.4842200E-03   0.7863165E-04
 64.00    61.00   64  0.7294946E+00   0.6981369E-03  -0.1413060E-03
 65.00    61.00   64  0.6550246E+00   0.1993546E-03   0.1591492E-03
 66.00    61.00   64  0.7035239E+00   0.1922939E-03   0.2278870E-03
 67.00    61.00   64  0.7371671E+00   0.1127614E-02   0.2371152E-03
 68.00    61.00   64  0.7499999E+00   0.9171023E+00   0.2500001E-03
 60.00    62.00   64  0.8132062E+00   0.1482488E+00   0.2059069E-03
 61.00    62.00   64  0.7925354E+00   0.3537640E-02   0.2207877E-03
 62.00    62.00   64  0.7868863E+00   0.4661845E-03   0.2247715E-03
 63.00    62.00   64  0.8250357E+00   0.2764709E-03   0.1950102E-03
 64.00    62.00   64  0.8295309E+00   0.3625909E-03   0.1331033E-03
 65.00    62.00   64  0.7065771E+00   0.2145031E-03   0.1611355E-03
 66.00    62.00   64  0.7049173E+00   0.1150690E-03   0.2248607E-03
 67.00    62.00   64  0.7246091E+00   0.4532874E-03   0.2328838E-03
 68.00    62.00   64  0.7500000E+00   0.1204844E+00   0.2500000E-03
 61.00    63.00   64  0.7774912E+00   0.5244721E-01   0.2313234E-03
 62.00    63.00   64  0.7736570E+00   0.1533589E-02   0.2339717E-03
 63.00    63.00   64  0.7704268E+00   0.3301029E-03   0.2361914E-03
 64.00    63.00   64  0.7931370E+00   0.2427339E-03   0.2187457E-03
 65.00    63.00   64  0.7807740E+00   0.1424056E-03   0.2111159E-03
 66.00    63.00   64  0.7353166E+00   0.9647812E-04   0.2306990E-03
 67.00    63.00   64  0.7444834E+00   0.3593499E-03   0.2367946E-03
 68.00    63.00   64  0.7708900E+00   0.2812150E-01   0.2358737E-03
 62.00    64.00   64  0.7538036E+00   0.2495020E-01   0.2474579E-03
 63.00    64.00   64  0.7779602E+00   0.6350780E-03   0.2309983E-03
 64.00    64.00   64  0.7660419E+00   0.2095589E-03   0.2376900E-03
 65.00    64.00   64  0.7758729E+00   0.1507040E-03   0.2278817E-03
 66.00    64.00   64  0.7553246E+00   0.1000541E-03   0.2361398E-03
 67.00    64.00   64  0.7629647E+00   0.3035809E-03   0.2376634E-03
 68.00    64.00   64  0.7809335E+00   0.2739185E-01   0.2289334E-03
 63.00    65.00   64  0.7860925E+00   0.4005122E-02   0.2253286E-03
 64.00    65.00   64  0.7541223E+00   0.3287812E-03   0.2431265E-03
 65.00    65.00   64  0.7528638E+00   0.1538349E-03   0.2425089E-03
 66.00    65.00   64  0.7561449E+00   0.1074896E-03   0.2400542E-03
 67.00    65.00   64  0.7710842E+00   0.3687872E-03   0.2327746E-03
 68.00    65.00   64  0.7792332E+00   0.7018512E-01   0.2301154E-03
 63.00    66.00   64  0.7557394E+00   0.2028694E+00   0.2461591E-03
 64.00    66.00   64  0.7513832E+00   0.1974576E-02   0.2487972E-03
 65.00    66.00   64  0.7568818E+00   0.2643168E-03   0.2448145E-03
 66.00    66.00   64  0.7559760E+00   0.1420997E-03   0.2422408E-03
 67.00    66.00   64  0.7534256E+00   0.4545917E-03   0.2408861E-03
 68.00    66.00   64  0.7539808E+00   0.4477248E-01   0.2473390E-03
 64.00    67.00   64  0.7556816E+00   0.5833609E-01   0.2461978E-03
 65.00    67.00   64  0.7624388E+00   0.1639182E-02   0.2409911E-03
 66.00    67.00   64  0.7782964E+00   0.3785719E-03   0.2292237E-03
 67.00    67.00   64  0.7650239E+00   0.6611323E-03   0.2376324E-03
 68.00    67.00   64  0.7736545E+00   0.1746672E-01   0.2339733E-03
 65.00    68.00   64  0.8369800E+00   0.2947677E+00   0.1881421E-03
 66.00    68.00   64  0.7779045E+00   0.4827654E-02   0.2310370E-03
 67.00    68.00   64  0.7673972E+00   0.2291440E-02   0.2382641E-03
 68.00    68.00   64  0.7800545E+00   0.2557061E-01   0.2295447E-03
 66.00    69.00   64  0.7500001E+00   0.9634116E+00   0.2500000E-03
 67.00    69.00   64  0.7500000E+00   0.7966819E-01   0.2500000E-03
 68.00    69.00   64  0.7500003E+00   0.7671556E+00   0.2500000E-03
 55.00    40.00   65  0.7500000E+00   0.1506879E+00   0.2500000E-03
 56.00    40.00   65  0.7500001E+00   0.1459495E+00   0.2500000E-03
 55.00    41.00   65  0.7500001E+00   0.4668904E-01   0.2500000E-03
 56.00    41.00   65  0.7669833E+00   0.2027179E-01   0.2385466E-03
 57.00    41.00   65  0.8448679E+00   0.8273901E+00   0.1820753E-03
 53.00    42.00   65  0.5997981E-02   0.4549677E-01   0.4747113E-03
 54.00    42.00   65  0.8783466E+00   0.3534918E-01   0.1551903E-03
 55.00    42.00   65  0.7672985E+00   0.5340244E-02   0.2383315E-03
 56.00    42.00   65  0.8295007E+00   0.4379686E-02   0.1938119E-03
 57.00    42.00   65  0.8749849E+00   0.2252320E-01   0.1579830E-03
 53.00    43.00   65  0.8751228E-03   0.1480848E-02   0.4910265E-03
 54.00    43.00   65  0.5671947E+00   0.1263611E-01   0.7337448E-04
 55.00    43.00   65  0.8936203E+00   0.2209956E-02   0.1421950E-03
 56.00    43.00   65  0.8814788E+00   0.1249070E-02   0.1525673E-03
 57.00    43.00   65  0.8365091E+00   0.3018435E-02   0.1885013E-03
 58.00    43.00   65  0.5225261E+00   0.5273373E+00   0.2116180E-03
 53.00    44.00   65  0.2202690E-04   0.5408054E-04   0.4986342E-03
 54.00    44.00   65  0.4005245E+00   0.7003469E-02   0.1582856E-03
 55.00    44.00   65  0.9999344E+00   0.1986445E-02   0.2367422E-05
 56.00    44.00   65  0.9731013E+00   0.6503901E-03   0.6015357E-04
 57.00    44.00   65  0.9466405E+00   0.1241616E-02   0.9155928E-04
 58.00    44.00   65  0.9991322E+00   0.4827889E-01  -0.8066127E-05
 53.00    45.00   65  0.1663135E-07   0.8720763E-06   0.4999628E-03
 54.00    45.00   65  0.6930847E-01   0.1696793E-02   0.3920287E-03
 55.00    45.00   65  0.8811059E+00   0.3745088E-02  -0.3398670E-04
 56.00    45.00   65  0.9980557E+00   0.7965658E-03   0.1368916E-04
 57.00    45.00   65  0.9981537E+00   0.9074240E-03  -0.1146906E-04
 58.00    45.00   65  0.6040270E+00   0.6912469E-02   0.5680739E-04
 54.00    46.00   65  0.3156727E-03   0.1942609E-03   0.4947141E-03
 55.00    46.00   65  0.8002936E+00   0.8055366E-02  -0.1555326E-04
 56.00    46.00   65  0.8736334E+00   0.1779146E-02  -0.3273250E-04
 57.00    46.00   65  0.8152593E+00   0.6920618E-03  -0.1966074E-04
 58.00    46.00   65  0.7323620E+00   0.1801238E-02   0.6014598E-05
 59.00    46.00   65  0.8952003E+00   0.1951846E+00  -0.5951710E-04
 55.00    47.00   65  0.9049495E-01   0.2192617E-01   0.3719347E-03
 56.00    47.00   65  0.7864211E+00   0.7482407E-02  -0.1151912E-04
 57.00    47.00   65  0.5582581E+00   0.1238327E-02   0.7751654E-04
 58.00    47.00   65  0.3984560E+00   0.7009767E-03   0.1594424E-03
 59.00    47.00   65  0.3123231E+00   0.2761636E-02   0.2100547E-03
 60.00    47.00   65  0.9394426E+00   0.4771576E-02  -0.3925961E-04
 61.00    47.00   65  0.9996848E+00   0.1716988E-02  -0.7021532E-05
 56.00    48.00   65  0.2191635E+00   0.1865056E-01   0.2709993E-03
 57.00    48.00   65  0.8628594E+00   0.8461994E-02  -0.3073266E-04
 58.00    48.00   65  0.4053336E+00   0.1045781E-02   0.1556062E-03
 59.00    48.00   65  0.4231911E+00   0.6042424E-03   0.1457802E-03
 60.00    48.00   65  0.6010067E+00   0.5939495E-03   0.5813493E-04
 61.00    48.00   65  0.5607759E+00   0.5313047E-03   0.7609319E-04
 66.00    48.00   65  0.6195679E+00   0.7290814E-02   0.2197005E-03
 67.00    48.00   65  0.7500001E+00   0.1741771E+00   0.2500000E-03
 57.00    49.00   65  0.7611999E-01   0.4480398E+00   0.3853863E-03
 58.00    49.00   65  0.1423040E+00   0.1036540E-01   0.3279960E-03
 59.00    49.00   65  0.2288222E+00   0.9474528E-03   0.2643239E-03
 60.00    49.00   65  0.2467452E+00   0.4483561E-03   0.2521746E-03
 61.00    49.00   65  0.1897249E+00   0.4696297E-03   0.2919391E-03
 66.00    49.00   65  0.1506341E+00   0.7514836E-03   0.2934865E-03
 67.00    49.00   65  0.3162629E+00   0.8389970E-02   0.2315224E-03
 59.00    50.00   65  0.3207978E-02   0.5533790E-03   0.4820720E-03
 60.00    50.00   65  0.4752856E-01   0.1192726E-02   0.4148153E-03
 61.00    50.00   65  0.5859708E-01   0.3103108E-02   0.4029006E-03
 62.00    50.00   65  0.8534256E-01   0.6983385E-03   0.2452702E-03
 67.00    50.00   65  0.4013478E-01   0.4728415E-03   0.3866804E-03
 61.00    51.00   65  0.1478588E+00   0.1094088E-01   0.3236025E-03
 62.00    51.00   65  0.3127747E+00   0.9067390E-03   0.2051298E-03
 67.00    51.00   65  0.1123896E-01   0.9478117E-04   0.4391377E-03
 68.00    51.00   65  0.1432847E+00   0.4824012E-02   0.2977179E-03
 61.00    52.00   65  0.8858825E-01   0.1367761E-01   0.3736793E-03
 62.00    52.00   65  0.2472692E+00   0.8368939E-03   0.2515990E-03
 63.00    52.00   65  0.2678315E+00   0.4705749E-03   0.8675156E-04
 68.00    52.00   65  0.5423378E-01   0.1184822E-02   0.3692426E-03
 61.00    53.00   65  0.6929588E-06   0.1861992E-03   0.4997594E-03
 62.00    53.00   65  0.1546764E+00   0.1588235E-02   0.3182781E-03
 63.00    53.00   65  0.3847572E+00   0.6337013E-03   0.1366472E-03
 68.00    53.00   65  0.2443084E+00   0.1015623E-02   0.2519262E-03
 57.00    54.00   65  0.6204774E-03   0.3028698E-02   0.4925013E-03
 58.00    54.00   65  0.1409822E-02   0.1104596E-02   0.4884637E-03
 59.00    54.00   65  0.5795076E-05   0.3323401E-03   0.4993022E-03
 62.00    54.00   65  0.7363918E-02   0.4299319E-02   0.4716373E-03
 63.00    54.00   65  0.4806635E+00   0.2447160E-02   0.1148993E-03
 64.00    54.00   65  0.5676032E+00   0.2025518E-02  -0.7031178E-03
 68.00    54.00   65  0.4290553E+00   0.8222293E-03   0.2142455E-03
 69.00    54.00   65  0.7500000E+00   0.5809454E+00   0.2500000E-03
 56.00    55.00   65  0.4137020E-01   0.8229323E-02   0.4218267E-03
 57.00    55.00   65  0.2783807E+00   0.3046665E-02   0.2314250E-03
 58.00    55.00   65  0.2079986E+00   0.1628558E-02   0.2788344E-03
 59.00    55.00   65  0.3969240E-01   0.1111990E-02   0.4237942E-03
 60.00    55.00   65  0.1043018E-02   0.3958479E-03   0.4901604E-03
 61.00    55.00   65  0.4065027E-05   0.1671158E-03   0.4994160E-03
 63.00    55.00   65  0.3208297E+00   0.7512853E-02   0.2048329E-03
 64.00    55.00   65  0.4857677E+00   0.1351170E-02   0.2631187E-04
 67.00    55.00   65  0.1183570E+00   0.8595446E-04   0.3100325E-03
 68.00    55.00   65  0.5462719E+00   0.5783609E-03   0.2118693E-03
 69.00    55.00   65  0.7500000E+00   0.2362933E+00   0.2500000E-03
 55.00    56.00   65  0.7190148E-05   0.3781486E-02   0.4992224E-03
 56.00    56.00   65  0.6758747E+00   0.7197278E-02   0.2694916E-04
 57.00    56.00   65  0.9632654E+00   0.1312278E-02   0.7266982E-04
 58.00    56.00   65  0.9135118E+00   0.7303251E-03   0.1243859E-03
 59.00    56.00   65  0.9794745E+00   0.1693565E-02  -0.3066834E-04
 60.00    56.00   65  0.1236151E+00   0.1263007E-02   0.3431774E-03
 61.00    56.00   65  0.3391533E-03   0.1413434E-03   0.4945151E-03
 62.00    56.00   65  0.5151510E-02   0.1476141E-02   0.4767583E-03
 63.00    56.00   65  0.1524317E+00   0.6517952E-02   0.3116830E-03
 64.00    56.00   65  0.1436599E+00   0.7382426E-03   0.2922267E-03
 65.00    56.00   65  0.1314580E+00   0.4328278E-03   0.1274714E-03
 66.00    56.00   65  0.7276498E-02   0.6407905E-04   0.4009327E-03
 67.00    56.00   65  0.4897613E+00   0.1366138E-03   0.1980189E-03
 68.00    56.00   65  0.6660140E+00   0.4879182E-03   0.2243854E-03
 69.00    56.00   65  0.7500000E+00   0.1236792E+00   0.2500000E-03
 55.00    57.00   65  0.5897200E-01   0.4456068E-02   0.4025102E-03
 56.00    57.00   65  0.9966941E+00   0.2245797E-02   0.1822374E-04
 57.00    57.00   65  0.8275238E+00   0.9330845E-03   0.1952979E-03
 58.00    57.00   65  0.8209218E+00   0.5576048E-03   0.2002222E-03
 59.00    57.00   65  0.8880863E+00   0.4627901E-03   0.1469648E-03
 60.00    57.00   65  0.9974564E+00   0.1069951E-02   0.1581278E-04
 61.00    57.00   65  0.3421603E+00   0.2223353E-02   0.1919628E-03
 62.00    57.00   65  0.2240453E-01   0.6524093E-03   0.4460752E-03
 63.00    57.00   65  0.8520271E-01   0.9610139E-03   0.3734038E-03
 64.00    57.00   65  0.1495551E+00   0.4153998E-03   0.3140546E-03
 65.00    57.00   65  0.1544679E+00   0.2687894E-03   0.2304533E-03
 66.00    57.00   65  0.5007210E+00   0.2536477E-03   0.2718274E-04
 67.00    57.00   65  0.6135111E+00   0.1266557E-03   0.2103737E-03
 68.00    57.00   65  0.6985491E+00   0.6485271E-03   0.2336721E-03
 69.00    57.00   65  0.7500000E+00   0.2289948E+00   0.2500000E-03
 50.00    58.00   65  0.7499998E+00   0.8475063E+00   0.2500000E-03
 51.00    58.00   65  0.7500001E+00   0.3157720E+00   0.2500000E-03
 53.00    58.00   65  0.1145907E-01   0.1062004E-01   0.4635462E-03
 54.00    58.00   65  0.2884386E-03   0.3007298E-03   0.4949538E-03
 55.00    58.00   65  0.9241158E+00   0.6853912E-02  -0.3850274E-04
 56.00    58.00   65  0.9414275E+00   0.2037371E-02   0.9707393E-04
 57.00    58.00   65  0.8238468E+00   0.3398499E-02   0.1980475E-03
 58.00    58.00   65  0.8348904E+00   0.1722861E-02   0.1897340E-03
 59.00    58.00   65  0.8434427E+00   0.4493293E-03   0.1831782E-03
 60.00    58.00   65  0.8657358E+00   0.3536388E-03   0.1655519E-03
 61.00    58.00   65  0.9517457E+00   0.7922355E-03   0.8599108E-04
 62.00    58.00   65  0.3561564E+00   0.1125862E-02   0.1836862E-03
 63.00    58.00   65  0.9440369E-01   0.3884177E-03   0.3668347E-03
 64.00    58.00   65  0.1062954E+00   0.2600696E-03   0.3499248E-03
 65.00    58.00   65  0.8426343E+00   0.7448877E-03  -0.3444492E-03
 66.00    58.00   65  0.6698691E+00   0.1404589E-03   0.1785990E-03
 67.00    58.00   65  0.7064005E+00   0.1367149E-03   0.2319879E-03
 68.00    58.00   65  0.7320123E+00   0.1150720E-02   0.2401527E-03
 69.00    58.00   65  0.7500002E+00   0.2141551E+00   0.2500000E-03
 50.00    59.00   65  0.7499999E+00   0.2656290E+01   0.2500000E-03
 51.00    59.00   65  0.7500000E+00   0.9897054E+00   0.2500000E-03
 53.00    59.00   65  0.9446095E+00   0.2725384E+00  -0.3833656E-04
 54.00    59.00   65  0.3826003E+00   0.5168249E-01   0.1683974E-03
 55.00    59.00   65  0.9592704E+00   0.8772879E-02   0.7742530E-04
 56.00    59.00   65  0.9015656E+00   0.6742714E-02   0.1352138E-03
 57.00    59.00   65  0.8295608E+00   0.3742077E-01   0.1937667E-03
 58.00    59.00   65  0.8525589E+00   0.1749484E-01   0.1760688E-03
 59.00    59.00   65  0.8056964E+00   0.1430363E-02   0.2113700E-03
 60.00    59.00   65  0.8124086E+00   0.4768012E-03   0.2064903E-03
 61.00    59.00   65  0.8530058E+00   0.3496422E-03   0.1757171E-03
 62.00    59.00   65  0.9992589E+00   0.7932568E-03   0.7516821E-05
 63.00    59.00   65  0.5412261E+00   0.1173311E-02   0.4562282E-04
 64.00    59.00   65  0.4564230E+00   0.8957947E-03  -0.5099794E-04
 65.00    59.00   65  0.8462169E+00   0.7284849E-03  -0.2936210E-03
 66.00    59.00   65  0.6961522E+00   0.1701237E-03   0.1982645E-03
 67.00    59.00   65  0.7344701E+00   0.2019849E-03   0.2340849E-03
 68.00    59.00   65  0.7680903E+00   0.2234522E-02   0.2331608E-03
 69.00    59.00   65  0.7500000E+00   0.4650200E+00   0.2500000E-03
 53.00    60.00   65  0.8837654E+00   0.9748318E+00   0.1506394E-03
 54.00    60.00   65  0.8780937E+00   0.4718765E-01   0.1554012E-03
 55.00    60.00   65  0.1674719E+00   0.5758724E-01   0.3084737E-03
 56.00    60.00   65  0.7500001E+00   0.3636055E+00   0.2500000E-03
 57.00    60.00   65  0.7500002E+00   0.4390638E+01   0.2500000E-03
 58.00    60.00   65  0.7500002E+00   0.8270410E+00   0.2500000E-03
 59.00    60.00   65  0.7500002E+00   0.2597055E-01   0.2500000E-03
 60.00    60.00   65  0.8032976E+00   0.2325475E-02   0.2131012E-03
 61.00    60.00   65  0.8133680E+00   0.4200162E-03   0.2057884E-03
 62.00    60.00   65  0.8770732E+00   0.3588824E-03   0.1539158E-03
 63.00    60.00   65  0.9491730E+00   0.7857327E-03   0.4147671E-04
 64.00    60.00   65  0.9946084E+00   0.1640615E-02  -0.6560896E-03
 65.00    60.00   65  0.5982442E+00   0.8562766E-03  -0.3918838E-03
 66.00    60.00   65  0.6569100E+00   0.2392162E-03   0.1647919E-03
 67.00    60.00   65  0.7335524E+00   0.2378164E-03   0.2254277E-03
 68.00    60.00   65  0.7643151E+00   0.1697157E-02   0.2211190E-03
 69.00    60.00   65  0.7499998E+00   0.2385538E+01   0.2500001E-03
 53.00    61.00   65  0.3054862E-01   0.1904812E+01   0.4350473E-03
 54.00    61.00   65  0.7500002E+00   0.3378842E+01   0.2500000E-03
 59.00    61.00   65  0.7500000E+00   0.1816212E+02   0.2500000E-03
 60.00    61.00   65  0.7672992E+00   0.6335667E-01   0.2383310E-03
 61.00    61.00   65  0.7816556E+00   0.1478661E-02   0.2284303E-03
 62.00    61.00   65  0.7882602E+00   0.3653763E-03   0.2234165E-03
 63.00    61.00   65  0.8540636E+00   0.3778321E-03   0.1720492E-03
 64.00    61.00   65  0.9102445E+00   0.6530329E-03  -0.4078582E-04
 65.00    61.00   65  0.6937640E+00   0.6720540E-03  -0.2332679E-03
 66.00    61.00   65  0.6515228E+00   0.2702364E-03   0.1095667E-03
 67.00    61.00   65  0.7119983E+00   0.1751742E-03   0.2190762E-03
 68.00    61.00   65  0.7345794E+00   0.8257806E-03   0.2412194E-03
 69.00    61.00   65  0.7500000E+00   0.2748637E+00   0.2500000E-03
 61.00    62.00   65  0.7537358E+00   0.2658058E-01   0.2475031E-03
 62.00    62.00   65  0.7602490E+00   0.1016496E-02   0.2431199E-03
 63.00    62.00   65  0.7965984E+00   0.2875747E-03   0.2179008E-03
 64.00    62.00   65  0.8828810E+00   0.3484563E-03   0.1414884E-03
 65.00    62.00   65  0.8505011E+00   0.3247910E-03   0.1181160E-03
 66.00    62.00   65  0.7152314E+00   0.2101364E-03   0.1522980E-03
 67.00    62.00   65  0.7029896E+00   0.1204351E-03   0.2242633E-03
 68.00    62.00   65  0.7232031E+00   0.4099899E-03   0.2350787E-03
 69.00    62.00   65  0.8304110E+00   0.1346903E+00   0.1931259E-03
 61.00    63.00   65  0.7500001E+00   0.7306303E+02   0.2500000E-03
 62.00    63.00   65  0.7581230E+00   0.8861979E-02   0.2445551E-03
 63.00    63.00   65  0.7694608E+00   0.4636504E-03   0.2368532E-03
 64.00    63.00   65  0.7880082E+00   0.2375456E-03   0.2239829E-03
 65.00    63.00   65  0.7939331E+00   0.1953458E-03   0.2185229E-03
 66.00    63.00   65  0.7849399E+00   0.1289145E-03   0.2138829E-03
 67.00    63.00   65  0.7417449E+00   0.9346774E-04   0.2329478E-03
 68.00    63.00   65  0.7457581E+00   0.3223243E-03   0.2325587E-03
 69.00    63.00   65  0.7811673E+00   0.2502179E-01   0.2287706E-03
 62.00    64.00   65  0.7500001E+00   0.1548877E+01   0.2500000E-03
 63.00    64.00   65  0.7944511E+00   0.1877468E-02   0.2194288E-03
 64.00    64.00   65  0.7620887E+00   0.2054712E-03   0.2403629E-03
 65.00    64.00   65  0.7546290E+00   0.1597388E-03   0.2375982E-03
 66.00    64.00   65  0.7755896E+00   0.1150719E-03   0.2274336E-03
 67.00    64.00   65  0.7628441E+00   0.8238337E-04   0.2356484E-03
 68.00    64.00   65  0.7665085E+00   0.3277675E-03   0.2342657E-03
 69.00    64.00   65  0.7635470E+00   0.5308748E-01   0.2408855E-03
 63.00    65.00   65  0.7715976E+00   0.2502399E-01   0.2353880E-03
 64.00    65.00   65  0.7524468E+00   0.5668261E-03   0.2464179E-03
 65.00    65.00   65  0.7459795E+00   0.1617365E-03   0.2412941E-03
 66.00    65.00   65  0.7503142E+00   0.9599321E-04   0.2419740E-03
 67.00    65.00   65  0.7541893E+00   0.9682355E-04   0.2389191E-03
 68.00    65.00   65  0.7510896E+00   0.5581936E-03   0.2373288E-03
 69.00    65.00   65  0.7500000E+00   0.5979255E+00   0.2500000E-03
 64.00    66.00   65  0.7513258E+00   0.4907557E-02   0.2491154E-03
 65.00    66.00   65  0.7560439E+00   0.3303654E-03   0.2444100E-03
 66.00    66.00   65  0.7525514E+00   0.1386183E-03   0.2432489E-03
 67.00    66.00   65  0.7542613E+00   0.1448368E-03   0.2435150E-03
 68.00    66.00   65  0.7522040E+00   0.7077380E-03   0.2462300E-03
 69.00    66.00   65  0.7500001E+00   0.2720411E+00   0.2500000E-03
 64.00    67.00   65  0.7500000E+00   0.6670384E+00   0.2500000E-03
 65.00    67.00   65  0.7584829E+00   0.4542828E-02   0.2441903E-03
 66.00    67.00   65  0.7652844E+00   0.6480512E-03   0.2302286E-03
 67.00    67.00   65  0.7701564E+00   0.3443122E-03   0.2349229E-03
 68.00    67.00   65  0.7709808E+00   0.8955947E-03   0.2355856E-03
 69.00    67.00   65  0.8088764E+00   0.6116775E-01   0.2090650E-03
 65.00    68.00   65  0.7500001E+00   0.1095290E+02   0.2500000E-03
 66.00    68.00   65  0.7774425E+00   0.4456928E-01   0.2313571E-03
 67.00    68.00   65  0.7928600E+00   0.4115822E-02   0.2205576E-03
 68.00    68.00   65  0.7821012E+00   0.3465887E-02   0.2281198E-03
 69.00    68.00   65  0.7545587E+00   0.3641273E-01   0.2469515E-03
 67.00    69.00   65  0.7500000E+00   0.6070324E+00   0.2500000E-03
 68.00    69.00   65  0.7500000E+00   0.1188393E+00   0.2500000E-03
 69.00    69.00   65  0.7500001E+00   0.3230191E+00   0.2500000E-03
 55.00    40.00   66  0.7500001E+00   0.1166723E+01   0.2500000E-03
 56.00    40.00   66  0.7500000E+00   0.2091622E-01   0.2500000E-03
 57.00    40.00   66  0.7500000E+00   0.3537083E+00   0.2500000E-03
 55.00    41.00   66  0.7499999E+00   0.5489318E-01   0.2500000E-03
 56.00    41.00   66  0.7914733E+00   0.7311822E-02   0.2215392E-03
 57.00    41.00   66  0.8584071E+00   0.1920893E-01   0.1714378E-03
 58.00    41.00   66  0.7500002E+00   0.1877261E+00   0.2500000E-03
 55.00    42.00   66  0.7992496E+00   0.6217408E-02   0.2160074E-03
 56.00    42.00   66  0.8490698E+00   0.2086955E-02   0.1788053E-03
 57.00    42.00   66  0.8494354E+00   0.2626319E-02   0.1785196E-03
 58.00    42.00   66  0.7500000E+00   0.1817638E-01   0.2500000E-03
 54.00    43.00   66  0.3518771E-02   0.6818450E-03   0.4811468E-03
 55.00    43.00   66  0.7731987E+00   0.5661851E-02  -0.7485854E-05
 56.00    43.00   66  0.9942150E+00   0.1103740E-02   0.2478581E-04
 57.00    43.00   66  0.9414260E+00   0.1066842E-02   0.9707530E-04
 58.00    43.00   66  0.8240842E+00   0.9574222E-02   0.1978706E-03
 54.00    44.00   66  0.6373760E-01   0.2624801E-02   0.3976122E-03
 55.00    44.00   66  0.9271505E+00   0.5525763E-02  -0.3859890E-04
 56.00    44.00   66  0.9945913E+00   0.7993764E-03   0.2387690E-04
 57.00    44.00   66  0.9787298E+00   0.6337175E-03   0.5228637E-04
 58.00    44.00   66  0.9051884E+00   0.2966726E-02  -0.3716291E-04
 59.00    44.00   66  0.3212063E-03   0.9857523E-02   0.4866050E-03
 54.00    45.00   66  0.3932876E-01   0.1156650E-02   0.4242241E-03
 55.00    45.00   66  0.5359574E+00   0.9302469E-02   0.8805742E-04
 56.00    45.00   66  0.9765646E+00   0.1973679E-02  -0.3195362E-04
 57.00    45.00   66  0.8378922E+00   0.7563637E-03  -0.2533727E-04
 58.00    45.00   66  0.6851603E+00   0.1083701E-02   0.2334410E-04
 59.00    45.00   66  0.6463781E+00   0.3965665E-01   0.3879727E-04
 55.00    46.00   66  0.8059880E-01   0.5443037E-02   0.3811181E-03
 56.00    46.00   66  0.9968269E+00   0.7564717E-02  -0.1464871E-04
 57.00    46.00   66  0.6885540E+00   0.1595339E-02   0.2204199E-04
 58.00    46.00   66  0.4128833E+00   0.6450749E-03   0.1514285E-03
 59.00    46.00   66  0.6257797E+00   0.5881565E-02   0.4741419E-04
 56.00    47.00   66  0.1788809E-01   0.1464951E-02   0.4527936E-03
 57.00    47.00   66  0.8479740E+00   0.9130764E-02  -0.2763467E-04
 58.00    47.00   66  0.4505438E+00   0.9831568E-03   0.1310983E-03
 59.00    47.00   66  0.4693499E+00   0.1311505E-02   0.1212590E-03
 60.00    47.00   66  0.4025004E+00   0.1188787E-01   0.9268222E-04
 61.00    47.00   66  0.8704942E+00   0.9603490E-02  -0.1114102E-03
 62.00    47.00   66  0.9992870E+00   0.3557528E-02  -0.1495411E-03
 66.00    47.00   66  0.5985652E-01   0.1010498E-01   0.3630405E-03
 67.00    47.00   66  0.6868683E+00   0.3073530E-01   0.2322438E-03
 68.00    47.00   66  0.7499999E+00   0.3042748E+00   0.2500000E-03
 57.00    48.00   66  0.9888773E+00   0.1036827E+00  -0.2471398E-04
 58.00    48.00   66  0.1741720E+00   0.2529560E-02   0.3034318E-03
 59.00    48.00   66  0.2492627E+00   0.7557367E-03   0.2504918E-03
 60.00    48.00   66  0.5686395E+00   0.1101435E-02   0.7270923E-04
 61.00    48.00   66  0.7977993E+00   0.1228135E-02  -0.1484348E-04
 62.00    48.00   66  0.7675550E+00   0.8114766E-03  -0.2715812E-04
 66.00    48.00   66  0.9161346E-03   0.8100443E-04   0.4825330E-03
 67.00    48.00   66  0.1639985E+00   0.1681536E-02   0.2862221E-03
 68.00    48.00   66  0.9435467E-01   0.1109452E-01   0.3312281E-03
 58.00    49.00   66  0.1379563E-04   0.1430512E-01   0.4989209E-03
 59.00    49.00   66  0.3440084E+00   0.3969876E-02   0.1908625E-03
 60.00    49.00   66  0.3329078E+00   0.6199297E-03   0.1975068E-03
 61.00    49.00   66  0.2918654E+00   0.4743510E-03   0.2228296E-03
 62.00    49.00   66  0.3005059E+00   0.5826998E-03   0.2157202E-03
 68.00    49.00   66  0.2398051E-01   0.5164217E-03   0.4116721E-03
 69.00    49.00   66  0.5507584E+00   0.3526425E-01   0.2128162E-03
 59.00    50.00   66  0.1190093E-05   0.6648174E-04   0.4996845E-03
 60.00    50.00   66  0.1615017E+00   0.3008183E-02   0.3130187E-03
 61.00    50.00   66  0.1724413E+00   0.1631983E-02   0.3047284E-03
 62.00    50.00   66  0.9580697E-01   0.2781402E-02   0.3671318E-03
 68.00    50.00   66  0.1654238E-01   0.1286510E-03   0.4263596E-03
 69.00    50.00   66  0.5123242E+00   0.4449192E-02   0.2114126E-03
 70.00    50.00   66  0.7500001E+00   0.2778162E+01   0.2500000E-03
 62.00    51.00   66  0.3066227E-01   0.2313682E-02   0.4349010E-03
 63.00    51.00   66  0.1690530E+00   0.5112704E-03   0.3012362E-03
 69.00    51.00   66  0.1642493E+00   0.1016620E-02   0.2860908E-03
 70.00    51.00   66  0.2134436E-02   0.1352689E-01   0.4733549E-03
 62.00    52.00   66  0.3673660E+00   0.1626054E-01   0.1771504E-03
 63.00    52.00   66  0.2122827E+00   0.6704044E-03   0.2758106E-03
 64.00    52.00   66  0.2431587E+00   0.4103132E-03   0.1639049E-03
 69.00    52.00   66  0.7309567E-01   0.3945509E-03   0.3497195E-03
 58.00    53.00   66  0.1625045E-03   0.7813603E-03   0.4962391E-03
 59.00    53.00   66  0.2470993E-04   0.5378564E-03   0.4985527E-03
 62.00    53.00   66  0.1645995E+00   0.5880839E-01   0.3106541E-03
 63.00    53.00   66  0.1557094E+00   0.1499400E-02   0.3174776E-03
 64.00    53.00   66  0.3320066E+00   0.7003968E-03   0.1841722E-03
 69.00    53.00   66  0.1866128E+00   0.4162598E-03   0.2750641E-03
 70.00    53.00   66  0.6066414E+00   0.7198589E-01   0.2179672E-03
 57.00    54.00   66  0.3489995E-01   0.3276675E-02   0.4295705E-03
 58.00    54.00   66  0.1091897E+00   0.1406488E-02   0.3553740E-03
 59.00    54.00   66  0.4422036E-01   0.8927163E-03   0.4185428E-03
 60.00    54.00   66  0.5833836E-02   0.1195673E-02   0.4750986E-03
 63.00    54.00   66  0.6733536E-01   0.2034755E-01   0.3939898E-03
 64.00    54.00   66  0.3842814E+00   0.3211224E-02   0.1674405E-03
 65.00    54.00   66  0.7270705E+00   0.1652649E-02  -0.1210124E-03
 69.00    54.00   66  0.3882295E+00   0.3972180E-03   0.2186257E-03
 70.00    54.00   66  0.7406655E+00   0.2520348E-01   0.2469650E-03
 56.00    55.00   66  0.1896586E+00   0.2752842E-01   0.2920012E-03
 57.00    55.00   66  0.9924549E+00   0.2656225E-02   0.2875316E-04
 58.00    55.00   66  0.9548840E+00   0.1049185E-02   0.8247496E-04
 59.00    55.00   66  0.9647315E+00   0.1572153E-02  -0.3561412E-04
 60.00    55.00   66  0.3117788E+00   0.2042067E-02   0.2103905E-03
 61.00    55.00   66  0.2723987E-01   0.1278812E-02   0.4393891E-03
 62.00    55.00   66  0.6959021E-06   0.2200252E-04   0.4997589E-03
 63.00    55.00   66  0.1481629E-01   0.1935851E-01   0.4577150E-03
 64.00    55.00   66  0.1788603E+00   0.7409723E-02   0.2999394E-03
 65.00    55.00   66  0.3014525E+00   0.1231409E-02   0.2017530E-03
 66.00    55.00   66  0.3610198E+00   0.9057672E-03  -0.1309408E-03
 68.00    55.00   66  0.2508845E+00   0.1385788E-03   0.2256541E-03
 69.00    55.00   66  0.5882251E+00   0.4227109E-03   0.2116263E-03
 70.00    55.00   66  0.8309696E+00   0.3622662E-01   0.1754786E-03
 56.00    56.00   66  0.9970789E+00   0.8105264E-02  -0.1411914E-04
 57.00    56.00   66  0.8829030E+00   0.1052016E-02   0.1513679E-03
 58.00    56.00   66  0.8172085E+00   0.6439875E-03   0.2029674E-03
 59.00    56.00   66  0.8514275E+00   0.4809352E-03   0.1769584E-03
 60.00    56.00   66  0.9637738E+00   0.8290321E-03   0.7205270E-04
 61.00    56.00   66  0.9579012E+00   0.2227537E-02  -0.3692077E-04
 62.00    56.00   66  0.1018993E+00   0.1633207E-02   0.3617216E-03
 63.00    56.00   66  0.2328614E-01   0.2161266E-02   0.4448216E-03
 64.00    56.00   66  0.9099149E-01   0.3748365E-02   0.3714822E-03
 65.00    56.00   66  0.2005985E+00   0.9253864E-03   0.2627471E-03
 66.00    56.00   66  0.1177750E+00   0.2959473E-03   0.2621881E-03
 67.00    56.00   66  0.6000522E+00   0.6569492E-03  -0.4303766E-03
 68.00    56.00   66  0.5276621E+00   0.1350341E-03   0.1997114E-03
 69.00    56.00   66  0.6834772E+00   0.4054776E-03   0.2276459E-03
 70.00    56.00   66  0.7541739E+00   0.8073929E-01   0.2119398E-03
 55.00    57.00   66  0.3007286E-02   0.9502419E-03   0.4826896E-03
 56.00    57.00   66  0.9859092E+00   0.2762548E-02   0.4107057E-04
 57.00    57.00   66  0.8828732E+00   0.2021459E-02   0.1513930E-03
 58.00    57.00   66  0.8557099E+00   0.2323660E-02   0.1735807E-03
 59.00    57.00   66  0.8396302E+00   0.6325609E-03   0.1861138E-03
 60.00    57.00   66  0.8491796E+00   0.4182753E-03   0.1787196E-03
 61.00    57.00   66  0.8901406E+00   0.5195650E-03   0.1452026E-03
 62.00    57.00   66  0.9999436E+00   0.1458002E-02   0.2193497E-05
 63.00    57.00   66  0.1685224E+00   0.1353910E-02   0.3076791E-03
 64.00    57.00   66  0.8591961E-01   0.7405904E-03   0.3761403E-03
 65.00    57.00   66  0.1868110E+00   0.5134685E-03   0.2848551E-03
 66.00    57.00   66  0.4090242E+00   0.4776258E-03   0.3091097E-04
 67.00    57.00   66  0.6838247E+00   0.2020607E-03   0.1032151E-03
 68.00    57.00   66  0.6774684E+00   0.1410855E-03   0.2237705E-03
 69.00    57.00   66  0.7126839E+00   0.8559427E-03   0.2358236E-03
 70.00    57.00   66  0.7500000E+00   0.5308014E+00   0.2500000E-03
 50.00    58.00   66  0.7500000E+00   0.4056256E+01   0.2500000E-03
 51.00    58.00   66  0.7500002E+00   0.1001023E+01   0.2500000E-03
 54.00    58.00   66  0.1222309E-05   0.2077450E-04   0.4996802E-03
 55.00    58.00   66  0.4699636E+00   0.5218984E-02   0.1209413E-03
 56.00    58.00   66  0.9802504E+00   0.2842969E-02   0.5004092E-04
 57.00    58.00   66  0.9616838E+00   0.1014025E-01   0.7457170E-04
 58.00    58.00   66  0.8830748E+00   0.5712663E-01   0.1512229E-03
 59.00    58.00   66  0.8473887E+00   0.3145073E-02   0.1801169E-03
 60.00    58.00   66  0.7929876E+00   0.8695014E-03   0.2204671E-03
 61.00    58.00   66  0.8148546E+00   0.4444146E-03   0.2046986E-03
 62.00    58.00   66  0.9131809E+00   0.5890793E-03   0.1246918E-03
 63.00    58.00   66  0.7822712E+00   0.1266903E-02  -0.1027243E-04
 64.00    58.00   66  0.2667678E+00   0.7159802E-03   0.2375412E-03
 65.00    58.00   66  0.2726701E+00   0.5179720E-03   0.2108906E-03
 66.00    58.00   66  0.9741135E+00   0.7668544E-03  -0.2886120E-03
 67.00    58.00   66  0.6945027E+00   0.1439178E-03   0.1993269E-03
 68.00    58.00   66  0.7184140E+00   0.1756331E-03   0.2330776E-03
 69.00    58.00   66  0.7361994E+00   0.1815617E-02   0.2383612E-03
 70.00    58.00   66  0.7500001E+00   0.4103530E+01   0.2500000E-03
 50.00    59.00   66  0.7500000E+00   0.3375701E+00   0.2500000E-03
 51.00    59.00   66  0.7500001E+00   0.9696162E-01   0.2500000E-03
 54.00    59.00   66  0.2302877E+00   0.3756469E-01   0.2633191E-03
 55.00    59.00   66  0.9741365E+00   0.6962216E-02   0.5875266E-04
 56.00    59.00   66  0.8944691E+00   0.5567255E-02   0.1414569E-03
 57.00    59.00   66  0.7670634E+00   0.9290591E-01   0.2384919E-03
 58.00    59.00   66  0.7500000E+00   0.6653390E+02   0.2500000E-03
 59.00    59.00   66  0.7500000E+00   0.8818800E-01   0.2500000E-03
 60.00    59.00   66  0.7907790E+00   0.7817360E-02   0.2220298E-03
 61.00    59.00   66  0.7909990E+00   0.8620985E-03   0.2218745E-03
 62.00    59.00   66  0.8850983E+00   0.4331598E-03   0.1495103E-03
 63.00    59.00   66  0.9820135E+00   0.7572593E-03   0.4725842E-04
 64.00    59.00   66  0.8186840E+00   0.1584011E-02  -0.1052188E-03
 65.00    59.00   66  0.6462725E+00   0.1350222E-02  -0.2442340E-03
 66.00    59.00   66  0.7037849E+00   0.9312221E-03  -0.4058747E-03
 67.00    59.00   66  0.6881757E+00   0.2116621E-03   0.1866145E-03
 68.00    59.00   66  0.7342536E+00   0.2492418E-03   0.2329857E-03
 69.00    59.00   66  0.7613426E+00   0.2782258E-02   0.2367211E-03
 50.00    60.00   66  0.7500000E+00   0.1708601E+01   0.2500000E-03
 51.00    60.00   66  0.7500000E+00   0.5199505E+00   0.2500000E-03
 54.00    60.00   66  0.7500000E+00   0.2049888E+00   0.2500000E-03
 55.00    60.00   66  0.7500002E+00   0.5039178E+00   0.2500000E-03
 56.00    60.00   66  0.7500000E+00   0.7303976E+00   0.2500000E-03
 59.00    60.00   66  0.7500000E+00   0.1755685E+02   0.2500000E-03
 60.00    60.00   66  0.7500001E+00   0.9246093E+00   0.2500000E-03
 61.00    60.00   66  0.8081672E+00   0.3823063E-02   0.2095800E-03
 62.00    60.00   66  0.8198268E+00   0.4753256E-03   0.2010336E-03
 63.00    60.00   66  0.8840148E+00   0.5289417E-03   0.1490032E-03
 64.00    60.00   66  0.9568399E+00   0.1024381E-02   0.8714153E-05
 65.00    60.00   66  0.9933546E+00   0.1286750E-02  -0.3671134E-03
 66.00    60.00   66  0.5743524E+00   0.6567673E-03  -0.1847657E-03
 67.00    60.00   66  0.6602185E+00   0.2556420E-03   0.1383431E-03
 68.00    60.00   66  0.7111247E+00   0.2276572E-03   0.2193034E-03
 69.00    60.00   66  0.7409949E+00   0.1393029E-02   0.2335240E-03
 61.00    61.00   66  0.7829534E+00   0.6929828E-01   0.2275252E-03
 62.00    61.00   66  0.7724452E+00   0.1025025E-02   0.2348054E-03
 63.00    61.00   66  0.8193972E+00   0.3949374E-03   0.2005833E-03
 64.00    61.00   66  0.8991717E+00   0.4986774E-03   0.1180662E-03
 65.00    61.00   66  0.8753190E+00   0.5404071E-03   0.1342682E-04
 66.00    61.00   66  0.7703239E+00   0.4983594E-03  -0.3333035E-04
 67.00    61.00   66  0.6403090E+00   0.2778878E-03   0.1029085E-03
 68.00    61.00   66  0.6981274E+00   0.1465980E-03   0.2207711E-03
 69.00    61.00   66  0.7382846E+00   0.6163082E-03   0.2440445E-03
 70.00    61.00   66  0.7500000E+00   0.5280371E+00   0.2500000E-03
 61.00    62.00   66  0.7500000E+00   0.6082384E+02   0.2500000E-03
 62.00    62.00   66  0.7617183E+00   0.7015784E-02   0.2421257E-03
 63.00    62.00   66  0.7732869E+00   0.4871228E-03   0.2342264E-03
 64.00    62.00   66  0.8224089E+00   0.3548921E-03   0.1984367E-03
 65.00    62.00   66  0.8919559E+00   0.3876439E-03   0.1387496E-03
 66.00    62.00   66  0.8409342E+00   0.2742871E-03   0.1720081E-03
 67.00    62.00   66  0.7542902E+00   0.1875852E-03   0.1969759E-03
 68.00    62.00   66  0.7289752E+00   0.1166733E-03   0.2276891E-03
 69.00    62.00   66  0.7379768E+00   0.4217400E-03   0.2379467E-03
 70.00    62.00   66  0.7501323E+00   0.8191504E-01   0.2499118E-03
 62.00    63.00   66  0.7499999E+00   0.4233356E+00   0.2500000E-03
 63.00    63.00   66  0.7723125E+00   0.2544476E-02   0.2348968E-03
 64.00    63.00   66  0.7732024E+00   0.3061578E-03   0.2342846E-03
 65.00    63.00   66  0.7696726E+00   0.2057178E-03   0.2354989E-03
 66.00    63.00   66  0.7840067E+00   0.2185510E-03   0.2250429E-03
 67.00    63.00   66  0.7797033E+00   0.1314175E-03   0.2194097E-03
 68.00    63.00   66  0.7459674E+00   0.9481446E-04   0.2328827E-03
 69.00    63.00   66  0.7541471E+00   0.3235455E-03   0.2378931E-03
 70.00    63.00   66  0.7667692E+00   0.2839926E-01   0.2386926E-03
 63.00    64.00   66  0.8480389E+00   0.3212531E-01   0.1796102E-03
 64.00    64.00   66  0.7689944E+00   0.4781145E-03   0.2371723E-03
 65.00    64.00   66  0.7548825E+00   0.1583753E-03   0.2432577E-03
 66.00    64.00   66  0.7509108E+00   0.1686647E-03   0.2369216E-03
 67.00    64.00   66  0.7686095E+00   0.1036699E-03   0.2316672E-03
 68.00    64.00   66  0.7567403E+00   0.9144974E-04   0.2369196E-03
 69.00    64.00   66  0.7579885E+00   0.4619511E-03   0.2346834E-03
 70.00    64.00   66  0.7641090E+00   0.9418616E-01   0.2405037E-03
 63.00    65.00   66  0.7500001E+00   0.3563730E+01   0.2500000E-03
 64.00    65.00   66  0.7502339E+00   0.2326034E-02   0.2498441E-03
 65.00    65.00   66  0.7511185E+00   0.2604403E-03   0.2460991E-03
 66.00    65.00   66  0.7433519E+00   0.1431865E-03   0.2430512E-03
 67.00    65.00   66  0.7548130E+00   0.9857838E-04   0.2424839E-03
 68.00    65.00   66  0.7525949E+00   0.1279019E-03   0.2439532E-03
 69.00    65.00   66  0.7539769E+00   0.9518548E-03   0.2419978E-03
 70.00    65.00   66  0.7500001E+00   0.5543828E+00   0.2500000E-03
 64.00    66.00   66  0.7499999E+00   0.5598736E-01   0.2500000E-03
 65.00    66.00   66  0.7546124E+00   0.1104431E-02   0.2462786E-03
 66.00    66.00   66  0.7630576E+00   0.2692837E-03   0.2395889E-03
 67.00    66.00   66  0.7647549E+00   0.1833780E-03   0.2393171E-03
 68.00    66.00   66  0.7655953E+00   0.2060338E-03   0.2394927E-03
 69.00    66.00   66  0.7569118E+00   0.1072407E-02   0.2453707E-03
 70.00    66.00   66  0.7500000E+00   0.5615093E+00   0.2500000E-03
 65.00    67.00   66  0.7618459E+00   0.3757595E-01   0.2420393E-03
 66.00    67.00   66  0.7845062E+00   0.3885027E-02   0.2264398E-03
 67.00    67.00   66  0.7916699E+00   0.1430343E-02   0.2214001E-03
 68.00    67.00   66  0.7820662E+00   0.6799009E-03   0.2281441E-03
 69.00    67.00   66  0.8247001E+00   0.2203008E-02   0.1974111E-03
 70.00    67.00   66  0.7500000E+00   0.2312023E+00   0.2500000E-03
 67.00    68.00   66  0.7500001E+00   0.1533002E+00   0.2500000E-03
 68.00    68.00   66  0.7710093E+00   0.9812121E-02   0.2357918E-03
 69.00    68.00   66  0.7780893E+00   0.9189569E-02   0.2309089E-03
 70.00    68.00   66  0.7500000E+00   0.1912219E+00   0.2500000E-03
 68.00    69.00   66  0.7499999E+00   0.2819525E+01   0.2500000E-03
 69.00    69.00   66  0.7500000E+00   0.8010909E-01   0.2500000E-03
 70.00    69.00   66  0.7500001E+00   0.3790481E+00   0.2500000E-03
 56.00    39.00   67  0.7500001E+00   0.1844414E+00   0.2500000E-03
 57.00    39.00   67  0.7499999E+00   0.6518146E+00   0.2500000E-03
 56.00    40.00   67  0.7499999E+00   0.1085683E-01   0.2500001E-03
 57.00    40.00   67  0.7500000E+00   0.3397315E-01   0.2500000E-03
 58.00    40.00   67  0.7500000E+00   0.3728617E+00   0.2500000E-03
 55.00    41.00   67  0.7500001E+00   0.2060534E-01   0.2500000E-03
 56.00    41.00   67  0.7616612E+00   0.5194118E-02   0.2421644E-03
 57.00    41.00   67  0.7793605E+00   0.2690718E-02   0.2300270E-03
 58.00    41.00   67  0.7500000E+00   0.1242197E-01   0.2500000E-03
 55.00    42.00   67  0.7588571E+00   0.6860849E-02   0.2440599E-03
 56.00    42.00   67  0.8612193E+00   0.1495180E-02   0.1691904E-03
 57.00    42.00   67  0.8833764E+00   0.1199569E-02   0.1509682E-03
 58.00    42.00   67  0.8318564E+00   0.4412469E-02   0.1920346E-03
 59.00    42.00   67  0.7500000E+00   0.7984365E+01   0.2500000E-03
 55.00    43.00   67  0.9702144E+00   0.9585384E-02  -0.3418064E-04
 56.00    43.00   67  0.9672283E+00   0.1026990E-02   0.6778113E-04
 57.00    43.00   67  0.9480430E+00   0.5636548E-03   0.9004708E-04
 58.00    43.00   67  0.8382636E+00   0.2856584E-02  -0.2542452E-04
 59.00    43.00   67  0.7284095E+00   0.7901244E-01   0.7398368E-05
 54.00    44.00   67  0.2529843E-01   0.3316041E-02   0.4420201E-03
 55.00    44.00   67  0.5902827E+00   0.5371563E-02   0.6289358E-04
 56.00    44.00   67  0.9805062E+00   0.2002044E-02   0.4965716E-04
 57.00    44.00   67  0.9997817E+00   0.9121007E-03  -0.4153699E-05
 58.00    44.00   67  0.7143457E+00   0.1071250E-02   0.1242524E-04
 59.00    44.00   67  0.9959865E+00   0.7593589E-02  -0.1624494E-04
 54.00    45.00   67  0.8486496E-02   0.6353840E-03   0.4692765E-03
 55.00    45.00   67  0.2029367E+00   0.3107513E-02   0.2824307E-03
 56.00    45.00   67  0.9483884E+00   0.5195202E-02   0.8967289E-04
 57.00    45.00   67  0.5182796E+00   0.1839470E-02   0.9661907E-04
 58.00    45.00   67  0.3640677E+00   0.6542316E-03   0.1790650E-03
 59.00    45.00   67  0.9046563E+00   0.3850804E-02  -0.3710890E-04
 55.00    46.00   67  0.7152289E-03   0.3469951E-03   0.4919249E-03
 56.00    46.00   67  0.4670431E-01   0.4447927E-02   0.4157361E-03
 57.00    46.00   67  0.8912644E+00   0.1061211E-01  -0.3549887E-04
 58.00    46.00   67  0.6254237E+00   0.1220566E-02   0.4756553E-04
 59.00    46.00   67  0.7405909E+00   0.1416743E-02   0.3175228E-05
 60.00    46.00   67  0.3201210E-01   0.2750250E-02   0.4251134E-03
 68.00    46.00   67  0.4369576E+00   0.3165936E+00   0.2136287E-03
 69.00    46.00   67  0.7500001E+00   0.3855381E+01   0.2500000E-03
 57.00    47.00   67  0.9197347E+00   0.4620261E-01  -0.3830146E-04
 58.00    47.00   67  0.5108454E+00   0.4248110E-02   0.1002737E-03
 59.00    47.00   67  0.4200222E+00   0.1322480E-02   0.1475097E-03
 60.00    47.00   67  0.3658357E+00   0.2125195E-02   0.1780378E-03
 67.00    47.00   67  0.3314933E+00   0.4393199E-02   0.2282124E-03
 68.00    47.00   67  0.3868399E+00   0.4802987E-02   0.2188151E-03
 69.00    47.00   67  0.2839085E+00   0.2696105E-01   0.2396769E-03
 70.00    47.00   67  0.7499999E+00   0.2229082E+01   0.2500000E-03
 58.00    48.00   67  0.8026597E-03   0.8891081E-01   0.4914235E-03
 59.00    48.00   67  0.2767009E+00   0.5460502E-02   0.2325058E-03
 60.00    48.00   67  0.4330106E+00   0.1387114E-02   0.1404585E-03
 61.00    48.00   67  0.3977195E+00   0.1491774E-02   0.1598549E-03
 62.00    48.00   67  0.5523183E+00   0.1163178E-02   0.8029563E-04
 63.00    48.00   67  0.6287766E+00   0.8993291E-03  -0.8591393E-04
 69.00    48.00   67  0.1203021E+00   0.1215863E-02   0.3121796E-03
 70.00    48.00   67  0.5300984E+00   0.1966778E-01   0.2118483E-03
 71.00    48.00   67  0.7500000E+00   0.3457422E+01   0.2500000E-03
 59.00    49.00   67  0.2125351E+00   0.1871727E+00   0.2756350E-03
 60.00    49.00   67  0.1300666E+00   0.2193733E-02   0.3378632E-03
 61.00    49.00   67  0.2391901E+00   0.7814381E-03   0.2572593E-03
 62.00    49.00   67  0.2164033E+00   0.4738774E-03   0.2729241E-03
 63.00    49.00   67  0.1506105E+00   0.3441285E-03   0.3102652E-03
 70.00    49.00   67  0.9136281E-01   0.1052882E-02   0.3336513E-03
 71.00    49.00   67  0.5997710E+00   0.1513288E+00   0.2171303E-03
 60.00    50.00   67  0.1155219E+00   0.5320480E-01   0.3499638E-03
 61.00    50.00   67  0.2674373E-01   0.1028837E-02   0.4400552E-03
 62.00    50.00   67  0.1090158E-01   0.7561856E-03   0.4645732E-03
 63.00    50.00   67  0.1857104E+00   0.3493967E-02   0.2935714E-03
 70.00    50.00   67  0.2090574E-02   0.5855924E-04   0.4736296E-03
 71.00    50.00   67  0.8494207E-01   0.9846826E-02   0.3390374E-03
 63.00    51.00   67  0.5172638E-01   0.1866397E-02   0.4102028E-03
 64.00    51.00   67  0.2507021E+00   0.5253842E-03   0.2454683E-03
 71.00    51.00   67  0.1920442E+00   0.6183772E-02   0.2725773E-03
 58.00    52.00   67  0.4559152E-02   0.1141919E-01   0.4782731E-03
 59.00    52.00   67  0.9762082E-01   0.3819625E-01   0.3655105E-03
 63.00    52.00   67  0.2344713E+00   0.9483745E-02   0.2604620E-03
 64.00    52.00   67  0.2726172E+00   0.7757634E-03   0.2351172E-03
 65.00    52.00   67  0.3876074E+00   0.5526361E-03   0.1276278E-03
 70.00    52.00   67  0.4703208E-02   0.3769626E-04   0.4604228E-03
 71.00    52.00   67  0.5225301E+00   0.7795245E-02   0.2116181E-03
 57.00    53.00   67  0.4175710E-03   0.2408645E-02   0.4938935E-03
 58.00    53.00   67  0.1785160E-01   0.9316091E-03   0.4528502E-03
 59.00    53.00   67  0.4647164E-01   0.1237321E-02   0.4159969E-03
 60.00    53.00   67  0.6444076E-01   0.3456482E-02   0.3968994E-03
 61.00    53.00   67  0.6384893E-03   0.1135912E-02   0.4923888E-03
 63.00    53.00   67  0.5302842E-01   0.4174093E-01   0.4087965E-03
 64.00    53.00   67  0.6255549E-01   0.1802872E-02   0.3988162E-03
 65.00    53.00   67  0.2766421E+00   0.1050186E-02   0.2324130E-03
 66.00    53.00   67  0.4011171E+00   0.1069717E-02   0.8824037E-04
 70.00    53.00   67  0.1372415E+00   0.1755839E-03   0.2999586E-03
 71.00    53.00   67  0.6305522E+00   0.5292202E-02   0.2213388E-03
 57.00    54.00   67  0.3068317E+00   0.7659714E-02   0.2134533E-03
 58.00    54.00   67  0.9932615E+00   0.2123691E-02   0.2698615E-04
 59.00    54.00   67  0.9984456E+00   0.1940256E-02  -0.1059542E-04
 60.00    54.00   67  0.7044502E+00   0.3070620E-02   0.1605545E-04
 61.00    54.00   67  0.8586672E-01   0.1718163E-02   0.3761894E-03
 62.00    54.00   67  0.1383372E-01   0.1588073E-02   0.4593658E-03
 63.00    54.00   67  0.1636783E-03   0.2636952E-02   0.4962253E-03
 64.00    54.00   67  0.4160386E-02   0.7529679E-02   0.4793387E-03
 65.00    54.00   67  0.2082515E+00   0.4533769E-02   0.2786555E-03
 66.00    54.00   67  0.3776786E+00   0.1995762E-02   0.1594025E-03
 67.00    54.00   67  0.2470232E+00   0.9477864E-03   0.1023967E-03
 69.00    54.00   67  0.6008480E-01   0.9424744E-04   0.3352768E-03
 70.00    54.00   67  0.4699422E+00   0.2801229E-03   0.2075289E-03
 71.00    54.00   67  0.6858662E+00   0.5914479E-02   0.2320114E-03
 56.00    55.00   67  0.2237566E-01   0.7317268E-02   0.4461166E-03
 57.00    55.00   67  0.9893143E+00   0.2429689E-02   0.3502387E-04
 58.00    55.00   67  0.8230795E+00   0.8081499E-03   0.1986191E-03
 59.00    55.00   67  0.8443438E+00   0.5603873E-03   0.1824812E-03
 60.00    55.00   67  0.9161723E+00   0.6810793E-03   0.1219141E-03
 61.00    55.00   67  0.9963925E+00   0.1223094E-02   0.1911109E-04
 62.00    55.00   67  0.9633806E+00   0.2969445E-02  -0.3591081E-04
 63.00    55.00   67  0.3322867E+00   0.6501634E-02   0.1978811E-03
 64.00    55.00   67  0.9824038E-02   0.3456190E-02   0.4666165E-03
 65.00    55.00   67  0.2839469E+00   0.1617603E-01   0.2278597E-03
 66.00    55.00   67  0.1689826E+00   0.1368777E-02   0.2902400E-03
 67.00    55.00   67  0.1111722E+00   0.3763079E-03   0.3000131E-03
 68.00    55.00   67  0.9091123E+00   0.2824719E-02  -0.2440707E-02
 69.00    55.00   67  0.4336656E+00   0.1556351E-03   0.1840493E-03
 70.00    55.00   67  0.6319171E+00   0.2708531E-03   0.2155048E-03
 71.00    55.00   67  0.6977105E+00   0.9019607E-02   0.2348519E-03
 56.00    56.00   67  0.8945600E+00   0.1301888E-01  -0.3593776E-04
 57.00    56.00   67  0.9061827E+00   0.2023760E-02   0.1310789E-03
 58.00    56.00   67  0.8636463E+00   0.2876543E-02   0.1672398E-03
 59.00    56.00   67  0.8421550E+00   0.8941776E-03   0.1841722E-03
 60.00    56.00   67  0.8361781E+00   0.5239559E-03   0.1887537E-03
 61.00    56.00   67  0.8633300E+00   0.5353354E-03   0.1674945E-03
 62.00    56.00   67  0.9147489E+00   0.7334438E-03   0.1232395E-03
 63.00    56.00   67  0.9999141E+00   0.2028486E-02  -0.2631394E-05
 64.00    56.00   67  0.1969116E+00   0.3111812E-02   0.2867482E-03
 65.00    56.00   67  0.2596602E-01   0.1210665E-02   0.4411079E-03
 66.00    56.00   67  0.1898015E+00   0.8758499E-03   0.2801594E-03
 67.00    56.00   67  0.2761285E+00   0.4391046E-03   0.1740058E-03
 68.00    56.00   67  0.6769310E+00   0.3391674E-03   0.1599902E-04
 69.00    56.00   67  0.6349739E+00   0.1335121E-03   0.2112119E-03
 70.00    56.00   67  0.7058004E+00   0.3959549E-03   0.2319815E-03
 71.00    56.00   67  0.7490636E+00   0.2240768E-01   0.2496886E-03
 55.00    57.00   67  0.1392241E-01   0.7041253E-02   0.4592150E-03
 56.00    57.00   67  0.9947046E+00   0.3610221E-02  -0.1830340E-04
 57.00    57.00   67  0.8989342E+00   0.5314596E-02   0.1375442E-03
 58.00    57.00   67  0.9522772E+00   0.5480776E-01  -0.3767817E-04
 59.00    57.00   67  0.8099108E+00   0.6069912E-02   0.2083125E-03
 60.00    57.00   67  0.7848615E+00   0.2151869E-02   0.2261911E-03
 61.00    57.00   67  0.8079770E+00   0.1149219E-02   0.2097180E-03
 62.00    57.00   67  0.8416440E+00   0.5682449E-03   0.1845660E-03
 63.00    57.00   67  0.9673155E+00   0.8457685E-03   0.6767127E-04
 64.00    57.00   67  0.5870820E+00   0.1584303E-02   0.6432738E-04
 65.00    57.00   67  0.8766370E-01   0.6010786E-03   0.3745293E-03
 66.00    57.00   67  0.2368761E+00   0.6195318E-03   0.2479239E-03
 67.00    57.00   67  0.9512087E+00   0.8920524E-03  -0.3172652E-03
 68.00    57.00   67  0.6912671E+00   0.1861870E-03   0.1784637E-03
 69.00    57.00   67  0.7095644E+00   0.1602645E-03   0.2317748E-03
 70.00    57.00   67  0.7385278E+00   0.9980632E-03   0.2418692E-03
 71.00    57.00   67  0.7499999E+00   0.3651520E+00   0.2500000E-03
 55.00    58.00   67  0.1887143E+00   0.3924097E-02   0.2926897E-03
 56.00    58.00   67  0.9976354E+00   0.4420894E-02   0.1520297E-04
 57.00    58.00   67  0.8367609E+00   0.1660368E-01   0.1883092E-03
 58.00    58.00   67  0.7500001E+00   0.5583561E+01   0.2500000E-03
 59.00    58.00   67  0.7499999E+00   0.2421266E+00   0.2500000E-03
 60.00    58.00   67  0.7502788E+00   0.6851061E-01   0.2498142E-03
 61.00    58.00   67  0.7931103E+00   0.6068192E-02   0.2203801E-03
 62.00    58.00   67  0.8262670E+00   0.7988327E-03   0.1962396E-03
 63.00    58.00   67  0.9433745E+00   0.5831773E-03   0.9503306E-04
 64.00    58.00   67  0.9756662E+00   0.1097600E-02  -0.3236270E-04
 65.00    58.00   67  0.4229607E+00   0.1132266E-02   0.1329326E-03
 66.00    58.00   67  0.6937103E+00   0.1440340E-02  -0.2294399E-03
 67.00    58.00   67  0.6881998E+00   0.8144015E-03  -0.2492761E-03
 68.00    58.00   67  0.6706848E+00   0.2400363E-03   0.1744414E-03
 69.00    58.00   67  0.7214702E+00   0.2703682E-03   0.2319608E-03
 70.00    58.00   67  0.7506617E+00   0.3160495E-02   0.2345842E-03
 50.00    59.00   67  0.7500000E+00   0.2225950E+01   0.2500000E-03
 51.00    59.00   67  0.7500001E+00   0.7979054E+00   0.2500000E-03
 55.00    59.00   67  0.9873240E+00   0.6662260E-02   0.3863216E-04
 56.00    59.00   67  0.7858607E+00   0.6969910E-02   0.2254911E-03
 61.00    59.00   67  0.8164103E+00   0.8118090E-01   0.2035552E-03
 62.00    59.00   67  0.7884127E+00   0.1413050E-02   0.2236983E-03
 63.00    59.00   67  0.8658696E+00   0.5056137E-03   0.1654435E-03
 64.00    59.00   67  0.9725379E+00   0.8382141E-03   0.6083751E-04
 65.00    59.00   67  0.9978017E+00   0.1566251E-02  -0.5904015E-04
 66.00    59.00   67  0.9608439E+00   0.1883250E-02  -0.4741767E-03
 67.00    59.00   67  0.7172322E+00   0.9537491E-03  -0.4066582E-03
 68.00    59.00   67  0.6818830E+00   0.2558903E-03   0.1417305E-03
 69.00    59.00   67  0.7281528E+00   0.3013539E-03   0.2189152E-03
 70.00    59.00   67  0.7353846E+00   0.2978301E-02   0.2137173E-03
 50.00    60.00   67  0.7500000E+00   0.3834772E+00   0.2500000E-03
 51.00    60.00   67  0.7500001E+00   0.1500265E+00   0.2500000E-03
 55.00    60.00   67  0.6195467E+00   0.8331634E-01   0.5007541E-04
 56.00    60.00   67  0.7500001E+00   0.2516997E+00   0.2500000E-03
 61.00    60.00   67  0.7500000E+00   0.3609038E+02   0.2500000E-03
 62.00    60.00   67  0.7632756E+00   0.4101846E-02   0.2410699E-03
 63.00    60.00   67  0.8091422E+00   0.7006367E-03   0.2088716E-03
 64.00    60.00   67  0.8765016E+00   0.6235135E-03   0.1567258E-03
 65.00    60.00   67  0.8777286E+00   0.5628580E-03   0.1313651E-03
 66.00    60.00   67  0.8919184E+00   0.7419768E-03  -0.3830920E-04
 67.00    60.00   67  0.7306263E+00   0.7643663E-03  -0.2059900E-03
 68.00    60.00   67  0.6570027E+00   0.2928402E-03   0.8744057E-04
 69.00    60.00   67  0.7154836E+00   0.2062049E-03   0.2187388E-03
 70.00    60.00   67  0.7455954E+00   0.1442474E-02   0.2475612E-03
 71.00    60.00   67  0.7500002E+00   0.5327810E+02   0.2500000E-03
 50.00    61.00   67  0.7499999E+00   0.1115759E+02   0.2500000E-03
 51.00    61.00   67  0.7500000E+00   0.4647871E+01   0.2500000E-03
 62.00    61.00   67  0.7549888E+00   0.2351729E-01   0.2466630E-03
 63.00    61.00   67  0.7798796E+00   0.1213970E-02   0.2296663E-03
 64.00    61.00   67  0.8097233E+00   0.5130767E-03   0.2084491E-03
 65.00    61.00   67  0.8831574E+00   0.5096927E-03   0.1445115E-03
 66.00    61.00   67  0.8976451E+00   0.4407127E-03   0.1082031E-03
 67.00    61.00   67  0.8610447E+00   0.3760503E-03   0.1153973E-03
 68.00    61.00   67  0.7216239E+00   0.2388358E-03   0.1650003E-03
 69.00    61.00   67  0.7169543E+00   0.1462340E-03   0.2291320E-03
 70.00    61.00   67  0.7343170E+00   0.6583080E-03   0.2417498E-03
 71.00    61.00   67  0.7500001E+00   0.5485749E+00   0.2500000E-03
 62.00    62.00   67  0.7500001E+00   0.1049244E+01   0.2500000E-03
 63.00    62.00   67  0.7662496E+00   0.7241237E-02   0.2390470E-03
 64.00    62.00   67  0.7726861E+00   0.6494668E-03   0.2346399E-03
 65.00    62.00   67  0.7892726E+00   0.3257152E-03   0.2230927E-03
 66.00    62.00   67  0.8148830E+00   0.2924226E-03   0.2046394E-03
 67.00    62.00   67  0.8047323E+00   0.2506735E-03   0.2111026E-03
 68.00    62.00   67  0.7790804E+00   0.1655115E-03   0.2152908E-03
 69.00    62.00   67  0.7324950E+00   0.1168024E-03   0.2305795E-03
 70.00    62.00   67  0.7522492E+00   0.4601841E-03   0.2307335E-03
 71.00    62.00   67  0.9826439E+00   0.2271969E+00   0.4637727E-04
 63.00    63.00   67  0.7517127E+00   0.4252296E+00   0.2488569E-03
 64.00    63.00   67  0.7725508E+00   0.1309737E-02   0.2347329E-03
 65.00    63.00   67  0.7554330E+00   0.2722021E-03   0.2463648E-03
 66.00    63.00   67  0.7534708E+00   0.2225433E-03   0.2429833E-03
 67.00    63.00   67  0.7656347E+00   0.2323937E-03   0.2308927E-03
 68.00    63.00   67  0.7834031E+00   0.1413291E-03   0.2230892E-03
 69.00    63.00   67  0.7572864E+00   0.1022489E-03   0.2363735E-03
 70.00    63.00   67  0.7742634E+00   0.3976342E-03   0.2291211E-03
 71.00    63.00   67  0.8061284E+00   0.5327672E-01   0.2110576E-03
 64.00    64.00   67  0.7636123E+00   0.4544409E-02   0.2408412E-03
 65.00    64.00   67  0.7541539E+00   0.3679191E-03   0.2472230E-03
 66.00    64.00   67  0.7463596E+00   0.1880924E-03   0.2442289E-03
 67.00    64.00   67  0.7513770E+00   0.1710335E-03   0.2361105E-03
 68.00    64.00   67  0.7645013E+00   0.1153574E-03   0.2348952E-03
 69.00    64.00   67  0.7529625E+00   0.1193356E-03   0.2403286E-03
 70.00    64.00   67  0.7597081E+00   0.6307047E-03   0.2377325E-03
 71.00    64.00   67  0.7543182E+00   0.9609376E-01   0.2471130E-03
 64.00    65.00   67  0.7500000E+00   0.4963361E-01   0.2500000E-03
 65.00    65.00   67  0.7574510E+00   0.1195687E-02   0.2450077E-03
 66.00    65.00   67  0.7649481E+00   0.2865182E-03   0.2393870E-03
 67.00    65.00   67  0.7568070E+00   0.1775746E-03   0.2421237E-03
 68.00    65.00   67  0.7577011E+00   0.1439703E-03   0.2428138E-03
 69.00    65.00   67  0.7592067E+00   0.1903821E-03   0.2426315E-03
 70.00    65.00   67  0.7531592E+00   0.1407148E-02   0.2476156E-03
 65.00    66.00   67  0.7705590E+00   0.2541225E-01   0.2361007E-03
 66.00    66.00   67  0.7921523E+00   0.2257159E-02   0.2210271E-03
 67.00    66.00   67  0.7717370E+00   0.8913597E-03   0.2337996E-03
 68.00    66.00   67  0.7706305E+00   0.5619755E-03   0.2360266E-03
 69.00    66.00   67  0.7708077E+00   0.4080916E-03   0.2359300E-03
 70.00    66.00   67  0.7582584E+00   0.1798496E-02   0.2444637E-03
 66.00    67.00   67  0.9816960E+00   0.3806959E+01   0.4784868E-04
 67.00    67.00   67  0.8119563E+00   0.1530048E+00   0.2068208E-03
 68.00    67.00   67  0.7897269E+00   0.1389092E-01   0.2227725E-03
 69.00    67.00   67  0.8198450E+00   0.1607505E-02   0.2010201E-03
 70.00    67.00   67  0.8335047E+00   0.3708228E-02   0.1907862E-03
 68.00    68.00   67  0.7508954E+00   0.2034896E+00   0.2494027E-03
 69.00    68.00   67  0.7662212E+00   0.1510170E-01   0.2390663E-03
 70.00    68.00   67  0.7530826E+00   0.1994946E-01   0.2479407E-03
 71.00    68.00   67  0.7500000E+00   0.1053822E+02   0.2500000E-03
 69.00    69.00   67  0.7500000E+00   0.7343640E-01   0.2500000E-03
 70.00    69.00   67  0.7500001E+00   0.2976951E-01   0.2500000E-03
 71.00    69.00   67  0.7500000E+00   0.1384791E+01   0.2500000E-03
